console,gameId,gameTitle,md5,romName,labels,patchUrl,region,romFile,romSize
Game Boy Advance,668,Pokémon Emerald Version,605b89b67018abcea91e693a4dd25be3,"Pokemon - Emerald Version (USA, Europe).gba",nointro,,usa,"Pokemon - Emerald Version (USA, Europe).zip",6976143
Game Boy Advance,534,Metroid: Zero Mission,ebbce58109988b6da61ebb06c7a432d5,Metroid - Zero Mission (USA).gba,nointro,,usa,Metroid - Zero Mission (USA).zip,5233426
Game Boy Advance,510,Castlevania: Aria of Sorrow,e7470df4d241f73060d14437011b90ce,Castlevania - Aria of Sorrow (USA).gba,nointro,,usa,Castlevania - Aria of Sorrow (USA).zip,4385457
Game Boy Advance,515,Pokémon FireRed Version,e26ee0d44e809351c8ce2d73c7400cdd,"Pokemon - FireRed Version (USA, Europe).gba",nointro,,usa,Pokemon_Fire_Red.zip,5324363
Game Boy Advance,559,The Legend of Zelda: The Minish Cap,a104896da0047abe8bee2a6e3f4c7290,"Legend of Zelda, The - The Minish Cap (USA).gba",nointro,,usa,"Legend of Zelda, The - The Minish Cap (USA).zip",7579411
Game Boy Advance,770,Kirby: Nightmare in Dream Land,35ae64b0f27e60107c14ab956f6cdf70,Kirby - Nightmare in Dream Land (USA).gba,nointro,,usa,Kirby - Nightmare in Dream Land (USA).zip,4712419
Game Boy Advance,802,"WarioWare, Inc.: Mega Microgame$!",a2d26dc774cec9a0b47388a5dd727b03,"WarioWare, Inc. - Mega Microgame$! (USA).gba",nointro,,usa,"WarioWare, Inc. - Mega Microgame$! (USA).zip",4955189
Game Boy Advance,793,Sonic Advance,49ecc8ef1988e7ae81fbda1b4cf71eed,"Sonic Advance (USA) (En,Ja).gba",nointro,,usa,"Sonic Advance (USA) (En,Ja).zip",2759774
Game Boy Advance,771,Mario & Luigi: Superstar Saga,4b1a5897d89d9e74ec7f630eefdfd435,Mario & Luigi - Superstar Saga (USA).gba,nointro,,usa,Mario & Luigi - Superstar Saga (USA).zip,6916473
Game Boy Advance,745,Castlevania: Circle of the Moon,50a1089600603a94e15ecf287f8d5a1f,Castlevania - Circle of the Moon (USA).gba,nointro,,usa,Castlevania - Circle of the Moon (USA).zip,3948275
Game Boy Advance,789,Pokémon Pinball: Ruby & Sapphire,ba6d0fbff297b8937d3c8e7f2c25fa0f,Pokemon Pinball - Ruby & Sapphire (USA).gba,nointro,,usa,Pokemon Pinball - Ruby & Sapphire (USA).zip,2597795
Game Boy Advance,769,Kirby & The Amazing Mirror,df5efe075b35859529ebf82a4d824458,Kirby & The Amazing Mirror (USA).gba,nointro,,usa,Kirby & The Amazing Mirror (USA).zip,6079868
Game Boy Advance,580,The Legend of Zelda: A Link to the Past & Four Swords,3287ca66e5cc285a9fe3a922051e84c6,"Legend of Zelda, The - A Link to the Past & Four Swords (USA).gba",nointro,,usa,"Legend of Zelda, The - A Link to the Past & Four Swords (USA).zip",3446961
Game Boy Advance,767,Golden Sun,1cdd7f33c9a27061201e1d1ce029a700,"Golden Sun (USA, Europe).gba",nointro,,usa,"Golden Sun (USA, Europe).zip",7174195
Game Boy Advance,526,Crash Bandicoot: The Huge Adventure,32d74527bfe723470c2c5406c325fb59,Crash Bandicoot - The Huge Adventure (USA).gba,nointro,,usa,Crash_Bandicoot__The_Huge_Adventure.zip,4452331
Game Boy Advance,782,Mega Man Zero,b24a17d080a01a404cbf018ba42b9803,"Mega Man Zero (USA, Europe).gba",nointro,,usa,"Mega Man Zero (USA, Europe).zip",3674897
Game Boy Advance,677,Mother 3,af8b0b175f7ec8914cb87b3161ba1aaa,Mother 3 (Japan).gba,nointro,,japan,Mother 3 (Japan).zip,15449059
Game Boy Advance,5068,Alien Hominid,18ef4ec828a4bf14b6fd241230bb349a,"Alien Hominid (Europe) (En,Fr,De,Es,It).gba",nointro,,europe,"Alien Hominid (Europe) (En,Fr,De,Es,It).zip",2553542
Game Boy Advance,750,Donkey Kong Country,b3806462180cda73d1f8f48d72236394,Donkey Kong Country (USA).gba,nointro,,usa,Donkey_Kong_Country.zip,5642914
Game Boy Advance,2816,Pokémon Mystery Dungeon: Red Rescue Team,2100cf6f17e12cd34f1513647dfa506b,"Pokemon Mystery Dungeon - Red Rescue Team (USA, Australia).gba",nointro,,usa,"Pokemon Mystery Dungeon - Red Rescue Team (USA, Australia).zip",11379442
Game Boy Advance,2445,Mario Pinball Land,08c41541eb69a1d652937ed3f88824be,"Mario Pinball Land (USA, Australia).gba",nointro,,usa,"Mario Pinball Land (USA, Australia).zip",5129533
Game Boy Advance,554,Fire Emblem: The Blazing Blade,f1a1b9742fcd467a531dd4314c4e7d19,"Fire Emblem (USA, Australia).gba",nointro,,usa,"Fire Emblem (USA, Australia).zip",11413206
Game Boy Advance,790,Pokémon Ruby Version,3e1b2065b3837c14ffbd03fe205fdfd7,"Pokemon - Ruby Version (USA, Europe) (Rev 2).gba",nointro,,usa,"Pokemon - Ruby Version (USA, Europe) (Rev 2).zip",4935028
Game Boy Advance,1376,Dragon Ball: Advanced Adventure,cb14df09ea41694532a9327510bb28c1,"Dragon Ball - Advanced Adventure (Europe) (En,Fr,De,Es,It).gba",nointro,,europe,"Dragon Ball - Advanced Adventure (Europe) (En,Fr,De,Es,It).zip",5650859
Game Boy Advance,557,Sonic Advance 2,3fb865c5f142a8fc1f82105bfc6b8935,"Sonic Advance 2 (USA) (En,Ja,Fr,De,Es,It).gba",nointro,,usa,"Sonic Advance 2 (USA) (En,Ja,Fr,De,Es,It).zip",4525307
Game Boy Advance,505,Super Mario Advance,ff6b0c48065389b888c7a78731d4b58d,"Super Mario Advance (USA, Europe).gba",nointro,,usa,"Super Mario Advance (USA, Europe).zip",2158269
Game Boy Advance,762,Final Fantasy I & II: Dawn of Souls,5d29999685413c4d2bec10d3160f6ee6,Final Fantasy I & II - Dawn of Souls (USA).gba,nointro,,usa,Final Fantasy I & II - Dawn of Souls (USA).zip,10526808
Game Boy Advance,794,Sonic Advance 3,e0533faf6aa36e3111669574f1c5df92,"Sonic Advance 3 (USA) (En,Ja,Fr,De,Es,It).gba",nointro,,usa,"Sonic Advance 3 (USA) (En,Ja,Fr,De,Es,It).zip",4417747
Game Boy Advance,758,Dragon Ball Z: The Legacy of Goku,3100fc5a4427a7b0cc20b861134e60f2,Dragon Ball Z - The Legacy of Goku (USA).gba,nointro,,usa,Dragon_Ball_Z__The_Legacy_of_Goku.zip,4695890
Game Boy Advance,791,Pokémon Sapphire Version,9bc2b765ca6997175fac51e6cdc29089,"Pokemon - Sapphire Version (USA, Europe) (Rev 2).gba",nointro,,usa,"Pokemon - Sapphire Version (USA, Europe) (Rev 2).zip",4935398
Game Boy Advance,519,Final Fantasy Tactics Advance,6ea5fc0e4b56a232ac3cbdab4b4a6bcd,"Final Fantasy Tactics Advance (Europe) (En,Fr,De,Es,It).gba",nointro,,europe,"Final Fantasy Tactics Advance (USA, Australia).zip",7308220
Game Boy Advance,5081,Aladdin,4bda2a3e0249dfd09330dabc3aa20978,"Aladdin (USA) (En,Fr,De,Es).gba",nointro,,usa,Aladdin_GBA.zip,2418087
Game Boy Advance,4033,Rhythm Tengoku,5b2d4704ce570d89ae956025bd1036db,Rhythm Tengoku (Japan) (Rev 1).gba,nointro,,japan,Rhythm_Tengoku.zip,7990379
Game Boy Advance,2171,Mario Tennis: Power Tour,928c0bd4cf82b3fd6f34b53d4fd02e69,"Mario Tennis - Power Tour (USA, Australia) (En,Fr,De,Es,It).gba",nointro,,usa,"Mario Tennis - Power Tour (USA, Australia) (En,Fr,De,Es,It).zip",12055434
Game Boy Advance,528,Doom,a4078f38dbb47ab22a9c74b725f3e481,"Doom (USA, Europe).gba",nointro,,usa,DOOM.zip,3148694
Game Boy Advance,514,Metal Slug Advance,6838eb5df807a0f3299ad76066d59d26,Metal Slug Advance (USA).gba,nointro,,usa,Metal Slug Advance (USA).zip,3854567
Game Boy Advance,2188,Sonic Battle,100579ef01225c620560f88e65ca423a,"Sonic Battle (USA) (En,Ja,Fr,De,Es,It).gba",nointro,,usa,"Sonic Battle (USA) (En,Ja,Fr,De,Es,It).zip",5798570
Game Boy Advance,5077,Gunstar Super Heroes,a5b75829debc9262b08076a94c8473eb,Gunstar Super Heroes (USA).gba,nointro,,usa,Gunstar Super Heroes (USA).zip,5180983
Game Boy Advance,759,Dragon Ball Z: The Legacy of Goku II,4e1565aa1f0627c2bf5e51019440cb70,Dragon Ball Z - The Legacy of Goku II (USA).gba,nointro,,usa,Dragon Ball Z - The Legacy of Goku II (USA).zip,6527544
Game Boy Advance,3706,Final Fight One,c6af74aeeabfd6d7ee2875e355f49af2,Final Fight One (USA).gba,nointro,,usa,Final Fight One (USA).zip,2459701
Game Boy Advance,760,Drill Dozer,14dab12e795098988d46b96885170538,Drill Dozer (USA).gba,nointro,,usa,Drill Dozer (USA).zip,3045746
Game Boy Advance,4206,Sword of Mana,c7e5d28e7c430454aeff766961095561,"Sword of Mana (USA, Australia).gba",nointro,,usa,"Sword of Mana (USA, Australia).zip",8551331
Game Boy Advance,2588,Summon Night: Swordcraft Story,abfa372f860d0f10037bf28cc78de409,Summon Night - Swordcraft Story (USA).gba,nointro,,usa,Summon Night - Swordcraft Story (USA).zip,5326324
Game Boy Advance,533,Mario Kart: Super Circuit,784a036ff1aae709e90167186639b75e,Mario Kart - Super Circuit (USA).gba,nointro,,usa,Mario Kart - Super Circuit (USA).zip,2168997
Game Boy Advance,1416,Grand Theft Auto Advance,2c8ef9cce9f46b55247468ea449aeade,Grand Theft Auto (USA).gba,nointro,,usa,Grand_Theft_Auto_Advance.zip,5928202
Game Boy Advance,5255,Sonic Pinball Party,de40b1738a7c670ca28ddf44bb908df6,"Sonic Pinball Party (USA) (En,Ja,Fr,De,Es,It).gba",nointro,,usa,"Sonic Pinball Party (USA) (En,Ja,Fr,De,Es,It).zip",3636426
Game Boy Advance,5234,Super Mario Advance 3: Yoshi's Island,bb09508c782f37934c9519c5f8a7350c,Super Mario Advance 3 - Yoshi's Island (USA).gba,nointro,,usa,Super Mario Advance 3 - Yoshi's Island (USA).zip,2597514
Game Boy Advance,787,Naruto: Ninja Council,dffc7306234751e18b163fbf3e925f1b,Naruto - Ninja Council (USA).gba,nointro,,usa,Naruto - Ninja Council (USA).zip,2355388
Game Boy Advance,764,Final Fantasy V: Advance,9ed82843cc54876362be56faccb15d75,Final Fantasy V Advance (USA).gba,nointro,,usa,Final Fantasy V Advance (USA).zip,5065262
Game Boy Advance,5004,Yu-Gi-Oh! The Eternal Duelist Soul,ec3f000ffde5754cb164a05d2d6f9053,Yu-Gi-Oh! - The Eternal Duelist Soul (USA).gba,nointro,,usa,Yu-Gi-Oh! - The Eternal Duelist Soul (USA).zip,5282793
Game Boy Advance,16209,~Homebrew~ Celeste Classic,9bcd687293600451abdd0f181b2427e8,Celeste Classic (World) (v1.2) (Aftermarket) (Unl).gba,nointro|github,,world,Celeste.Classic.v1.2.Homebrew.zip,891998
Game Boy Advance,5719,LEGO Star Wars: The Video Game,caa2d80d5c14a76d1f482f7589281c22,"LEGO Star Wars - The Video Game (USA, Europe) (En,Fr,De,Es,It,Nl,Da).gba",nointro,,usa,"LEGO Star Wars - The Video Game (USA, Europe) (En,Fr,De,Es,It,Nl,Da).zip",12873358
Game Boy Advance,5127,Crash Nitro Kart,9e6ff628db81caa74dca356eaadadac9,Crash Nitro Kart (USA).gba,nointro,,usa,Crash Nitro Kart (USA).zip,4119735
Game Boy Advance,2482,Fire Emblem: The Sacred Stones,8f0dad780f01ce002331693f4733f27e,"Fire Emblem - The Sacred Stones (Europe) (En,Fr,De,Es,It).gba",nointro,,europe,"Fire Emblem - The Sacred Stones (USA, Australia).zip",13816469
Game Boy Advance,748,Classic NES Series: The Legend of Zelda,588203bd9de678a55a9f1707931302f2,"Classic NES Series - The Legend of Zelda (USA, Europe).gba",nointro|deprecated,,usa,The_Legend_of_Zelda.zip,4151779
Game Boy Advance,27584,~Homebrew~ Goodboy Galaxy,4cbe14d525a54f745523a6fb45f81aef,"Goodboy Galaxy (World) (En,Ja,Fr,De,Es,Pt-BR,Zh,Ar) (v1.2) (itch.io).gba",nointro|homebrew|itchio,,world,Goodboy Galaxy (USA).zip,9935820
Game Boy Advance,754,Dragon Ball Z: Buu's Fury,3a74fce97f1ea2b28c2a50ec3df0acee,Dragon Ball Z - Buu's Fury (USA).gba,nointro,,usa,Dragon_Ball_Z__Buu’s_Fury.zip,6139671
Game Boy Advance,9848,Action Man: Robot Atak,d4fecd09b810dba8a76c5766e713e49f,"Action Man - Robot Atak (Europe) (En,Fr,De,Es,It).gba",nointro,,europe,"Action Man - Robot Atak (Europe) (En,Fr,De,Es,It).zip",2986642
Game Boy Advance,801,WarioWare: Twisted!,89579f4dfe1ed24a7cd16a6a61a72a17,"WarioWare - Twisted! (USA, Australia).gba",nointro,,usa,WarioWare - Twisted! (USA).zip,10173158
Game Boy Advance,9957,The Pinball of the Dead,627b22d7e3c4dbce8191c7765c58e17a,"Pinball of the Dead, The (USA).gba",nointro,,usa,"Pinball of the Dead, The (USA).zip",4224699
Game Boy Advance,4106,Rayman Advance,616f80f482ade86d88021b41587aa600,"Rayman Advance (USA) (En,Fr,De,Es,It).gba",nointro,,usa,"Rayman Advance (USA) (En,Fr,De,Es,It).zip",3706792
Game Boy Advance,2138,Double Dragon Advance,9f738e440d5a6ebbe5e5dcf8b727bbb3,Double Dragon Advance (USA).gba,nointro,,usa,Double Dragon Advance (USA).zip,1864757
Game Boy Advance,529,Mario vs. Donkey Kong,a3dca1a3167cb855aacdca650c4ce39f,"Mario vs. Donkey Kong (Europe) (En,Fr,De,Es,It).gba",nointro,,europe,"Mario vs. Donkey Kong (Europe) (En,Fr,De,Es,It).zip",6841679
Game Boy Advance,6946,Bookworm,c64b677831500e85222d85c70e2d23b6,Bookworm (USA).gba,nointro,,usa,Bookworm (USA).zip,1850456
Game Boy Advance,5117,Yu-Gi-Oh! The Sacred Cards,0a7c58069d5390165482e88a22158bd2,Yu-Gi-Oh! - The Sacred Cards (USA).gba,nointro,,usa,Yu-Gi-Oh!_–_The_Sacred_Cards.zip,9918211
Game Boy Advance,752,Donkey Kong Country 3,f577a97d679e669f8063910eb060e864,Donkey Kong Country 3 (USA).gba,nointro,,usa,DONKEY_KONG_COUNTRY_3.zip,11805789
Game Boy Advance,4970,Dr. Mario & Puzzle League,279297081bab92bdc469f3b9127ab4fc,2 Games in One! - Dr. Mario + Puzzle League (USA).gba,nointro,,usa,"2 Games in One! - Dr. Mario + Puzzle League (USA, Australia).zip",2331234
Game Boy Advance,2592,Golden Sun: The Lost Age,8efe8b2aaed97149e897570cd123ff6e,"Golden Sun - The Lost Age (USA, Europe).gba",nointro,,usa,"Golden Sun - The Lost Age (USA, Europe).zip",13085552
Game Boy Advance,3700,Who Wants to Be a Millionaire,204f81fba1f395db9e7966039ef48840,Who Wants to Be a Millionaire (Europe).gba,nointro,,europe,Who Wants to Be a Millionaire (Europe).zip,3048604
Game Boy Advance,12748,~Prototype~ Resident Evil 2,e9385f1a0876c563dc42a0ee9c8700ce,Resident Evil 2 (Unknown) (Proto).gba,nointro,,unknown,Resident Evil 2 (Unknown) (Proto).zip,1587589
Game Boy Advance,784,Mega Man Zero 4,0d1e88bdb09ff68adf9877a121325f9c,Mega Man Zero 4 (USA).gba,nointro,,usa,Mega Man Zero 4 (USA).zip,10270870
Game Boy Advance,548,Naruto: Ninja Council 2,60eca5e9057972a76361158cc7ab31b8,Naruto - Ninja Council 2 (USA).gba,nointro,,usa,Naruto - Ninja Council 2 (USA).zip,3815664
Game Boy Advance,783,Mega Man Zero 2,182363b0698322e1864ced6e9eed7ead,Mega Man Zero 2 (USA).gba,nointro,,usa,Mega Man Zero 2 (USA).zip,4408482
Game Boy Advance,4703,Shining Soul,d9b338efe2c15f9493ca0b28714a679b,Shining Soul (USA).gba,nointro,,usa,Shining_Soul.zip,2968411
Game Boy Advance,5520,Pac-Man Collection,ed4304cc4f5bac34adfaa750316784a8,Pac-Man Collection (USA).gba,nointro,,usa,Pac-Man Collection (USA).zip,2717615
Game Boy Advance,5987,Hamtaro: Ham-Ham Heartbreak,42cca53c94c0bb8e5146631945bf0cd9,Hamtaro - Ham-Ham Heartbreak (USA).gba,nointro,,usa,Hamtaro__Ham_Ham_Heartbreak.zip,4480706
Game Boy Advance,5080,Tim Burton's The Nightmare Before Christmas: The Pumpkin King,2de53bf040953ad79cc8135c37b47aa0,"Tim Burton's The Nightmare Before Christmas - The Pumpkin King (USA, Europe) (En,Fr,De,Es,It).gba",nointro,,usa,"Tim Burton's The Nightmare Before Christmas - The Pumpkin King (USA, Europe) (En,Fr,De,Es,It).zip",4611759
Game Boy Advance,4879,Fire Emblem: Fuuin no Tsurugi,8643fe7632d4895dcaaca230475e70fb,Fire Emblem - Fuuin no Tsurugi (Japan).gba,nointro,,japan,Fire Emblem - Fuuin no Tsurugi (Japan).zip,5732478
Game Boy Advance,532,Mario Golf: Advance Tour,2e8814e664675572a43b01900bbbb16b,Mario Golf - Advance Tour (USA).gba,nointro,,usa,Mario Golf - Advance Tour (USA).zip,12058408
Game Boy Advance,7128,Elf: The Movie,1fe0aa775a55230c0cf8236f4376dbe9,"Elf - The Movie (USA) (En,Fr,De,Es,It).gba",nointro,,usa,"Elf - The Movie (USA) (En,Fr,De,Es,It).zip",1839189
Game Boy Advance,572,Magical Quest 3 Starring Mickey & Donald,47fe0fe1ee054ac37e286fb909e49be0,"Magical Quest 3 Starring Mickey & Donald (USA) (En,Fr,De).gba",nointro,,usa,"Magical Quest 3 Starring Mickey & Donald (USA) (En,Fr,De).zip",2478415
Game Boy Advance,5312,The King of Fighters EX2: Howling Blood,6be741eea41598baeed52e4dd7ddb9f5,"King of Fighters EX 2, The - Howling Blood (USA).gba",nointro,,usa,The_King_of_Fighters_EX2__Howling_Blood.zip,5752469
Game Boy Advance,625,Mega Man Zero 3,aa1d5eeffcd5e4577db9ee6d9b1100f9,Megaman Zero 3 (USA).gba,nointro,,usa,Mega Man Zero 3 (USA).zip,4835953
Game Boy Advance,2412,Yu-Gi-Oh! Worldwide Edition: Stairway to the Destined Duel,1e52d66f5f8a7c4f207d80ba4fccf55e,"Yu-Gi-Oh! - Worldwide Edition - Stairway to the Destined Duel (USA) (En,Ja,Fr,De,Es,It).gba",nointro,,usa,Yu-Gi-Oh!_Worldwide_Edition__Stairway_to_the_Destined_Duel.zip,6672840
Game Boy Advance,509,Bomberman Tournament,79aef9bbe1378adfbd688cd66e11a7be,"Bomberman Tournament (USA, Europe).gba",nointro,,usa,"Bomberman Tournament (USA, Europe).zip",2483395
Game Boy Advance,4201,Harry Potter and the Sorcerer's Stone,4eaac54bc741daae77975b004376174f,"Harry Potter and the Sorcerer's Stone (USA, Europe) (En,Fr,De,Es,It,Nl,Pt,Sv,No,Da).gba",nointro,,usa,"Harry Potter and the Sorcerer's Stone (USA, Europe) (En,Fr,De,Es,It,Nl,Pt,Sv,No,Da).zip",5657393
Game Boy Advance,2543,Konami Krazy Racers,c1d1bb9da3a5566a34a92dac25e6bc04,Konami Krazy Racers (USA).gba,nointro,,usa,Konami Krazy Racers (USA).zip,1758633
Game Boy Advance,4872,Breath of Fire,17a32cfa3d0a5c74f914281ef55c75cd,Breath of Fire (USA).gba,nointro,,usa,Breath_of_Fire.zip,1795873
Game Boy Advance,4853,Harvest Moon: Friends of Mineral Town,80355c831a7a25b0f70dc021ebd344f1,Harvest Moon - Friends of Mineral Town (USA).gba,nointro,,usa,Harvest Moon - Friends of Mineral Town (USA).zip,3534802
Game Boy Advance,6184,The Sims: Bustin' Out,e429ce307fe06dbcd7724552ff0339d7,"Sims, The - Bustin' Out (USA, Europe) (En,Fr,De,Es,It,Nl).gba",nointro,,usa,"Sims, The - Bustin' Out (USA, Europe) (En,Fr,De,Es,It,Nl).zip",10974006
Game Boy Advance,763,Final Fantasy IV: Advance,c74dd5cc3ab6e5d4ac53b1677e1abd69,Final Fantasy IV Advance (USA).gba,nointro,,usa,Final Fantasy IV Advance (USA).zip,4755961
Game Boy Advance,766,Game & Watch Gallery 4,89bd27cd7228736d9c00461abd20c208,Game & Watch Gallery 4 (USA).gba,nointro,,usa,Game & Watch Gallery 4 (USA).zip,2694079
Game Boy Advance,7274,Pac-Man Pinball Advance,4d7b955b9c19b13d1d776e35ce007f78,Pac-Man Pinball Advance (USA).gba,nointro,,usa,Pac-Man Pinball Advance (USA).zip,2265403
Game Boy Advance,4203,Spyro: Season of Ice,76aad0726be3ac24f3c5a7a8e64379d3,Spyro - Season of Ice (USA).gba,nointro,,usa,Spyro - Season of Ice (USA).zip,4075252
Game Boy Advance,4200,Harry Potter and the Prisoner of Azkaban,3fe499f2a6b141ec2959e2d109e3f321,"Harry Potter and the Prisoner of Azkaban (USA, Europe) (En,Fr,De,Es,It,Nl,Da).gba",nointro,,usa,"Harry Potter and the Prisoner of Azkaban (USA, Europe) (En,Fr,De,Es,It,Nl,Da).zip",12854010
Game Boy Advance,5093,Mario Party Advance,9D0D27345BF88DE8B025AA24D54D6BAD,Mario Party Advance (USA).gba,nointro,,usa,Mario Party Advance (USA).zip,6245599
Game Boy Advance,2598,One Piece,ce153a5ce176b608edd035e3b9a27dad,One Piece (USA).gba,nointro,,usa,One Piece (USA).zip,2533392
Game Boy Advance,527,Shaman King: Master of Spirits,1c92edbad07a372ee382d16cf624dc4b,Shaman King - Master of Spirits (USA).gba,nointro,,usa,Shaman King - Master of Spirits (USA).zip,6152734
Game Boy Advance,5030,Digimon Battle Spirit,a4e3e4754c7bd16e5e2a52ee83ab2be1,Digimon - Battle Spirit (USA).gba,nointro,,usa,Digimon_Battle_Spirit.zip,1228783
Game Boy Advance,5057,The Urbz: Sims in the City,0821eea9bf87804ec1d700ec458a04e5,"Urbz, The - Sims in the City (USA, Europe) (En,Fr,De,Es,It,Nl).gba",nointro,,usa,"Urbz, The - Sims in the City (USA, Europe) (En,Fr,De,Es,It,Nl).zip",25282810
Game Boy Advance,2531,Doom II,efefee9082a83fc6e49f87510746eac0,Doom II (USA).gba,nointro,,usa,Doom_II.zip,8799324
Game Boy Advance,2179,Mega Man & Bass,88792ae1fbc74f4a5425d0c6f0482023,Mega Man & Bass (USA).gba,nointro,,usa,Mega Man & Bass (USA).zip,4804355
Game Boy Advance,5114,Yu-Gi-Oh! World Championship Tournament 2004,8517049ce498d84530c953d6a8b3112e,"Yu-Gi-Oh! - World Championship Tournament 2004 (USA) (En,Ja,Fr,De,Es,It).gba",nointro,,usa,"Yu-Gi-Oh! - World Championship Tournament 2004 (USA) (En,Ja,Fr,De,Es,It).zip",8329588
Game Boy Advance,7159,The Polar Express,d325f3b46025ec8df4a3761cb529e7b8,"Polar Express, The (USA, Europe) (En,Fr,De,Es,It).gba",nointro,,usa,"Polar Express, The (USA, Europe) (En,Fr,De,Es,It).zip",2929260
Game Boy Advance,3681,Lady Sia,94b847814fee8e4e5d9fdbf1d3d25107,"Lady Sia (USA) (En,Fr,De,Es,It,Nl).gba",nointro,,usa,"Lady Sia (USA) (En,Fr,De,Es,It,Nl).zip",2786315
Game Boy Advance,503,Tetris Worlds,08aecb6882d9a73b2cac1316a5fbf31b,"Tetris Worlds (Europe) (En,Es,It).gba",nointro,,europe,"Tetris Worlds (Europe) (En,Es,It).zip",1703451
Game Boy Advance,18464,Classic NES Series: Metroid,5d9da9584ee479f0f096963ba713710e,"Classic NES Series - Metroid (USA, Europe).gba",nointro|deprecated,,usa,"Classic NES Series - Metroid (USA, Europe).zip",4074977
Game Boy Advance,3653,Klonoa: Empire of Dreams,31d227735fbc8220de9f1a93da10e199,Klonoa - Empire of Dreams (Europe).gba,nointro,,europe,Klonoa - Empire of Dreams (Europe).zip,2538467
Game Boy Advance,3618,Crash Bandicoot Purple: Ripto's Rampage,24ef180602e0658bbe38fabc5d09894c,Crash Bandicoot Purple - Ripto's Rampage (USA) (Rev 1).gba,nointro,,usa,Crash Bandicoot Purple - Ripto's Rampage (USA) (Rev 1).zip,7779573
Game Boy Advance,6818,Sonic the Hedgehog: Genesis,8105a6012737aac2907b27e4a05ad794,Sonic The Hedgehog - Genesis (USA).gba,nointro,,usa,Sonic the Hedgehog - Genesis (USA).zip,1143512
Game Boy Advance,22659,~Homebrew~ Sips,03a47a034c02e457fb6f8412b81ae56c,Sips (World) (Aftermarket) (Unl).gba,nointro,,world,Sips (World) (GBA WinterJam 2023) (Aftermarket) (Unl).zip,3183879
Game Boy Advance,2595,Mother 1+2,f41e36204356974c94fabf7d144dd32a,Mother 1+2 (Japan).gba,nointro,,japan,Mother 1+2 (Japan).zip,3985584
Game Boy Advance,5501,SpongeBob SquarePants: SuperSponge,c2bfa5c822f33eaed02ad2f94a0414b4,"SpongeBob SquarePants - SuperSponge (USA, Europe).gba",nointro,,usa,"SpongeBob SquarePants - SuperSponge (USA, Europe).zip",2024561
Game Boy Advance,6011,Mr. Driller 2,d7118be078b9a61284a99d3f1f7e972f,Mr. Driller 2 (USA).gba,nointro,,usa,Mr. Driller 2 (USA).zip,2294056
Game Boy Advance,2585,Super Street Fighter II Turbo Revival,7a36a7486ef2c534111ee417b8acf9b7,Super Street Fighter II Turbo - Revival (USA).gba,nointro,,usa,Super Street Fighter II Turbo - Revival (USA).zip,4993012
Game Boy Advance,4690,Iridion 3D,f88df40fedb9d31a6e59dba4a9be1b2a,"Iridion 3D (USA, Europe).gba",nointro,,usa,"Iridion 3D (USA, Europe).zip",2539069
Game Boy Advance,6161,Scurge: Hive,2cd38e2e2d2bbc3eeee2833b8667e962,"Scurge - Hive (USA) (En,Fr,Es).gba",nointro,,usa,"Scurge - Hive (USA) (En,Fr,Es)(1).zip",6073124
Game Boy Advance,5441,Baldur's Gate: Dark Alliance,13fd90ae7070ba25c2ce4223b8f51a1e,Baldur's Gate - Dark Alliance (USA).gba,nointro,,usa,Baldur's Gate - Dark Alliance (USA).zip,5678465
Game Boy Advance,7854,X-Men: Reign of Apocalypse,9457a51730ada0ea9ccdbaab51d93613,"X-Men - Reign of Apocalypse (USA, Europe).gba",nointro,,usa,"X-Men - Reign of Apocalypse (USA, Europe).zip",3797266
Game Boy Advance,2155,TMNT,3dac0a2fb322eebbdad45ecc1ec8a943,"TMNT (USA) (En,Fr,Es).gba",nointro,,usa,"TMNT (USA) (En,Fr,Es).zip",3667544
Game Boy Advance,6663,Star Wars - Episode III: Revenge of the Sith,6c44b49d69e6c0576197742f20250c40,"Star Wars - Episode III - Revenge of the Sith (USA) (En,Fr,Es).gba",nointro,,usa,"Star Wars - Episode III - Revenge of the Sith (USA) (En,Fr,Es).zip",3514602
Game Boy Advance,5179,Sigma Star Saga,29b048b4b36b3fda168850003f2ee844,"Sigma Star Saga (USA, Europe).gba",nointro,,usa,"Sigma Star Saga (USA, Europe).zip",3591031
Game Boy Advance,29837,Who Wants to Be a Millionaire: 2nd Edition,8e2766a5595c4916decf99b300583d16,Who Wants to Be a Millionaire - 2nd Edition (Europe).gba,nointro,,europe,Who Wants to Be a Millionaire - 2nd Edition (Europe).zip,3168339
Game Boy Advance,796,Spyro 2: Season of Flame,8d9fbf8bde7941ca97dcba7757d60e81,Spyro 2 - Season of Flame (USA).gba,nointro,,usa,Spyro 2 - Season of Flame (USA).zip,4588391
Game Boy Advance,5119,Tokyo Xtreme Racer Advance,51664a136b5c9383258e58b384a8d9a8,Tokyo Xtreme Racer Advance (USA).gba,nointro,,usa,Tokyo Xtreme Racer Advance (USA).zip,1423249
Game Boy Advance,2509,River City Ransom EX,0b95fb20b9f487eb64431e9db9f75c7f,River City Ransom EX (USA).gba,nointro,,usa,River City Ransom EX (USA).zip,1373876
Game Boy Advance,2540,The Simpsons: Road Rage,8f0fdaeda361783ee74abd980b418388,"Simpsons, The - Road Rage (USA, Europe).gba",nointro,,usa,"Simpsons, The - Road Rage (USA, Europe).zip",2616375
Game Boy Advance,5491,Digimon Battle Spirit 2,db4a8ed843dfb471622f37a8efb35111,"Digimon - Battle Spirit 2 (USA) (En,Fr,De,Es,It).gba",nointro,,usa,"Digimon - Battle Spirit 2 (USA) (En,Fr,De,Es,It).zip",1543273
Game Boy Advance,2506,Teenage Mutant Ninja Turtles,dc4ea1eb92d51b8c18b58611ad652ccc,"Teenage Mutant Ninja Turtles (Europe) (En,Fr,De,Es,It).gba",nointro,,europe,"Teenage Mutant Ninja Turtles (Europe) (En,Fr,De,Es,It).zip",3948792
Game Boy Advance,5284,Spider-Man,6ea428eabf05d2c51ed21b5608c5db21,"Spider-Man (USA, Europe).gba",nointro,,usa,"Spider-Man (USA, Europe).zip",3662538
Game Boy Advance,4723,Medabots: Metabee Version,b186a9ba291a156c45640cb3c6b8a710,Medabots - Metabee (USA).gba,nointro,,usa,Medabots - Metabee (USA).zip,5741502
Game Boy Advance,7095,Shining Soul II,49aa688745111aaa51076a345f8f18c3,"Shining Soul II (Europe) (En,Fr,De,Es,It).gba",nointro,,europe,"Shining Soul II (Europe) (En,Fr,De,Es,It).zip",6651622
Game Boy Advance,7202,The Lord of the Rings: The Two Towers,e3bebb876bf45ca598800e3a90d6b2f0,"Lord of the Rings, The - The Two Towers (USA, Europe) (En,Fr,De,Es,It,Nl).gba",nointro,,usa,"Lord of the Rings, The - The Two Towers (USA, Europe) (En,Fr,De,Es,It,Nl).zip",12672564
Game Boy Advance,535,Super Puzzle Fighter II Turbo,622addba536f937a1c5b66dddb20c8b7,Super Puzzle Fighter II (Europe).gba,nointro,,europe,Super Puzzle Fighter II (Europe).zip,4464740
Game Boy Advance,4204,Spyro: Attack of the Rhynocs,4a15b07b4dc292e9003c377c55372287,Spyro - Attack of the Rhynocs (USA).gba,nointro,,usa,Spyro - Attack of the Rhynocs (USA).zip,4096038
Game Boy Advance,8915,Dora the Explorer: Dora's World Adventure,81df4456e398f87e893c522810cc8cda,Dora the Explorer - Dora's World Adventure! (USA).gba,nointro,,usa,Dora the Explorer - Dora's World Adventure! (USA).zip,2034779
Game Boy Advance,5910,The Incredibles,97cc2aeb06142aedc38b672e90e04a11,"Incredibles, The (USA, Europe).gba",nointro,,usa,The_Incredibles.zip,5062424
Game Boy Advance,12963,3 Game Pack!: The Game of Life + Payday + Yahtzee,a40e7bbd268202da470950335a6793f5,3 Game Pack! - The Game of Life + Payday + Yahtzee (USA).gba,nointro,,usa,3 Game Pack! - The Game of Life + Payday + Yahtzee (USA).zip,1493886
Game Boy Advance,3701,Duke Nukem Advance,dfca43fb18b5ee86b3ecab2631862d6f,Duke Nukem Advance (USA).gba,nointro,,usa,Duke Nukem Advance (USA).zip,5133757
Game Boy Advance,5116,Yu-Gi-Oh! 7 Trials to Glory: World Championship Tournament 2005,27f9f0e73752cc2df3b73bc46048e8a2,"Yu-Gi-Oh! - 7 Trials to Glory - World Championship Tournament 2005 (USA) (En,Ja,Fr,De,Es,It).gba",nointro,,usa,"Yu-Gi-Oh! - 7 Trials to Glory - World Championship Tournament 2005 (USA) (En,Ja,Fr,De,Es,It).zip",9404253
Game Boy Advance,1420,Super Ghouls 'n Ghosts,37ff7a1de0322b72a6b41dea0ba53673,"Super Ghouls'n Ghosts (USA, Europe).gba",nointro,,usa,"Super Ghouls'n Ghosts (USA, Europe).zip",2302704
Game Boy Advance,9226,Wolfenstein 3D,d853b5ffa5ef88605a0823d3b4b2df08,"Wolfenstein 3D (USA, Europe).gba",nointro,,usa,"Wolfenstein 3D (USA, Europe).zip",2950396
Game Boy Advance,4197,Harry Potter and the Chamber of Secrets,b9b42f3e2d54921ee657bc027fa364b9,"Harry Potter and the Chamber of Secrets (USA, Europe) (En,Fr,De,Es,It,Nl,Pt,Sv,No,Da).gba",nointro,,usa,"Harry Potter and the Chamber of Secrets (USA, Europe) (En,Fr,De,Es,It,Nl,Pt,Sv,No,Da).zip",4379722
Game Boy Advance,6209,Guilty Gear X Advance Edition,509139bb43b0fa487056e6068c46ab70,Guilty Gear X - Advance Edition (USA).gba,nointro,,usa,Guilty Gear X - Advance Edition (USA).zip,3726323
Game Boy Advance,6407,Nicktoons: Battle for Volcano Island,07f3b7415eb3779ff11e51a38d0ad3f8,Nicktoons - Battle for Volcano Island (USA).gba,nointro,,usa,Nicktoons - Battle for Volcano Island (USA).zip,1738295
Game Boy Advance,4092,Shaman King: Master of Spirits 2,5af6a63f85fa386c7889695308dc32a4,Shaman King - Master of Spirits 2 (USA).gba,nointro,,usa,Shaman King - Master of Spirits 2 (USA).zip,6338513
Game Boy Advance,6289,Donald Duck Advance!,8384aa8735b5a036fdddb5da430cb25b,Donald Duck Advance (USA).gba,nointro,,usa,Donald Duck Advance (USA).zip,4286008
Game Boy Advance,5747,The Lost Vikings,36c04fe38ba46cff285b060907db94f6,"Lost Vikings, The (USA).gba",nointro,,usa,"Lost Vikings, The (USA).zip",2284698
Game Boy Advance,5720,LEGO Star Wars II: The Original Trilogy,bd64515fa58ec5052ce4d231e6241f23,LEGO Star Wars II - The Original Trilogy (USA).gba,nointro,,usa,LEGO Star Wars II - The Original Trilogy (USA).zip,13809660
Game Boy Advance,9301,Frogger's Adventures: Temple of the Frog,228cbf6936579b32b8cc6d7b092dad9c,"Frogger's Adventures - Temple of the Frog (USA) (En,Fr,De,Es,It).gba",nointro,,usa,"Frogger's Adventures - Temple of the Frog (USA) (En,Fr,De,Es,It).zip",1598669
Game Boy Advance,6950,Jet Grind Radio,ff50e8973adf12604ca70e15acb108db,Jet Grind Radio (USA).gba,nointro,,usa,Jet Grind Radio (USA).zip,4787311
Game Boy Advance,5029,Tactics Ogre: The Knight of Lodis,5d4f385e4e1cfa4a057d0ac828993906,Tactics Ogre - The Knight of Lodis (USA).gba,nointro,,usa,Tactics Ogre - The Knight of Lodis (USA).zip,4446179
Game Boy Advance,749,Classic NES Series: Zelda II: The Adventure of Link,9a18bdc223e591dad8d251e62f755d6e,"Classic NES Series - Zelda II - The Adventure of Link (USA, Europe).gba",nointro|deprecated,,usa,"Classic NES Series - Zelda II - The Adventure of Link (USA, Europe).zip",2231961
Game Boy Advance,7191,The Lord of the Rings: The Return of the King,53dcb149b4593fba9955f842889445b4,"Lord of the Rings, The - The Return of the King (USA, Europe) (En,Fr,De,Es,It).gba",nointro,,usa,"Lord of the Rings, The - The Return of the King (USA, Europe) (En,Fr,De,Es,It).zip",13271460
Game Boy Advance,2190,Yu-Gi-Oh! GX: Duel Academy,e1cc21ebf4c3be179738ebbf44f25308,Yu-Gi-Oh! GX - Duel Academy (Europe).gba,nointro,,europe,Yu-Gi-Oh! GX - Duel Academy (Europe).zip,22911959
Game Boy Advance,5564,Yu Yu Hakusho: Ghost Files - Tournament Tactics,acefebbe5fdf25ae83a386a6d1c09bca,"Yu Yu Hakusho - Ghostfiles - Tournament Tactics (USA, Europe).gba",nointro,,usa,"Yu Yu Hakusho - Ghostfiles - Tournament Tactics (USA, Europe).zip",3883059
Game Boy Advance,4707,Shining Force: Resurrection of the Dark Dragon,17a986af456ed994f556f23c330666a8,"Shining Force - Resurrection of the Dark Dragon (Europe) (En,Fr,De,Es,It).gba",nointro,,europe,"Shining Force - Resurrection of the Dark Dragon (Europe) (En,Fr,De,Es,It).zip",5567227
Game Boy Advance,7644,Avatar: The Last Airbender,ef9198e16c58c4824efae668da1e7040,"Avatar - The Legend of Aang (Europe) (En,Fr,De,Nl).gba",nointro,,europe,"Avatar - The Legend of Aang (Europe) (En,Fr,De,Nl).zip",3003358
Game Boy Advance,6141,Crash of the Titans,fdef312709444d6d901b8b7c619f5913,"Crash of the Titans (USA) (En,Fr).gba",nointro,,usa,Crash_of_the_Titans.zip,11014766
Game Boy Advance,774,Mega Man Battle Network 3: Blue Version,6fe31df0144759b34ad666badaacc442,Megaman - Battle Network 3 - Blue Version (USA).gba,nointro,,usa,Mega Man Battle Network 3 - Blue Version (USA).zip,4289557
Game Boy Advance,12786,Dora the Explorer: The Search for Pirate Pig's Treasure,e23047fcf278ca962b8e95690490cc1c,Dora the Explorer - The Search for the Pirate Pig's Treasure (USA).gba,nointro,,usa,Dora the Explorer - The Search for the Pirate Pig's Treasure (USA).zip,2606995
Game Boy Advance,6087,Pocky & Rocky with Becky,0f796b33898e0f7c3b001136e6a1c28b,Pocky & Rocky with Becky (USA).gba,nointro,,usa,Pocky & Rocky with Becky (USA).zip,2023970
Game Boy Advance,24054,SpongeBob's Atlantis SquarePantis,6cf0014cf59609e976d4a82b01db90be,SpongeBob's Atlantis SquarePantis (USA).gba,nointro,,usa,SpongeBob's Atlantis SquarePantis (USA).zip,2829168
Game Boy Advance,4738,The King of Fighters EX: Neo Blood,1266f7f9d73252d70b25ebfe966c9a2b,"King of Fighters EX, The - NeoBlood (USA).gba",nointro,,usa,"King of Fighters EX, The - NeoBlood (USA).zip",4334220
Game Boy Advance,4881,DemiKids: Dark Version,4a28daa8f0c619ad90ca97b3b941353d,DemiKids - Dark Version (USA).gba,nointro,,usa,DemiKids - Dark Version (USA).zip,5655608
Game Boy Advance,6620,Zooo: Action Puzzle Game,e0ec4f5cd24d2f7b93eac7f7d7b89398,"Zooo - Action Puzzle Game (Europe) (En,Fr,De,Es,It).gba",nointro,,europe,"Zooo (Europe) (En,Fr,De,Es,It).zip",4779431
Game Boy Advance,6772,Scooby-Doo! Unmasked,803ff345f4df60a7f00db44fd25730bc,"Scooby-Doo! - Unmasked (USA) (En,Fr).gba",nointro,,usa,"Scooby-Doo! - Unmasked (USA) (En,Fr).zip",3917657
Game Boy Advance,761,Earthworm Jim,54a50dbaea5a9154cc820f3fc13a34bb,"Earthworm Jim (USA, Europe).gba",nointro,,usa,"Earthworm Jim (USA, Europe).zip",2468829
Game Boy Advance,2589,Summon Night: Swordcraft Story 2,03eea2d57de9c16b5f10055e8e4e2893,Summon Night - Swordcraft Story 2 (USA).gba,nointro,,usa,Summon Night - Swordcraft Story 2 (USA).zip,11339239
Game Boy Advance,6759,Denki Blocks!,8b7a6c21e2619dbfb5064c76d074f582,"Denki Blocks! (USA) (En,Es).gba",nointro,,usa,"Denki Blocks! (USA) (En,Es).zip",1121700
Game Boy Advance,2172,Mortal Kombat: Deadly Alliance,8e066c35a484308421c3eebcc45ec329,"Mortal Kombat - Deadly Alliance (Europe) (En,Fr,De,Es,It).gba",nointro,,europe,"Mortal Kombat - Deadly Alliance (Europe) (En,Fr,De,Es,It)(1).zip",11566112
Game Boy Advance,4909,Mega Man Battle Chip Challenge,d996f6cbb36eb15063b290d8f00ad654,Megaman - Battle Chip Challenge (USA).gba,nointro,,usa,Mega Man Battle Chip Challenge (USA).zip,2475300
Game Boy Color,5371,The Legend of Zelda: Link's Awakening DX,07c211479386825042efb4ad31bb525f,"Legend of Zelda, The - Link's Awakening DX (USA, Europe) (SGB Enhanced) (GB Compatible).gbc",nointro,,usa,"Legend of Zelda, The - Link's Awakening DX (USA, Europe) (SGB Enhanced) (GB Compatible).zip",496679
Game Boy Color,810,Pokémon Crystal Version,301899b8087289a6436b0a241fbbb474,"Pokemon - Crystal Version (USA, Europe) (Rev 1).gbc",nointro,,usa,"Pokemon - Crystal Version (USA, Europe) (Rev 1).zip",1029939
Game Boy Color,4939,Tetris DX,65973d7a1446346294f8ca9d2d1b7e66,Tetris DX (World) (SGB Enhanced) (GB Compatible).gbc,nointro,,world,Tetris DX (World) (SGB Enhanced) (GB Compatible).zip,107377
Game Boy Color,725,Pokémon Pinball,fbe20570c2e52c937a9395024069ba3c,"Pokemon Pinball (USA, Australia) (Rumble Version) (SGB Enhanced) (GB Compatible).gbc",nointro,,usa,"Pokemon Pinball (USA, Australia) (Rumble Version) (SGB Enhanced) (GB Compatible).zip",315157
Game Boy Color,676,The Legend of Zelda: Oracle of Seasons,f2dc6c4e093e4f8c6cbea80e8dbd62cb,"Legend of Zelda, The - Oracle of Seasons (USA, Australia).gbc",nointro,,usa,"Legend of Zelda, The - Oracle of Seasons (USA, Australia).zip",674439
Game Boy Color,727,Pokémon Trading Card Game,219b2cc64e5a052003015d4bd4c622cd,"Pokemon Trading Card Game (USA, Australia) (SGB Enhanced) (GB Compatible).gbc",nointro,,usa,"Pokemon Trading Card Game (USA, Australia) (SGB Enhanced) (GB Compatible).zip",468526
Game Boy Color,520,Metal Gear Solid: Ghost Babel,f6dd1b1e5747412b9e5f25376c972d5a,Metal Gear Solid (USA).gbc,nointro,,usa,Metal Gear Solid (USA).zip,871258
Game Boy Color,14221,Wario Land II,b7598a51e0acc0d74ca8f464826371ed,"Wario Land II (USA, Europe) (SGB Enhanced) (GB Compatible).gbc",nointro,,usa,"Wario Land II (USA, Europe) (SGB Enhanced) (GB Compatible).zip",530596
Game Boy Color,722,Pokémon Silver Version,2ac166169354e84d0e2d7cf4cb40b312,"Pokemon - Silver Version (USA, Europe) (SGB Enhanced) (GB Compatible).gbc",nointro,,usa,"Pokemon - Silver Version (USA, Europe) (SGB Enhanced) (GB Compatible).zip",748101
Game Boy Color,3818,Dragon Quest I & II,c3987a4d734c37b7d8324f654a45de70,Dragon Warrior I & II (USA) (SGB Enhanced) (GB Compatible).gbc,nointro,,usa,Dragon Warrior I & II (USA) (SGB Enhanced) (GB Compatible).zip,513493
Game Boy Color,713,Mega Man Xtreme,4681f5b931a2e60ca163facd1adf56ed,"Mega Man Xtreme (USA, Europe) (GB Compatible).gbc",nointro,,usa,"Mega Man Xtreme (USA, Europe) (GB Compatible).zip",505951
Game Boy Color,5062,1942,a31652b6d1e7fc647c4af7b9dfe05ff5,"1942 (USA, Europe).gbc",nointro,,usa,1942 (USA).zip,59868
Game Boy Color,726,Pokémon Puzzle Challenge,f9ec4cc3c9df3887dc731ccf53663ffb,"Pokemon Puzzle Challenge (USA, Australia).gbc",nointro,,usa,"Pokemon Puzzle Challenge (USA, Australia).zip",678718
Game Boy Color,741,Wario Land 3,16bb3fb83e8cbbf2c4c510b9f50cf4ee,"Wario Land 3 (World) (En,Ja).gbc",nointro,,world,"Wario Land 3 (World) (En,Ja).zip",641019
Game Boy Color,4129,Frogger,7f1830171eec29ac72ae976d4dfdfc65,Frogger (USA) (Rev 2) (GB Compatible).gbc,nointro,,usa,Frogger (USA) (Rev B).zip,30432
Game Boy Color,1403,Mario Golf,83f791645ce282093a9d59c121ffc49d,Mario Golf (USA).gbc,nointro,,usa,Mario Golf (USA).zip,1090841
Game Boy Color,5043,Mario Tennis,50af67f7321d84bd052f0e793ee0613c,Mario Tennis (USA).gbc,nointro,,usa,Mario Tennis (USA).zip,794778
Game Boy Color,697,Dragon Quest III,b74b6132326bafcd75e415ddcd9a2932,Dragon Warrior III (USA).gbc,nointro,,usa,Dragon Warrior III (USA).zip,2006425
Game Boy Color,8569,Mr. Driller,76fa4014bfbb0ee2b63267af7ac373f2,Mr. Driller (USA).gbc,nointro,,usa,Mr. Driller (USA).zip,172801
Game Boy Color,7107,Bomberman Max: Blue Champion,c987f711dfb9cba8dc1174219877360f,Bomberman Max - Blue Champion (USA).gbc,nointro,,usa,Bomberman Max - Blue Champion (USA).zip,429123
Game Boy Color,16597,~Prototype~ Pokémon Picross,35d2e7924408a3460e5c1a770acf3a8a,Pokemon Picross (Japan) (Proto).gbc,nointro,,japan,Pokemon Picross (Japan) (Proto).zip,477224
Game Boy Color,2501,Astérix & Obélix,6efc4c27d06564f9000667c029ad02a3,"Asterix & Obelix (Europe) (En,Fr,De,Es).gbc",nointro,,europe,"Asterix & Obelix (Europe) (En,Fr,De,Es).zip",297711
Game Boy Color,3608,Dragon Quest Monsters,1ca6579359f21d8e27b446f865bf6b83,"Dragon Warrior Monsters (USA, Europe) (SGB Enhanced) (GB Compatible).gbc",nointro,,usa,"Dragon Warrior Monsters (USA, Europe) (SGB Enhanced) (GB Compatible).zip",789515
Game Boy Color,5185,10-Pin Bowling,6b055c6d12e477fbfd7bed1b495d56f7,10-Pin Bowling (USA) (Rumble Version).gbc,nointro,,usa,10-Pin Bowling (USA).zip,60610
Game Boy Color,3607,Street Fighter Alpha: Warriors' Dreams,db1aeaa7135bd5707dbbccc427808cd7,Street Fighter Alpha - Warriors' Dreams (USA).gbc,nointro,,usa,Street Fighter Alpha - Warriors' Dreams (USA).zip,534087
Game Boy Color,5133,Resident Evil: Gaiden,3c0c5fceebff4d9730875a9362d26aa1,Resident Evil Gaiden (USA).gbc,nointro,,usa,Resident Evil Gaiden (USA).zip,709726
Game Boy Color,14165,Sesame Street: Elmo's ABCs,db9d9e20af969a2ee248ae9af42a5d36,Sesame Street - Elmo's ABCs (USA) (GB Compatible).gbc,nointro,,usa,Elmo's ABCs (USA).zip,51457
Game Boy Color,537,Rayman,b941941050fc32406eca4733926a3779,"Rayman (USA) (En,Fr,De,Es,It,Nl).gbc",nointro,,usa,"Rayman (USA) (En,Fr,De,Es,It,Nl).zip",1229674
Game Boy Color,9725,Wendy: Every Witch Way,4e1a5f02cce49842d4717a8b0ce501f5,"Wendy - Every Witch Way (USA, Europe).gbc",nointro,,usa,"Wendy - Every Witch Way (USA, Europe).zip",248335
Game Boy Color,4912,Mega Man Xtreme 2,1f64989765f605d05cbd013e7ffcc352,"Mega Man Xtreme 2 (USA, Europe).gbc",nointro,,usa,"Mega Man Xtreme 2 (USA, Europe).zip",540931
Game Boy Color,7687,Caterpillar Construction Zone,046af13647ed4777510aa86fcb753bf9,"Caterpillar Construction Zone (USA, Europe) (GB Compatible).gbc",nointro,,usa,"Caterpillar Construction Zone (USA, Europe).zip",478190
Game Boy Color,13427,Sesame Street: Elmo's 123s,f7e5f82ff68aa678b92e41159db34e90,Sesame Street - Elmo's 123s (USA) (GB Compatible).gbc,nointro,,usa,Elmo's 123s (USA).zip,56275
Game Boy Color,5065,Pac-Man: Special Color Edition,b81ddb7d86302384efe1675f75cc35f6,Pac-Man - Special Color Edition (USA) (SGB Enhanced) (GB Compatible).gbc,nointro,,usa,Pac-Man - Special Color Edition (USA) (SGB Enhanced) (GB Compatible).zip,69720
Game Boy Color,6385,Crystalis,f36a0ed25a601c039b1171d9daf241d6,Crystalis (USA).gbc,nointro,,usa,Crystalis (USA).zip,672980
Game Boy Color,4893,Conker's Pocket Tales,fee6336f969c9e72e9b78be53d512c1e,"Conker's Pocket Tales (USA, Europe) (En,Fr,De) (SGB Enhanced) (GB Compatible).gbc",nointro,,usa,"Conker's Pocket Tales (USA, Europe) (En,Fr,De) (SGB Enhanced) (GB Compatible).zip",902122
Game Boy Color,5021,Donkey Kong Country,7841066ac7182f036e85682a18ad8134,"Donkey Kong Country (USA, Europe) (En,Fr,De,Es,It) (Sample).gbc",nointro,,usa,"Donkey Kong Country (USA, Europe) (En,Fr,De,Es,It) (Sample).zip",1233070
Game Boy Color,4056,Legend of the River King GBC,b397066e3cad5ae33a31e4adfff0bff5,Legend of the River King GBC (USA) (SGB Enhanced) (GB Compatible).gbc,nointro,,usa,Legend of the River King GBC (USA) (SGB Enhanced) (GB Compatible).zip,312814
Game Boy Color,4933,Shadowgate Classic,9d79034c9b026f448f84f9898c6ccfd6,"Shadowgate Classic (USA, Europe) (En,Fr,De,Es,Sv) (GB Compatible).gbc",nointro,,usa,"Shadowgate Classic (USA, Europe) (En,Fr,De,Es,Sv).zip",364896
Game Boy Color,2818,Harry Potter and the Chamber of Secrets,bc60280596bce42d050b764b647dc39b,"Harry Potter and the Chamber of Secrets (USA, Europe) (En,Fr,De,Es,It,Nl,Pt,Sv,Da).gbc",nointro,,usa,"Harry Potter and the Chamber of Secrets (USA, Europe) (En,Fr,De,Es,It,Nl,Pt,Sv,Da).zip",2862925
Game Boy Color,5594,Dragon Ball Z: Legendary Super Warriors,ac46bc779e1e844674de1d4c13d06f96,Dragon Ball Z - Legendary Super Warriors (USA).gbc,nointro,,usa,Dragon Ball Z - Legendary Super Warriors (USA).zip,678171
Game Boy Color,4871,Centipede,6815ec13f522fd65637be46220371704,Centipede (USA) (GB Compatible).gbc,nointro,,usa,Centipede (USA).zip,48168
Game Boy Color,5067,Pong: The Next Level,0a3da06446d9a2c7e1ea8149c9026434,"Pong - The Next Level (USA, Europe).gbc",nointro,,usa,"Pong - The Next Level (USA, Europe).zip",67949
Game Boy Color,4126,WWF Betrayal,f270519e6357bc32fd07fc6386e14dec,"WWF Betrayal (USA, Europe).gbc",nointro,,usa,"WWF Betrayal (USA, Europe).zip",320953
Game Boy Color,4131,Sesame Street Sports,6814576ee449d4119027dc4a85b92555,Sesame Street Sports (USA).gbc,nointro,,usa,Sesame Street Sports (USA).zip,101589
Game Boy Color,4928,SpongeBob SquarePants: Legend of the Lost Spatula,4272d192cf2b14db93f1e2d1bc07aa74,"SpongeBob SquarePants - Legend of the Lost Spatula (USA, Europe).gbc",nointro,,usa,"SpongeBob SquarePants - Legend of the Lost Spatula (USA, Europe).zip",295399
Game Boy Color,1351,Scooby-Doo! Classic Creep Capers,117a9babae15960dc4de04ac44066ed2,"Scooby-Doo! - Classic Creep Capers (USA, Europe).gbc",nointro,,usa,"Scooby-Doo! - Classic Creep Capers (USA, Europe).zip",420170
Game Boy Color,4923,Survival Kids,07d4df7a1c93f5bef617e5a90b9edee2,Survival Kids (USA) (SGB Enhanced) (GB Compatible).gbc,nointro,,usa,Survival Kids (USA) (SGB Enhanced) (GB Compatible).zip,378898
Game Boy Color,11673,Microsoft: The Best of Entertainment Pack,81433716e1a23aefe5de0fc03ef55519,Microsoft - The Best of Entertainment Pack (USA).gbc,nointro,,usa,Microsoft - The Best of Entertainment Pack (USA).zip,116442
Game Boy Color,5151,Harvest Moon GBC,498c0a50a5e5cde16127617a97ad6162,Harvest Moon GBC (USA) (SGB Enhanced) (GB Compatible).gbc,nointro,,usa,Harvest Moon GBC (USA) (SGB Enhanced) (GB Compatible).zip,544080
Game Boy Color,6494,Pocket Bomberman,2f6b6379f8c7ce5d66a198162f345eaa,"Pocket Bomberman (USA, Europe) (SGB Enhanced) (GB Compatible).gbc",nointro,,usa,"Pocket Bomberman (USA, Europe) (SGB Enhanced) (GB Compatible).zip",174193
Game Boy Color,6135,Beatmania GB,e7c022031cb882912e81970eb63d4f61,Beatmania GB (Japan) (SGB Enhanced) (GB Compatible).gbc,nointro,,japan,Beatmania GB (Japan) (SGB Enhanced).zip,339780
Game Boy Color,11149,Hello Kitty no Magical Museum,b868fa9f3cecfa2d39df43a5d1b13b60,Hello Kitty no Magical Museum (Japan) (SGB Enhanced) (GB Compatible).gbc,nointro,,japan,Hello Kitty no Magical Museum (Japan) (SGB Enhanced).zip,280100
Game Boy Color,3819,John Romero's Daikatana,d1934b308085c92b2ee492faa0d159c2,"John Romero's Daikatana (Europe) (En,Fr,It).gbc",nointro,,europe,"John Romero's Daikatana (Europe) (En,Fr,It).zip",480602
Game Boy Color,6080,Daffy Duck: Fowl Play,882a7b4d2cadedd7ed2e21d22ca8f93d,"Daffy Duck - Fowl Play (USA, Europe) (GB Compatible).gbc",nointro,,usa,"Daffy Duck - Fowl Play (USA, Europe).zip",321841
Game Boy Color,13182,Top Gear Pocket 2,7d9585c947a7637703fb8ccd6a691ed7,Top Gear Pocket 2 (USA).gbc,nointro,,usa,Top Gear Pocket 2 (USA).zip,256676
Game Boy Color,4193,"Monsters, Inc.",5776965258ee78832e7eabc0db66ff4b,"Monsters, Inc. (USA, Europe).gbc",nointro,,usa,"Monsters, Inc. (USA).zip",336629
Game Boy Color,12950,Hollywood Pinball,9889afc5b4e72c9f96db8e6b4260f6b7,"Hollywood Pinball (Europe) (En,Fr,De,It) (GB Compatible).gbc",nointro,,europe,"Hollywood Pinball (Europe) (En,Fr,De,It).zip",251361
Game Boy Color,15635,Super Robot Pinball,6c7dc7ce74088a9e42a6fb8d98a67714,Super Robot Pinball (Japan).gbc,nointro,,japan,Super Robot Pinball (Japan).zip,656539
Game Boy Color,4921,Asteroids,cfac8209d5119235f678303dfb3cc0f2,"Asteroids (USA, Europe) (GB Compatible).gbc",nointro,,usa,"Asteroids (USA, Europe).zip",335204
Game Boy Color,5105,Dragon Quest Monsters 2,8e79dcdee0e15ef069b3f376a0fee37d,Dragon Warrior Monsters 2 - Tara's Adventure (USA) (SGB Enhanced) (GB Compatible).gbc,nointro,,usa,Dragon Warrior Monsters 2 - Tara's Adventure (USA) (SGB Enhanced) (GB Compatible).zip,1259084
Game Boy Color,8571,Batman Beyond: Return of the Joker,19cd9d45c6bb221613101b22c72593b2,"Batman of the Future - Return of the Joker (Europe) (En,Fr,De).gbc",nointro,,europe,"Batman of the Future - Return of the Joker (Europe) (En,Fr,De).zip",348384
Game Boy Color,5061,102 Dalmatians: Puppies to the Rescue,2b7e2442d503ce368fc93a9ebf0f70ef,"102 Dalmatians - Puppies to the Rescue (USA, Europe).gbc",nointro,,usa,"102 Dalmatians - Puppies to the Rescue (USA, Europe).zip",326641
Game Boy Color,7109,Buffy the Vampire Slayer,49561c4082206a7e5d5ca2032be81eed,"Buffy the Vampire Slayer (USA, Europe).gbc",nointro,,usa,"Buffy the Vampire Slayer (USA, Europe).zip",459034
Game Boy Color,4647,Rayman 2,feb32471ea029a55d7bdea7e0bdc6961,"Rayman 2 (USA) (En,Fr,De,Es,It).gbc",nointro,,usa,"Rayman 2 (USA) (En,Fr,De,Es,It).zip",883430
Game Boy Color,6524,Bionic Commando: Elite Forces,b3347b3219a7183697e83655f4628827,"Bionic Commando - Elite Forces (USA, Australia).gbc",nointro,,usa,"Bionic Commando - Elite Forces (USA, Australia).zip",941431
Game Boy Color,4950,Antz,a4b695325ac28be2e388f5b9186987ba,"Antz (USA) (En,Fr,Es) (GB Compatible).gbc",nointro,,usa,"Antz (USA) (En,Fr,Es).zip",340940
Game Boy Color,12804,Meitantei Conan: Karakuri Jiin Satsujin Jiken,3a3e92c106a8674642e0ee3c0c793a9f,Meitantei Conan - Karakuri Jiin Satsujin Jiken (Japan) (SGB Enhanced) (GB Compatible).gbc,nointro,,japan,Meitantei Conan - Karakuri Jiin Satsujin Jiken (Japan) (SGB Enhanced).zip,331068
Game Boy Color,4671,The Powerpuff Girls: Bad Mojo Jojo,258b7b8e4692d4204df470487ef2fc3d,"Powerpuff Girls, The - Bad Mojo Jojo (USA).gbc",nointro,,usa,"Powerpuff Girls, The - Bad Mojo Jojo (USA).zip",608795
Game Boy Color,7130,Dance Dance Revolution GB,c7cf1e919682b3ee613dd155cc12a15a,Dance Dance Revolution GB (Japan).gbc,nointro,,japan,Dance Dance Revolution GB (Japan).zip,318422
Game Boy Color,8630,BattleTanx,4ca71b12d89a5bcfcc52095081ae9f51,BattleTanx (USA).gbc,nointro,,usa,BattleTanx (USA).zip,249434
Game Boy Color,4192,Monkey Puncher,65da43aef4c10cfd8feee70e842a46ae,Monkey Puncher (Europe) (SGB Enhanced) (GB Compatible).gbc,nointro,,europe,Monkey Puncher (Europe) (SGB Enhanced) (GB Compatible).zip,658242
Game Boy Color,4922,Warlocked,b5eb859e6ea60a0bd83100a10206d9c9,Warlocked (USA).gbc,nointro,,usa,Warlocked (USA).zip,433336
Game Boy Color,5143,Harvest Moon 3 GBC,0ff9df46aca45161d1dfa7eee8509c1f,Harvest Moon 3 GBC (USA).gbc,nointro,,usa,Harvest Moon 3 GBC (USA).zip,639736
Game Boy Color,4080,Alfred's Adventure,bcc135b000c1c54f12f4ae87c7673b0c,"Alfred's Adventure (Europe) (En,Fr,De,Es,It).gbc",nointro,,europe,Alfred's Adventure (Europe).zip,543333
Game Boy Color,6136,Motocross Maniacs 2,4d08e5553356aecd728b5ef7d78ee261,Motocross Maniacs 2 (USA).gbc,nointro,,usa,Motocross Maniacs 2 (USA).zip,308805
Game Boy Color,7638,Aladdin,644c2c3cf2dc2e3fce741844e497a18f,Aladdin (USA).gbc,nointro,,usa,Aladdin (USA).zip,372911
Game Boy Color,10849,Buzz Lightyear of Star Command,560e27a4d80b88280d8ad7358467c301,"Buzz Lightyear of Star Command (USA, Europe).gbc",nointro,,usa,"Buzz Lightyear of Star Command (USA, Europe).zip",213715
Game Boy Color,6536,Looney Tunes Collector: Alert!,164c4fcfe733d89fff3ddc42b017c5ca,"Looney Tunes Collector - Alert! (USA) (En,Fr,Es).gbc",nointro,,usa,Looney Tunes Collector - Alert! (USA).zip,865498
Game Boy Color,2502,Lufia: The Legend Returns,a00012533e76649f4e7e1b7aa5a9ee07,Lufia - The Legend Returns (USA).gbc,nointro,,usa,Lufia - The Legend Returns (USA).zip,1034666
Game Boy Color,16218,The Smurfs' Nightmare,20052c527795a4f332be14aff49d4d4b,"Smurfs Nightmare, The (USA).gbc",nointro,,usa,"Smurfs Nightmare, The (USA).zip",179429
Game Boy Color,4125,Metal Walker,82d17beb1aefd1b93621d6fa61dfa1cb,Metal Walker (USA) (GB Compatible).gbc,nointro,,usa,Metal Walker (USA) (GB Compatible).zip,405867
Game Boy Color,4100,Azure Dreams,464acbe3c82887db897c39cdba877237,Azure Dreams (USA) (SGB Enhanced) (GB Compatible).gbc,nointro,,usa,Azure Dreams (USA) (SGB Enhanced) (GB Compatible).zip,585899
Game Boy Color,6342,NSYNC: Get to the Show,9017ebe4c004fd9597557e28d711316a,NSYNC - Get to the Show (USA).gbc,nointro,,usa,NSYNC - Get to the Show (USA).zip,144947
Game Boy Color,3632,Dexter's Laboratory: Robot Rampage,2a147b2d7731ac26a999390c3f5ff2ac,"Dexter's Laboratory - Robot Rampage (USA, Europe).gbc",nointro,,usa,"Dexter's Laboratory - Robot Rampage (USA, Europe).zip",138399
Game Boy Color,4702,Die Original Moorhuhnjagd,2382edc04a323a227ea793e33c749c79,"Original Moorhuhn Jagd, Die (Germany).gbc",nointro,,germany,"Original Moorhuhn Jagd, Die (Germany).zip",178143
Game Boy Color,8497,Mortal Kombat 4,168ae412b379786f7df07bd8231baf44,"Mortal Kombat 4 (USA, Europe) (SGB Enhanced) (GB Compatible).gbc",nointro,,usa,"Mortal Kombat 4 (USA, Europe) (SGB Enhanced).zip",377416
Game Boy Color,5155,Harvest Moon 2 GBC,a539a7a02639395ad8d7723199c81eae,Harvest Moon 2 GBC (USA) (SGB Enhanced) (GB Compatible).gbc,nointro,,usa,Harvest Moon 2 GBC (USA) (SGB Enhanced) (GB Compatible).zip,451780
Game Boy Color,686,Bugs Bunny: Crazy Castle 3,2ebf6f830013d8702eebf93955db52d5,"Bugs Bunny - Crazy Castle 3 (USA, Europe) (GB Compatible).gbc",nointro,,usa,"Bugs Bunny - Crazy Castle 3 (USA, Europe) (GB Compatible).zip",165643
Game Boy Color,12951,Nicktoons Racing,1d0044523075ab0308c598286f804402,Nicktoons Racing (USA).gbc,nointro,,usa,Nicktoons Racing (USA).zip,225424
Game Boy Color,6167,Pop'n Music GB,10e6dcd0a350076e28b9c598c278b6a2,Pop'n Music GB (Japan).gbc,nointro,,japan,Pop'n Music GB (Japan).zip,392930
Game Boy Color,3650,Mr. Nutz,9ba7b607ec310589c5ccfb1a8149df59,"Mr. Nutz (USA) (En,Fr,Es).gbc",nointro,,usa,"Mr Nutz (USA) (En,Fr,Es).zip",357359
Game Boy Color,6531,The Flintstones: Burgertime in Bedrock,50e6d9d88450932743161b7512838ccc,"Flintstones, The - Burgertime in Bedrock (USA).gbc",nointro,,usa,"Flintstones, The - Burgertime in Bedrock (USA).zip",218108
Game Boy Color,4731,Magi Nation,1624f857098ca278b15629914f48352b,Magi Nation (USA).gbc,nointro,,usa,Magi Nation (USA).zip,968656
Game Boy Color,3625,M&M's Minis Madness,c7bcdd8ace2dfac5fdce889880472f80,M&M's Minis Madness (USA).gbc,nointro,,usa,M&M's Minis Madness (USA).zip,205064
Game Boy Color,2500,Oddworld Adventures II,68715e0a2805e3fc019fec35a9cff0d4,"Oddworld Adventures 2 (Europe) (En,Fr,De,Es,It) (GB Compatible).gbc",nointro,,europe,"Oddworld Adventures II (Europe) (En,Fr,De,Es,It).zip",491077
Game Boy Color,14166,LEGO Island 2: The Brickster's Revenge,1d0ea47375fca723c0f86a5178e545f3,"LEGO Island 2 - The Brickster's Revenge (USA) (En,Fr,Es).gbc",nointro,,usa,LEGO Island 2 - The Brickster's Revenge (USA).zip,500386
Game Boy Color,4919,Quest: Brian's Journey,93ff3f6b4bfe0a138d8a8897899e8cb0,Quest - Brian's Journey (USA) (GB Compatible).gbc,nointro,,usa,Quest RPG - Brian's Journey (USA).zip,361917
Game Boy Color,18594,Dancing Furby,ed517a9923865f4e4945ca4095313fe2,Dancing Furby (Japan) (GB Compatible).gbc,nointro,,japan,Dancing Furby (Japan).zip,192802
Game Boy Color,14356,Tony Hawk's Pro Skater,75be6e3561908e705d9e790b34eddb4d,"Tony Hawk's Pro Skater (USA, Europe).gbc",nointro,,usa,"Tony Hawk's Pro Skater (USA, Europe).zip",207791
Game Boy Color,16089,Medarot 3: Kabuto Version,cbc55f3bb98f8c0443917ae477e56e51,Medarot 3 - Kabuto Version (Japan).gbc,nointro,,japan,Medarot 3 - Kabuto Version (Japan).zip,1405861
Game Boy Color,6181,Dance Dance Revolution GB: Disney Mix,dbada1fdfaba283bede36852843f5ed8,Dance Dance Revolution GB - Disney Mix (Japan).gbc,nointro,,japan,Dance Dance Revolution GB - Disney Mix (Japan).zip,223294
Game Boy Color,12842,Dance Dance Revolution GB2,7f306f573ca9759fa2f7aa167ca2dd74,Dance Dance Revolution GB 2 (Japan).gbc,nointro,,japan,Dance Dance Revolution GB 2 (Japan).zip,315999
Game Boy Color,13082,Moorhen 3: ... The Chicken Chase!,7e8280463d7ac79662d8be587bb6b766,"Moorhuhn 3 - ...Es Gibt Huhn! (Europe) (En,Fr,De,Es,It).gbc",nointro,,europe,"Moorhuhn 3 - ...Es Gibt Huhn! (Europe) (En,Fr,De,Es,It).zip",161502
Game Boy Color,6171,Beatmania GB2: GotchaMix,25f20cdc0f6f70d0bc5430a9b0d48742,Beatmania GB 2 - Gotcha Mix (Japan) (SGB Enhanced) (GB Compatible).gbc,nointro,,japan,Beatmania GB2 - Gotcha Mix (Japan) (SGB Enhanced).zip,419525
Game Boy Color,4246,Qix Adventure,95b284df7ba2f862406f747b4ca7c380,Qix Adventure (Europe).gbc,nointro,,europe,Qix Adventure (Europe).zip,327868
Game Boy Color,11582,Dance Dance Revolution GB3,3ced79ad60ab5195058d5d658550f04f,Dance Dance Revolution GB 3 (Japan).gbc,nointro,,japan,Dance Dance Revolution GB3 (Japan).zip,271856
Game Boy Color,3637,Samurai Kid,7ee095116f1733dc6ba2b2de3f28f5ef,Samurai Kid (Japan).gbc,nointro,,japan,Samurai Kid (Japan).zip,434962
Game Boy Color,4097,Alice in Wonderland,265de745b9b6c8e84e02acbf80d0428e,"Alice in Wonderland (Europe) (En,Fr,De,Es).gbc",nointro,,europe,"Alice in Wonderland (Europe) (En,Fr,De,Es)(1).zip",805354
Game Boy Color,25233,Space Invaders,46e0e199f58aebbb75b4ed16da5aae60,"Space Invaders (USA, Europe) (GB Compatible).gbc",nointro,,usa,Space Invaders (USA).zip,88524
Game Boy Color,4190,Driver: You Are The Wheelman,413e1acd7847d628364163eb2c97cecd,"Driver - You Are the Wheelman (USA) (En,Fr,De,Es,It).gbc",nointro,,usa,"Driver - You Are the Wheelman (USA) (En,Fr,De,Es,It).zip",185701
Game Boy Color,11206,Barbie: Pet Rescue,dccb2adec6b97ac35614414a427abdbb,"Barbie - Pet Rescue (Europe) (En,Fr,De,Es,It).gbc",nointro,,europe,"Barbie - Pet Rescue (Europe) (En,Fr,De,Es,It).zip",354569
Game Boy Color,13091,Ballistic,3b783f3fded9c61f2f9bb1d956bfd6cd,Ballistic (USA) (GB Compatible).gbc,nointro,,usa,Ballistic (USA).zip,153368
Game Boy Color,6169,Pop 'n Music GB: Animation Melody,7e6d077d50879c57ff70891aaa312e80,Pop'n Music GB - Animation Melody (Japan).gbc,nointro,,japan,Pop'n Music GB - Animation Melody (Japan).zip,468775
Game Boy Color,7708,Legend of the River King 2,3519c45ce55aad2f0565513723c90672,Legend of the River King 2 (USA) (SGB Enhanced) (GB Compatible).gbc,nointro,,usa,Legend of the River King 2 (USA) (SGB Enhanced) (GB Compatible).zip,442532
Game Boy Color,7304,Magical Tetris Challenge,a13623a452327ede4553ee2bd1b89a1a,Magical Tetris Challenge (USA).gbc,nointro,,usa,Magical Tetris Challenge (USA).zip,348544
Game Boy Color,6337,Robopon: Sun Version,398f7b60ea114b90b24503178f47e8d8,Robopon - Sun Version (USA) (SGB Enhanced) (GB Compatible).gbc,nointro,,usa,Robopon - Sun Version (USA).zip,548004
Game Boy Color,4058,Looney Tunes: Twouble!,1d31fa1e431ec840e5f769fdd019405f,"Looney Tunes - Twouble! (USA) (En,Fr,Es) (GB Compatible).gbc",nointro,,usa,"Looney Tunes - Twouble! (USA) (En,Fr,Es).zip",221763
Game Boy Color,17975,Das Geheimnis der Happy Hippo-Insel,3bc2db27baff012307501c31d49922ac,"Geheimnis der Happy Hippo-Insel, Das (Germany).gbc",nointro,,germany,"Geheimnis der Happy Hippo-Insel, Das (Germany).zip",131746
Game Boy Color,7450,Return of the Ninja,178ea5a9eba6e7f35e894bad1ec34f77,Return of the Ninja (USA).gbc,nointro,,usa,Return of the Ninja (USA).zip,305964
Game Boy Color,6009,Barbie: Fashion Pack Games,45eeade46bd85f80af13af9dce572b9c,"Barbie - Fashion Pack Games (USA, Europe) (GB Compatible).gbc",nointro,,usa,"Barbie - Fashion Pack Games (USA, Europe).zip",211344
Game Boy Color,2499,Noddy and the Birthday Party,a67cb573673f041098f23f868a153019,"Noddy and the Birthday Party (Europe) (En,Fr,De,Es).gbc",nointro,,europe,Noddy and the Birthday Party (Europe).zip,334271
Game Boy Color,13053,Monopoly,5f1481260760c69843a61e9060ad7154,Monopoly (USA) (GB Compatible).gbc,nointro,,usa,Monopoly (USA).zip,107285
Game Boy Color,4940,Xtreme Sports,af1d1e17a5c568df796f4004be872649,Xtreme Sports (USA).gbc,nointro,,usa,Xtreme Sports (USA).zip,714416
Game Boy Color,8402,Toy Story 2,ef032b6f603b3a290a91d40cb9c4b3e6,"Toy Story 2 (USA, Europe) (SGB Enhanced) (GB Compatible).gbc",nointro,,usa,"Toy Story 2 (USA, Europe).zip",351682
Game Boy Color,14123,Yu-Gi-Oh! Duel Monsters II: Dark Duel Stories,782b88b1bf9768a2b1b139177a0c1c33,Yu-Gi-Oh! Duel Monsters II - Dark Duel Stories (Japan) (SGB Enhanced) (GB Compatible).gbc,nointro,,japan,Yu-Gi-Oh! Duel Monsters II - Dark Duel Stories (Japan) (SGB Enhanced).zip,2048748
Game Boy Color,3671,Pooh and Tigger's Hunny Safari,5f872189d58f841b5672d4cb11ec3bbb,Pooh and Tigger's Hunny Safari (USA).gbc,nointro,,usa,Pooh and Tigger's Hunny Safari (USA).zip,489509
Game Boy Color,4526,Beatmania GB: GotchaMix 2,490cf7b762f7b735f249c3a3107c3e55,Beatmania GB - Gotcha Mix 2 (Japan).gbc,nointro,,japan,Beatmania GB - Gotcha Mix 2 (Japan).zip,662159
Game Boy Color,6556,Woody Woodpecker: Escape from Buzz Buzzard Park,2a26b9d248bf62788e23aa897e8e355c,Woody Woodpecker (USA).gbc,nointro,,usa,Woody Woodpecker (USA).zip,388004
Game Boy Color,11165,Bugs Bunny and Lola Bunny: Operation Carrot Patch,d5a558f3f63771ac1e40d53976e090ef,"Bugs Bunny & Lola Bunny - Operation Carrot Patch (Europe) (En,Fr,De,Es,It,Nl) (GB Compatible).gbc",nointro,,europe,"Bugs Bunny & Lola Bunny - Operation Carrots (Europe) (En,Fr,De,Es,It,Nl).zip",247785
Game Boy Color,32799,Deer Hunter,11d3ca80ad24431babbec7a675d83bed,Deer Hunter (USA).gbc,nointro,,usa,Deer Hunter (USA).zip,157785
Game Boy Color,8461,Spider-Man 2: The Sinister Six,85bbad46380dffa631f8ce732e9c5d89,"Spider-Man 2 - The Sinister Six (USA, Europe).gbc",nointro,,usa,Spider-Man 2 - The Sinister Six (USA).zip,548747
Game Boy Color,30985,Sylvanian Melodies: Mori no Nakama to Odori Masho!,08130cb33fe270321d04d056b85d2037,Sylvanian Melodies - Mori no Nakama to Odori Masho! (Japan) (SGB Enhanced) (GB Compatible).gbc,nointro,,japan,Sylvanian Melodies - Mori no Nakama to Odori Masho! (Japan) (SGB Enhanced).zip,270365
Game Boy Color,6104,Towers: Lord Baniff's Deceit,0d7bca4e08d522493491484896f7f3cc,"Towers - Lord Baniff's Deceit (USA, Europe).gbc",nointro,,usa,"Towers - Lord Baniff's Deceit (USA, Europe).zip",392121
Game Boy Color,7210,Star Wars - Episode I: Racer,d1e875cb7dac0092e83b9e7799b06653,"Star Wars Episode I - Racer (USA, Europe) (Rumble Version).gbc",nointro,,usa,"Star Wars Episode I - Racer (USA, Europe).zip",679579
Game Boy Color,8337,Montezuma's Return,5f821976274f5e6147f2354a6d01f098,"Montezuma's Return! (USA) (En,Es) (GB Compatible).gbc",nointro,,usa,Montezuma's Return! (USA).zip,229977
Game Boy Color,14039,Perfect Dark,840e1ddb2696ecae487fd264a3c34581,"Perfect Dark (USA, Europe) (En,Fr,De,Es,It) (Rumble Version).gbc",nointro,,usa,"Perfect Dark (USA, Europe).zip",2203547
Game Boy Color,6791,Gex 3: Deep Pocket Gecko,91eb6db42e92e2df05cc2b40f0dbc2f0,Gex 3 - Deep Pocket Gecko (USA).gbc,nointro,,usa,Gex 3 - Deep Pocket Gecko (USA).zip,491675
Game Boy Color,7666,Hot Wheels: Stunt Track Driver,9a908fd85216b1b3a994ec75d2cf9318,"Hot Wheels - Stunt Track Driver (USA, Europe) (SGB Enhanced) (GB Compatible).gbc",nointro,,usa,Hot Wheels - Stunt Track Driver (USA).zip,296585
Game Boy Color,3647,MIB: Men in Black - The Series,42ff80b90350d30aafe41ea2c71a79bf,"Men in Black - The Series (USA, Europe) (SGB Enhanced) (GB Compatible).gbc",nointro,,usa,"Men in Black - The Series (USA, Europe).zip",413381
Game Boy Color,4302,The Fish Files,edf021b521a496fe7afc5e15949f5c80,"Fish Files, The (Europe) (En,Fr,De,Es,It).gbc",nointro,,europe,"Fish Files, The (Europe).zip",1990183
Game Boy Color,12864,Meitantei Conan: Kigantou Hihou Densetsu,f5325eaf1ecbf7cd6e1e561a3b5d77f7,Meitantei Conan - Kigantou Hihou Densetsu (Japan) (SGB Enhanced) (GB Compatible).gbc,nointro,,japan,Meitantei Conan - Kigantou Hihou Densetsu (Japan) (SGB Enhanced).zip,304657
Game Boy Color,711,LEGO Stunt Rally,c468c6d714a2d86e2f68bdcdbb40b658,LEGO Stunt Rally (USA).gbc,nointro,,usa,LEGO Stunt Rally (USA).zip,338418
Game Boy Color,17359,Atlantis: The Lost Empire,e24141ed6fc94b149bbf43b4bd9658e8,"Atlantis - The Lost Empire (Europe) (En,Es,It).gbc",nointro,,europe,"Atlantis - The Lost Empire (Europe) (En,Es,It).zip",665565
Game Boy Color,4646,Mickey's Speedway USA,ff9b78e1f399fc2bd665b8a08ba27456,"Mickey's Speedway USA (USA, Europe) (En,Fr,De,Es).gbc",nointro,,usa,"Mickey's Speedway USA (USA, Europe) (En,Fr,De,Es).zip",1157730
Game Boy Color,5042,Monster Rancher Explorer,f55ed9e6a8fece5220e9876fb515e222,Monster Rancher Explorer (USA).gbc,nointro,,usa,Monster Rancher Explorer (USA).zip,280499
Game Boy Color,4972,Revelations: The Demon Slayer,86ed74283fe0071f8d3f05923051efab,Revelations - The Demon Slayer (USA) (SGB Enhanced) (GB Compatible).gbc,nointro,,usa,Revelations - The Demon Slayer (USA) (SGB Enhanced) (GB Compatible).zip,198630
Game Boy Color,4301,Fix and Foxi - Episode 1: Lupo,9f77adbb0a6af7bd85d21a8ef9fdea49,"Fix & Foxi - Episode 1 - Lupo (Europe) (En,Fr,De).gbc",nointro,,europe,Fix & Foxi - Episode 1 Lupo (Europe).zip,235630
Game Boy Color,9169,Moomin's Tale,517ef53718009b20d7bf7771aef191dd,"Moomin's Tale (Europe) (En,Fr,De).gbc",nointro,,europe,Moomin's Tale (Europe).zip,402259
MAME,11750,Metal Slug: Super Vehicle-001,b43c8b4ec999588c04dad79bb8bcc745,mslug.7z <Metal Slug - Super Vehicle-001>,fbneo,,unknown,,
MAME,11763,Cadillacs and Dinosaurs,b246ff693d453c3b1a3049752da2bc75,dino.7z <Cadillacs & Dinosaurs (930201 World)>,fbneo,,unknown,dino.zip,1000000
MAME,11795,Street Fighter III: 3rd Strike - Fight for the Future,002180613c2131abce28ae5bd4a8a2fb,"sfiii3n.7z <Street Fighter III 3rd Strike: Fight for the Future (Japan 990608, NO CD)>",fbneo,,unknown,,
MAME,11770,Metal Slug X: Super Vehicle-001,320a36c48c06dce51438108df9defb90,mslugx.7z <Metal Slug X - Super Vehicle-001 (NGM-2500)(NGH-2500)>,fbneo,,unknown,,
MAME,11727,Final Fight,946e902aa8b913f8e972a64b5133c522,"ffight.7z <Final Fight (World, set 1)>",fbneo,,world,,
MAME,11825,Metal Slug 2: Super Vehicle-001/II,b1475b391ad385c16feae3a2bfbfc2a0,mslug2.7z <Metal Slug 2 - Super Vehicle-001/II (NGM-2410) (NGH-2410)>,fbneo,,unknown,,
MAME,11726,Captain Commando,33d1f8bc44a414a1f2f76cfe4c197c66,"captcommb.7z <Captain Commando (bootleg set 1, 911014 other country)>",fbneo,,unknown,,
MAME,11787,The Punisher,1a52ed76f4df2f621e235c36a97deed3,punisher.7z <The Punisher (930422 World)>,fbneo,,unknown,,
MAME,11820,Alien vs. Predator,93e4612854908c374d33bfb5c979f540,avsp.7z <Alien vs Predator (940520 Euro)>,fbneo,,unknown,,
MAME,11943,Donkey Kong,02bbe063efc4b8883206c66e6cb775c9,dkong.7z <Donkey Kong (US set 1)>,fbneo,,unknown,,
MAME,11771,Metal Slug 3,f69dc77532431c03d1dfbd31835bc4dd,mslug3.7z <Metal Slug 3 (NGM-2560)>,fbneo,,unknown,,
MAME,11757,The King of Fighters '98: The Slugfest,c0959b94e46f1811952055be7f59cba6,kof98.7z <The King of Fighters '98 - The Slugfest / King of Fighters '98 - dream match never ends (NGM-2420)>,fbneo,,unknown,,
MAME,12026,Metal Slug 4,d5d7199eda7492cd9ee24173357e781b,mslug4.7z <Metal Slug 4 (NGM-2630)>,fbneo,,unknown,,
MAME,12192,Pac-Man,64d1f88b9b276aece4b0edcc25b7a434,pacman.7z <Pac-Man (Midway)>,fbneo,,unknown,,
MAME,11975,Altered Beast,bc80ce3199cfe7265644e711e7919013,"altbeast2.7z <Altered Beast (set 2, MC-8123B 317-0066)>",fbneo,,unknown,,
MAME,11903,Ghouls 'n Ghosts,0d52f5c4bb4701002f55625040435aea,ghouls.7z <Ghouls'n Ghosts (World)>,fbneo,,world,,
MAME,14976,Mortal Kombat,07d935680b6501b2e42fe4baea021389,mk.7z <Mortal Kombat (rev 5.0 T-Unit 03/19/93)>,fbneo,,unknown,,
MAME,12211,Teenage Mutant Ninja Turtles: Turtles in Time,38e530be656a4e14b31e709c0502e4ec,tmnt22pu.7z <Teenage Mutant Ninja Turtles - Turtles in Time (2 Players ver. UDA)>,fbneo,,unknown,,
MAME,12154,Golden Axe,8eaf95929427abcecd6d57babe80c643,"goldnaxej.7z <Golden Axe (set 4, Japan, FD1094 317-0121)>",fbneo,,japan,,
MAME,12210,Teenage Mutant Ninja Turtles,344f706dd7fa89df2b38166b5f300c48,"tmnt.7z <Teenage Mutant Ninja Turtles (World 4 Players, version X)>",fbneo,,unknown,,
MAME,11806,Marvel vs. Capcom: Clash of Super Heroes,7280b613c4597b4a4bbbae6f634bb886,mvsc.7z <Marvel vs Capcom - clash of super heroes (980123 Euro)>,fbneo,,unknown,,
MAME,13796,Neo Turf Masters,86a5e87842b12616c52f467f5693348f,turfmast.7z <Neo Turf Masters / Big Tournament Golf>,fbneo,,unknown,,
MAME,11971,Aliens,32d0f9f324c6861605e0f948c2b68be6,aliens.7z <Aliens (World set 1)>,fbneo,,unknown,,
MAME,12323,Neo Drift Out: New Technology,49608f90881c51825b3bd2c414f21fba,neodrift.7z <Neo Drift Out - New Technology>,fbneo,,unknown,,
MAME,11800,Ms. Pac-Man,01052a074f9e7ce8dc823a5dd2155d14,mspacman.zip <MS Pacman>,fbneo,,unknown,,
MAME,11960,1942,519c84155964659375821f7ca576f095,1942.7z <1942 (Revision B)>,fbneo,,unknown,,
MAME,12027,Metal Slug 5,024e350be5736b014d80c32330f03e2a,mslug5.7z <Metal Slug 5 (NGM-2680)>,fbneo,,unknown,,
MAME,12247,Puzzle Bobble (Neo Geo),0bef9fa16cd52606f5c7b4363e726085,pbobblen.7z <Puzzle Bobble / Bust-A-Move (Neo-Geo) (NGM-083)>,fbneo,,unknown,,
MAME,11984,Astérix,1bf43bfeec4116b50a2789a61abfff59,asterixeac.7z <Asterix (ver EAC)>,fbneo,,unknown,,
MAME,11933,X-Men,663e35948366c5f5d39b27df6826231a,xmenaa.7z <X-Men (4 Players ver ADA)>,fbneo,,unknown,,
MAME,12035,The King of Fighters 2002,bcdeb242322af6d883799bd46d874d62,kof2002.7z <The King of Fighters 2002 (NGM-2650)(NGH-2650)>,fbneo,,unknown,,
MAME,13767,Cyber-Lip,db42d9fb2f27e14ea4d97a0bd5aa2c67,cyberlip.7z <Cyber-Lip (NGM-010)>,fbneo,,unknown,,
MAME,11991,Bad Dudes vs. DragonNinja,75d86ead4097fb1123ef54ca07d16f6e,baddudes.7z <Bad Dudes vs. Dragonninja (US)>,fbneo,,unknown,,
MAME,16525,Metal Slug 6,b0f22e7a710efc527f04ec29d71b435c,mslug6.zip,mamesl,,unknown,,
MAME,12138,Galaga,b8140b5e33c53b0f7dd3cc368951a4dd,galaga.7z <Galaga (Namco rev. B)>,fbneo,,unknown,,
MAME,12814,DonPachi,55e3a560128c0ecfd8999ab366ef7cf2,"donpachi.7z <DonPachi (USA, ver. 1.12, 95/05/2x)>",fbneo,,usa,,
MAME,11932,Sunset Riders,492ea859726d84d6fc94aaed5d07152c,ssridersubc.7z <Sunset Riders (2 Players ver. UBC)>,fbneo,,unknown,,
MAME,11905,Nightmare in the Dark,c49db6febda650eb59149c52852df9e5,nitd.7z <Nightmare in the Dark>,fbneo,,unknown,,
MAME,11758,Art of Fighting,df4a8b32238c36921a260ed6ab784850,aof.7z <Art of Fighting / Ryuuko no Ken (NGM-044)(NGH-044)>,fbneo,,unknown,,
MAME,11935,OutRun,83a4bf4956274d8cabccc84b446a4694,"outrun.7z <Out Run (sitdown/upright, Rev B)>",fbneo,,unknown,,
MAME,11954,1941: Counter Attack,7af6266cc52234b5aa339b16695f7fc4,1941.7z <1941 - Counter Attack (900227 World)>,fbneo,,unknown,,
MAME,13762,Burning Fight,504d6fc6bb4a767eca363474d9bb644d,burningf.7z <Burning Fight (NGM-018)(NGH-018)>,fbneo,,unknown,,
MAME,12543,League Bowling,cee8c9264320a0b32eb4efb1496e5c2b,lbowling.7z <League Bowling (NGM-019)(NGH-019)>,fbneo,,unknown,,
MAME,12031,The King of Fighters '97,5bf98ad5e7c70133d8e41bdc36172a24,kof97.7z <The King of Fighters '97 (NGM-2320)>,fbneo,,unknown,,
MAME,12248,Puzzle Bobble 2 (Neo Geo),e0d17d88ad08e13d3a2cd4ef38f7c4d5,pbobbl2n.7z <Puzzle Bobble 2 / Bust-A-Move Again (Neo-Geo)>,fbneo,,unknown,,
MAME,12274,Street Fighter III: New Generation,e55f83016a5d5c33c093af927eb81846,sfiii.7z <Street Fighter III: New Generation (Euro 970204)>,fbneo,,unknown,,
MAME,11895,Wild West C.O.W.-Boys of Moo Mesa,5a5913127183c47bf3342315fc95e6c3,moomesa.7z <Wild West C.O.W.-Boys of Moo Mesa (ver EAB)>,fbneo,,unknown,,
MAME,12266,Marvel Super Heroes vs. Street Fighter,0321dd1f8f8113fe4c2a558d67567f0e,mshvsf.7z <Marvel Super Heroes vs Street Fighter (970625 Euro)>,fbneo,,unknown,,
MAME,12394,Contra,a83f0f76c2afad4f5d7260824430b798,"contra.7z <Contra (US / Asia, set 1)>",fbneo,,unknown,,
MAME,12241,Magician Lord,14ebcd8fa440a279fae066617a13cabc,maglord.7z <Magician Lord (NGM-005)>,fbneo,,unknown,,
MAME,11752,Garou: Mark of the Wolves,577029dbc6e6bb60afdb832cef943eb1,garou.7z <Garou - Mark of the Wolves (NGM-2530)>,fbneo,,unknown,,
MAME,12111,Elevator Action Returns,3180d6cdfd39a897d6aabc818887a000,elvactr.7z <Elevator Action Returns (Ver 2.2O 1995/02/20)>,fbneo,,unknown,,
MAME,11822,Marvel Super Heroes,1c90c082845e4b6a52ef8b5f2a0050a0,mshh.7z <Marvel Super Heroes (951117 Hispanic)>,fbneo,,unknown,,
MAME,12271,Super Street Fighter II: The New Challengers,358633096a3d3a4e1f93f61ea009b766,arcade\ssf2j.zip,fbneo,,unknown,,
MAME,11996,Buster Bros.,e60d52cc2664f3857c8c149c9d7ff62c,bbros.7z <Buster Bros. (USA)>,fbneo,,usa,,
MAME,13770,Eight Man,5e38e0ffa34dafe5053110568dc0cd3f,eightman.7z <Eight Man (NGM-025)(NGH-025)>,fbneo,,unknown,,
MAME,11983,Armored Warriors,371bf8fd34fcdd2326d6aa10c61cc70a,armwar.7z <Armored Warriors (941024 Europe)>,fbneo,,unknown,,
MAME,12084,Dungeons & Dragons: Tower of Doom,85712af9f7cc2ed48da39f14379e7756,ddtod.7z <Dungeons & Dragons - tower of doom (940412 Euro)>,fbneo,,unknown,,
MAME,12601,Ghost Pilots,16fe9c9d1350297c299034812394ebdb,gpilotsh.7z <Ghost Pilots (NGH-020)(US)>,fbneo,,unknown,,
MAME,11767,Shock Troopers,066ab7af0557bd4280c94dcf1e56d551,shocktro.7z <Shock Troopers (set 1)>,fbneo,,unknown,,
MAME,11794,Mega Man: The Power Battle,209b01d5d9b045d8cbcc9311e661e94d,megaman.7z <Mega Man - the power battle (951006 USA)>,fbneo,,unknown,,
MAME,13648,Battle Garegga,c0830de50cdf83cbe0f5e44e70c7dbf9,bgaregga.7z <Battle Garegga (Europe / USA / Japan / Asia) (Sat Feb 3 1996)>,fbneo,,usa,,
MAME,11801,Blue's Journey,42db6408e1b36d120058548dc61840fc,bjourneyh.7z <Blue's Journey / Raguy (ALH-001)>,fbneo,,unknown,,
MAME,12183,Hook,5a582ef17d6a088d9cb644e4c1ea3cdd,hook.7z <Hook (World)>,fbneo,,world,,
MAME,11765,Baseball Stars 2,f0235aca225c29b7b47409be3db976b7,bstars2.7z <Baseball Stars 2>,fbneo,,unknown,,
MAME,11780,Dungeons & Dragons: Shadow Over Mystara,a3cfbfab71a065401bf0e7c7677a75bf,ddsom.7z <Dungeons & Dragons - shadow over mystara (960619 Euro)>,fbneo,,unknown,,
MAME,12366,RoboCop,93b9f9e761f6aabbdc2f50a60c374880,robocop.7z <Robocop (World revision 4)>,fbneo,,unknown,,
MAME,13794,Mutation Nation,3160045ee842fc9ab77b96e32e98fa34,mutnat.7z <Mutation Nation (NGM-014)(NGH-014)>,fbneo,,unknown,,
MAME,14978,Mortal Kombat II,1a1e7711672de486ce29704029108aa1,"mk2r42.7z <Mortal Kombat II (rev L4.2, hack)>",fbneo,,unknown,,
MAME,12023,Bubble Bobble,72a669a6a000928da3ab24c3a79e554c,"bublbobl.7z <Bubble Bobble (Japan, Ver 0.1)>",fbneo,,japan,,
MAME,11959,64th. Street: A Detective Story,ed59483551b32e69c28876fd9d2f1872,64street.7z <64th. Street - A Detective Story (World)>,fbneo,,world,,
MAME,11768,Shock Troopers: 2nd Squad,4af54168a800f0ff32f7f9377d5329a9,shocktr2.7z <Shock Troopers - 2nd Squad>,fbneo,,unknown,,
MAME,11993,Battle Circuit,022eca90bcdac21292ac15906e9a433d,batcir.7z <Battle Circuit (970319 Euro)>,fbneo,,unknown,,
MAME,13808,Robo Army,13b4d77d6491b9bfb59d7841986d5ea4,roboarmy.7z <Robo Army (set 1)>,fbneo,,unknown,,
MAME,12032,The King of Fighters '99: Millennium Battle,1653c67c602403333d94dd921737ce8e,kof99h.7z <The King of Fighters '99 - Millennium Battle (NGH-2510)>,fbneo,,unknown,,
MAME,17678,Spider-Man: The Videogame,b941a3d48abe86d690a93261002f6e2d,spidman.7z <Spider-Man: The Videogame (World)>,fbneo,,world,,
MAME,11853,Shinobi,37fc2767ab1c4826c736f1fced9a4ae7,"shinobi.7z <Shinobi (set 6, System 16A, unprotected)>",fbneo,,unknown,,
MAME,13784,King of the Monsters,057827b74ba1259423d9c00de10b4300,kotm.7z <King of the Monsters (set 1)>,fbneo,,unknown,,
MAME,14654,Ultimate Mortal Kombat 3,c2c4318c6acb302ec08b9a28dc5d3e26,umk3.7z <Ultimate Mortal Kombat 3 (rev 1.2)>,fbneo,,unknown,,
MAME,11946,Mario Bros.,de2f15d014d40b93578d255e6221fd60,"mario.7z <Mario Bros. (US, Revision G)>",fbneo,,unknown,,
MAME,12261,Street Fighter,60d31eb37595dd44584be5ef363283e3,"sf.7z <Street Fighter (US, set 1)>",fbneo,,unknown,,
MAME,12380,Strikers 1945,e64a8b99a4d2a623b293ff674e2942ea,s1945.7z <Strikers 1945 (World)>,fbneo,,world,,
MAME,12139,Galaxian,e88b34d7b5e2d8277f1fa97e9a647fba,galaxian.7z <Galaxian (Namco set 1)>,fbneo,,unknown,,
MAME,15015,Centipede,3e30300051e145abaf2164a53f107bb7,centiped.7z <>,fbneo,,unknown,,
MAME,12005,Detana!! TwinBee,87cb40111232c62b2e0c747b0419a6fb,"blswhstl.7z <Bells & Whistles (World, version L)>",fbneo,,world,,
MAME,11942,X-Men vs. Street Fighter,a364a6bcde97a8910c2f3fef4b1e4dfe,xmvsfb.7z <X-Men vs Street Fighter (961023 Brazil)>,fbneo,,unknown,,
MAME,11858,Bang Bead,f19f4133f3a29af99d6f8bd028dd4fc3,bangbead.7z <Bang Bead>,fbneo,,unknown,,
MAME,4845,Pretty Soldier Sailor Moon,d68fed6d32c4252699e598d07c816371,"sailormnu.7z <Pretty Soldier Sailor Moon (ver. 95/03/22B, USA)>",fbneo,,usa,,
MAME,15000,Batman,ec0e2603172c73a8b644bb9456c1ff6e,batman.7z <Batman>,fbneo,,unknown,,
MAME,12033,The King of Fighters 2000,69fa9fb02b9fe054c98d9dee8729ce92,kof2000n.7z <The King of Fighters 2000 (not encrypted)>,fbneo,,unknown,,
MAME,12030,The King of Fighters '96,23438b2c55800e5b4e8ab86f525b379c,kof96h.7z <The King of Fighters '96 (NGH-214)>,fbneo,,unknown,,
MAME,12082,Double Dragon,a7d9fc7dc88e60d2401f1d89dca4476a,ddragon.7z <Double Dragon (Japan)>,fbneo,,japan,,
MAME,12149,Ghosts 'n Goblins,4dc5c37d2056ea8be1f968ebecc66ea0,makaimurg.7z <Makai-Mura (Japan revision G)>,fbneo,,unknown,,
MAME,12661,Double Dragon (Neo-Geo),c195a4aab39ed2ce2cd7011356a15f29,doubledr.7z <Double Dragon (Neo-Geo)>,fbneo,,unknown,,
MAME,13566,Pachinko Sexy Reaction,ed6b61fc3c23bab78e12cf3b49f6df9f,sxyreact.7z <Pachinko Sexy Reaction (Japan)>,fbneo,,japan,,
MAME,11979,U.N. Squadron,0006c5e727223e4434423bfa12ea0dc8,area88.7z <Area 88 (Japan)>,fbneo,,japan,,
MAME,17469,SegaSonic the Hedgehog,bb5459bf19132d4dc1340654c17331df,"sonic.7z <SegaSonic The Hedgehog (Japan, rev. C)>",fbneo,,japan,,
MAME,13250,Night Slashers,1901091290afe5c3996de681d75e7520,"nslashers.7z <Night Slashers (Over Sea Rev 1.2, DE-0397-0 PCB)>",fbneo,,unknown,,
MAME,13815,Super Sidekicks 3: The Next Glory,2f2de150d937ca7de1ecae79957c5281,ssideki3.7z <Super Sidekicks 3 - The Next Glory / Tokuten Ou 3 - eikou e no michi>,fbneo,,unknown,,
MAME,11760,Zed Blade,ad7690ec619673225f1e0f7f265d5fa8,zedblade.7z <Zed Blade / Operation Ragnarok>,fbneo,,unknown,,
Nintendo 64,10003,Super Mario 64,20b854b239203baf6c961b850a4a51a2,Super Mario 64 (USA).z64,nointro,,usa,Super Mario 64 (USA).zip,6236285
Nintendo 64,10082,Super Smash Bros.,F7C52568A31AADF26E14DC2B6416B2ED,Super Smash Bros. (USA).z64,nointro,,usa,Super Smash Bros. (USA).zip,12528904
Nintendo 64,10113,The Legend of Zelda: Ocarina of Time,5BD1FE107BF8106B2AB6650ABECD54D6,"Legend of Zelda, The - Ocarina of Time (USA).z64",nointro,,usa,"Legend of Zelda, The - Ocarina of Time (USA).zip",26564897
Nintendo 64,10210,Banjo-Kazooie,B29599651A13F681C9923D69354BF4A3,Banjo-Kazooie (USA).z64,nointro,,usa,Banjo-Kazooie (USA).zip,16308115
Nintendo 64,10679,The Legend of Zelda: Majora's Mask,2A0A8ACB61538235BC1094D297FB6556,"Legend of Zelda, The - Majora's Mask (USA).z64",nointro,,usa,"Legend of Zelda, The - Majora's Mask (USA).zip",27522119
Nintendo 64,10075,Donkey Kong 64,9ec41abf2519fc386cadd0731f6e868c,Donkey Kong 64 (USA).z64,nointro,,usa,Donkey Kong 64 (USA).zip,27715023
Nintendo 64,10246,Kirby 64: The Crystal Shards,D33E4254336383A17FF4728360562ADA,Kirby 64 - The Crystal Shards (USA).z64,nointro,,usa,Kirby 64 - The Crystal Shards (USA).zip,12214027
Nintendo 64,10202,Diddy Kong Racing,4F0E07F0EEAC7E5D7CE3A75461888D03,"Diddy Kong Racing (USA) (En,Fr).z64",nointro,,usa,"Diddy Kong Racing (USA) (En,Fr).zip",9941186
Nintendo 64,10073,GoldenEye 007,70C525880240C1E838B8B1BE35666C3B,GoldenEye 007 (USA).z64,nointro,,usa,GoldenEye 007 (USA).zip,10773748
Nintendo 64,10248,Star Fox 64,caf9a78db13ee00002ff63a3c0c5eabb,Star Fox 64 (USA).z64,nointro,,usa,Star Fox 64 (USA).zip,10608784
Nintendo 64,10173,Yoshi's Story,586A092E22604840973B82DFACEAC77A,"Yoshi's Story (USA) (En,Ja).z64",nointro,,usa,"Yoshi's Story (USA) (En,Ja).zip",9606291
Nintendo 64,10263,Mario Party,8BC2712139FBF0C56C8EA835802C52DC,Mario Party (USA).z64,nointro,,usa,Mario Party (USA).zip,21533197
Nintendo 64,10617,Wave Race 64,2048a640c12d1cf2052ba1629937d2ff,Wave Race 64 - Kawasaki Jet Ski (USA) (Rev 1).z64,nointro,,usa,Wave Race 64 - Kawasaki Jet Ski (USA) (Rev 1).zip,6155852
Nintendo 64,10667,Castlevania,06B58673F7D31C56F8FE8186E86F6BD6,Castlevania (USA) (Rev 2).z64,nointro,,usa,Castlevania (USA) (Rev 2).zip,9784882
Nintendo 64,10133,F-Zero X,753437D0D8ADA1D12F3F9CF0F0A5171F,F-Zero X (USA).z64,nointro,,usa,F-Zero X (USA).zip,12953815
Nintendo 64,10211,Banjo-Tooie,40E98FAA24AC3EBE1D25CB5E5DDF49E4,Banjo-Tooie (USA).z64,nointro,,usa,Banjo-Tooie (USA).zip,32775626
Nintendo 64,10181,Pokémon Stadium,ED1378BC12115F71209A77844965BA50,Pokemon Stadium (USA).z64,nointro,,usa,Pokemon Stadium (USA).zip,27664145
Nintendo 64,10270,Pokémon Puzzle League,E722576A15182CFED6782379CE4BC8BE,Pokemon Puzzle League (USA).z64,nointro,,usa,Pokemon Puzzle League (USA).zip,22610884
Nintendo 64,10648,Star Wars: Rogue Squadron,2E458D7CC355D7918493B0E0362C9A20,Star Wars - Rogue Squadron (USA) (Rev 1).z64,nointro,,usa,Star Wars - Rogue Squadron (USA) (Rev 1).zip,14430639
Nintendo 64,10259,Mario Golf,903E6929666531D72D05D1E4C522E305,Mario Golf (USA).z64,nointro,,usa,Mario Golf (USA).zip,17314913
Nintendo 64,10110,Perfect Dark,7F4171B0C8D17815BE37913F535E4E93,Perfect Dark (USA).z64,nointro,,usa,Perfect Dark (USA).zip,30013942
Nintendo 64,10264,Mario Party 2,04840612A35ECE222AFDB2DFBF926409,Mario Party 2 (USA).z64,nointro,,usa,Mario Party 2 (USA).zip,24939478
Nintendo 64,10162,Blast Corps,5875FC73069077C93E214233B60F0BDC,Blast Corps (USA) (Rev 1).z64,nointro,,usa,Blast Corps (USA) (Rev 1).zip,7227718
Nintendo 64,10108,Mario Party 3,76A8BBC81BC2060EC99C9645867237CC,Mario Party 3 (USA).z64,nointro,,usa,Mario Party 3 (USA).zip,25479420
Nintendo 64,10153,Star Wars: Shadows of the Empire,C7B40352AAD8D863D88D51672F9A0087,Star Wars - Shadows of the Empire (USA) (Rev 2).z64,nointro,,usa,Star Wars - Shadows of the Empire (USA) (Rev 2).zip,11819032
Nintendo 64,12984,The New Tetris,7a28179b00734c9aa0f0609fafaafd5f,"New Tetris, The (USA).z64",nointro,,usa,"New Tetris, The (USA).zip",10187499
Nintendo 64,10238,Road Rash 64,28C2373F6D831EEC81F6146A809E701B,Road Rash 64 (USA).z64,nointro,,usa,Road_Rash_64.zip,19044212
Nintendo 64,10258,Pokémon Stadium 2,1561C75D11CEDF356A8DDB1A4A5F9D5D,Pokemon Stadium 2 (USA).z64,nointro,,usa,Pokemon Stadium 2 (USA).zip,48975651
Nintendo 64,10077,Resident Evil 2,1add2c0217662b307cdfd876b35fbf7a,Resident Evil 2 (USA) (Rev 1).z64,nointro,,usa,Resident_Evil_2_(Biohazard_2).zip,65160025
Nintendo 64,10085,Cruis'n USA,00A3E885F8D899646228A21D946B2102,Cruis'n USA (USA).z64,nointro,,usa,Cruis'n USA (USA).zip,4582207
Nintendo 64,10116,Mortal Kombat 4,C70B91430866300CE38B49098019EF9D,Mortal Kombat 4 (USA).z64,nointro,,usa,Mortal_Kombat_4.zip,13674259
Nintendo 64,10148,Army Men: Sarge's Heroes,B8085C2EDB1C6D23E52ED8C06D92B4F8,Army Men - Sarge's Heroes (USA).z64,nointro,,usa,Army Men_ Sarge's Heroes.zip,5255661
Nintendo 64,10256,Mickey's Speedway USA,0BF64427CF68E49C70E9EC2C9D815209,Mickey's Speedway USA (USA).z64,nointro,,usa,Mickey's Speedway USA.zip,22491503
Nintendo 64,10309,Glover,87aa5740dff79291ee97832da1f86205,Glover (USA).z64,nointro,,usa,Glover (USA).zip,5837142
Nintendo 64,10120,Bomberman 64,093058ECE14C8CC1A887B2087EB5CFE9,Bomberman 64 (USA).z64,nointro,,usa,Bomberman 64 (USA).zip,5338172
Nintendo 64,10328,South Park,1730119B0455EF89C4E495DEC8E950A5,South Park (USA).z64,nointro,,usa,South_Park.zip,14062615
Nintendo 64,10157,Harvest Moon 64,6DA848A70D83ECE130D274124760928E,Harvest Moon 64 (USA).z64,nointro,,usa,Harvest Moon 64 (USA).zip,6561688
Nintendo 64,10093,Hexen,EB98F1B8C6898AF7417F6882946DA9B3,Hexen (USA).z64,nointro,,usa,Hexen.zip,7834582
Nintendo 64,16231,Donald Duck: Goin' Quackers,0e0e920ab13ef13508f5a98cc4cd2ff8,"Donald Duck - Goin' Quackers (USA) (En,Fr,De,Es,It).z64",nointro,,usa,"Donald Duck - Goin' Quackers (USA) (En,Fr,De,Es,It).n64.zip",11761469
Nintendo 64,10080,Doom 64,B67748B64A2CC7EFD2F3AD4504561E0E,Doom 64 (USA).z64,nointro,,usa,Doom 64 (USA).zip,7306335
Nintendo 64,10166,Cruis'n World,aada4cbd938e58a447b399a1d46f03e6,Cruis'n World (USA).z64,nointro,,usa,Cruis'n World (USA).zip,11132055
Nintendo 64,10081,Mystical Ninja Starring Goemon,643CCE1AB06F97E9590241D27E5C2363,Mystical Ninja Starring Goemon (USA).z64,nointro,,usa,Mystical Ninja Starring Goemon (USA).zip,13318408
Nintendo 64,30,Jet Force Gemini,772CC6EAB2620D2D3CDC17BBC26C4F68,Jet Force Gemini (USA).z64,nointro,,usa,Jet Force Gemini (USA).zip,29786319
Nintendo 64,10912,Hot Wheels: Turbo Racing,4311A1AEF1898678331F7E3486055307,Hot Wheels - Turbo Racing (USA).z64,nointro,,usa,Hot Wheels - Turbo Racing (USA).zip,11337205
Nintendo 64,10331,WWF No Mercy,66b8ec24557a50514a814f15429bd559,WWF No Mercy (USA) (Rev 1).z64,nointro,,usa,WWF No Mercy (USA) (Rev 1).zip,25911528
Nintendo 64,10135,007: The World Is Not Enough,9d58996a8aa91263b5cd45c385f45fe4,007 - The World Is Not Enough (USA).z64,nointro,,usa,007 - The World Is Not Enough (USA).zip,26574277
Nintendo 64,10329,Rampage 2: Universal Tour,8113D0EA2008402D4631F241F625D16B,Rampage 2 - Universal Tour (USA).z64,nointro,,usa,Rampage_2_–_Universal_Tour.zip,10954559
Nintendo 64,10871,Magical Tetris Challenge,79FCC98002D1F4C79DEAF55784222DF8,Magical Tetris Challenge (USA).z64,nointro,,usa,Magical Tetris Challenge (USA).zip,11432575
Nintendo 64,10199,Snowboard Kids,EB31F4F9C1FE26A3A663F74E9790516E,Snowboard Kids (USA).z64,nointro,,usa,Snowboard Kids (USA).zip,4795442
Nintendo 64,10448,WCW/nWo Revenge,C1384F3637D7A381B29341FED3EF3CEB,WCW-nWo Revenge (USA).z64,nointro,,usa,WCW-nWo_Revenge.zip,12072504
Nintendo 64,10298,Tarzan,EAE7E0EE5328ED9F13B9CF9990189928,Tarzan (USA).z64,nointro,,usa,Tarzan.zip,14755850
Nintendo 64,10115,Mega Man 64,3620674ACB51E436D5150738AC1C0969,Mega Man 64 (USA).z64,nointro,,usa,Mega Man 64 (USA).zip,28139096
Nintendo 64,10118,Toy Story 2: Buzz Lightyear to the Rescue!,B44E9C2D9D2F2DE3AF4793B824CCF936,Toy Story 2 - Buzz Lightyear to the Rescue! (USA).z64,nointro,,usa,Toy Story 2 - Buzz Lightyear to the Rescue! (USA).zip,10024598
Nintendo 64,10285,Bomberman Hero,EF2453BFF7AD0C4BFA9AB0BD6324EBF3,Bomberman Hero (USA).z64,nointro,,usa,Bomberman_Hero.zip,9792140
Nintendo 64,10182,Turok: Dinosaur Hunter,AE5107EFDD3C210E1EDD4ACD9B3CAC31,Turok - Dinosaur Hunter (USA).z64,nointro,,usa,Turok - Dinosaur Hunter (USA).zip,7587355
Nintendo 64,10337,Spider-Man,7F1991B8861E7E532EC21ECF2AF82191,Spider-Man (USA).z64,nointro,,usa,Spider-Man (USA).zip,28795082
Nintendo 64,10136,1080° Snowboarding,FA27089C425DBAB99F19245C5C997613,"1080 Snowboarding (Japan, USA) (En,Ja).z64",nointro,,usa,"1080 Snowboarding (Japan, USA) (En,Ja).zip",11827167
Nintendo 64,10129,Fighting Force 64,E7008D17FD71D9C2BDA1362C885388B2,Fighting Force 64 (USA).z64,nointro,,usa,Fighting_Force_64.zip,10268053
Nintendo 64,10124,Tony Hawk's Pro Skater,aff424a1883dc7bb92c7b2ebe9342f85,Tony Hawk's Pro Skater (USA) (Rev 1).z64,nointro,,usa,Tony_Hawk’s_Pro_Skater.zip,12047738
Nintendo 64,10269,Rayman 2: The Great Escape,5dbbfd5ace8222fa8fe51be113453c13,"Rayman 2 - The Great Escape (Europe) (En,Fr,De,Es,It).z64",nointro,,europe,"Rayman 2 - The Great Escape (Europe) (En,Fr,De,Es,It).zip",19075576
Nintendo 64,10347,Quake 64,097605021951024C3ECB2D502C0C2A9F,Quake (USA).z64,nointro,,usa,Quake 64 (U) [!].zip,11578923
Nintendo 64,10216,Quest 64,EA552E33973468233A0712C251ABDB6B,Quest 64 (USA).z64,nointro,,usa,Quest 64 (USA).zip,6999927
Nintendo 64,10168,LEGO Racers,26B5EAA13DC5B5E35307FE8C0CF5B6BA,"LEGO Racers (USA) (En,Fr,De,Es,It,Nl,Sv,No,Da,Fi).z64",nointro,,usa,LEGO_Racers.zip,10487976
Nintendo 64,10685,Sesame Street: Elmo's Letter Adventure,15df97a59b2354b130dec3fb86bba513,Sesame Street - Elmo's Letter Adventure (USA).z64,nointro,,usa,Elmo's Letter Adventure (USA).zip,5608126
Nintendo 64,10198,Goemon's Great Adventure,29BC5C1A24D3979D376AD421000AC9CB,Goemon's Great Adventure (USA).z64,nointro,,usa,Goemon's Great Adventure (USA).zip,14710516
Nintendo 64,10186,Ridge Racer 64,990F97D56456FC23E52BD263E709E21E,RR64 - Ridge Racer 64 (USA).z64,nointro,,usa,RR64 - Ridge Racer 64 (USA).zip,18768632
Nintendo 64,10159,Castlevania: Legacy of Darkness,25258460F98F567497B24844ABE3A05B,Castlevania - Legacy of Darkness (USA).z64,nointro,,usa,Castlevania - Legacy of Darkness (USA).zip,13727606
Nintendo 64,10326,Bust-A-Move '99,8567382d3cd5bc0406b7b4c780f621dc,Bust-A-Move '99 (USA).z64,nointro,,usa,Bust-A-Move '99 (USA).zip,7051080
Nintendo 64,10170,Beetle Adventure Racing!,CF97C336479DDBF1217E4DDE89D9D2D3,"Beetle Adventure Racing! (USA) (En,Fr,De).z64",nointro,,usa,"Beetle Adventure Racing! (USA) (En,Fr,De).zip",12799387
Nintendo 64,22859,Clay Fighter 63 1/3,3207bf22e305c488109b09a03706f36f,Clay Fighter 63 1-3 (USA).z64,nointro,,usa,Clay Fighter 63 1-3 (USA).zip,10306820
Nintendo 64,10457,Cruis'n Exotica,DB7A03B77D44DB81B8A3FCDFC4B72D8C,Cruis'n Exotica (USA).z64,nointro,,usa,Cruis’n_Exotica.zip,14345595
Nintendo 64,10586,Clay Fighter: Sculptor's Cut,30e7e083b978408d5b7760d0ce4dc61d,Clay Fighter - Sculptor's Cut (USA).z64,nointro,,usa,Clay Fighter - Sculptor's Cut (USA).zip,14180401
Nintendo 64,10459,Sesame Street: Elmo's Number Journey,f733453ed26afa0aca8d3eb3b5b6d8ea,Sesame Street - Elmo's Number Journey (USA).z64,nointro,,usa,Elmo's Number Journey (USA).zip,6173446
Nintendo 64,10271,Re-Volt,3FC4D3187435443455F8355B2D3F8934,Re-Volt (USA).z64,nointro,,usa,Re-Volt (USA).zip,10325958
Nintendo 64,10119,Sin and Punishment,a0657bc99e169153fd46aeccfde748f3,Tsumi to Batsu - Hoshi no Keishousha (Japan).z64,nointro,,japan,Tsumi to Batsu - Hoshi no Keishousha (Japan).zip,25369276
Nintendo 64,10407,Buck Bumble,41417FCE2B37EAAE787C5A845A0015C4,Buck Bumble (USA).z64,nointro,,usa,Buck_Bumble.zip,5281363
Nintendo 64,10114,Mortal Kombat Trilogy,3DCB15043063BD656A0223C519218CFB,Mortal Kombat Trilogy (USA) (Rev 2).z64,nointro,,usa,Mortal Kombat Trilogy (USA) (Rev 2).zip,10661445
Nintendo 64,10158,Destruction Derby 64,7FCCB47498EEC06E96AE9372247D1E90,Destruction Derby 64 (USA).z64,nointro,,usa,Destruction Derby 64 (USA).zip,10287462
Nintendo 64,10272,StarCraft 64,559F71B861F639B6376D891E3023414B,StarCraft 64 (USA).z64,nointro,,usa,StarCraft 64 (USA)(1).zip,26971970
Nintendo 64,10137,A Bug's Life,7fd6bffb80f920e01ef869829d485ea3,"Bug's Life, A (USA).z64",nointro,,usa,"Bug's Life, A (USA).zip",11249484
Nintendo 64,10489,Namco Museum 64,E61251D2819E3BF3A9C0B95329F60F70,Namco Museum 64 (USA).z64,nointro,,usa,Namco Museum 64 (USA).zip,3059370
Nintendo 64,10394,Ms. Pac-Man Maze Madness,08bea3310e778a6584eb64cd3f15f86e,Ms. Pac-Man - Maze Madness (USA).z64,nointro,,usa,Ms._Pac-Man_–_Maze_Madness.zip,10407980
Nintendo 64,10452,Bio F.R.E.A.K.S.,B90AB8F7605D971CC7A6D9BA5E67D1AF,Bio F.R.E.A.K.S. (USA).z64,nointro,,usa,Bio_F.R.E.A.K.S..zip,12610730
Nintendo 64,10683,Hybrid Heaven,C47E95BB32AB132C41D67BD243F9E02A,Hybrid Heaven (USA).z64,nointro,,usa,Hybrid Heaven (USA).zip,11666425
Nintendo 64,10646,Scooby-Doo! Classic Creep Capers,01cd9938dae5dcdd4b264ae7f26c6d4d,Scooby-Doo! - Classic Creep Capers (USA) (Rev 1).z64,nointro,,usa,Scooby-Doo!_Classic_Creep_Capers.zip,10207215
Nintendo 64,10172,Tetrisphere,3F88078E2D9DBF6C9372F6373CF9AE09,Tetrisphere (USA).z64,nointro,,usa,Tetrisphere (USA).zip,6648409
Nintendo 64,10614,Shadowgate 64: Trials of the Four Towers,407a1a18bd7dbe0485329296c3f84eb8,"Shadowgate 64 - Trials of the Four Towers (USA) (En,Es).z64",nointro,,usa,Shadowgate_64_–_Trials_Of_The_Four_Towers.zip,13355983
Nintendo 64,10392,South Park Rally,1C494719032FF99382B167C43FB11762,South Park Rally (USA).z64,nointro,,usa,South_Park_Rally.zip,14115471
Nintendo 64,10121,Duke Nukem 64,C7F1A43764A26DA2E43F2A36A5F76E4C,Duke Nukem 64 (USA).z64,nointro,,usa,Duke_Nukem_64.zip,7474182
Nintendo 64,10607,Chameleon Twist,397BE52D4FB7DF1E26C6275E05425571,Chameleon Twist (USA).z64,nointro,,usa,Chameleon Twist (USA).zip,6083662
Nintendo 64,10530,WCW vs. nWo: World Tour,203c3bbfdd10c5a0b7c5d0cdb085d853,WCW vs. nWo - World Tour (USA).z64,nointro,,usa,WCW vs. nWo - World Tour (USA)(1).zip,8144785
Nintendo 64,10627,South Park: Chef's Luv Shack,6af573eb055648a8542aa82d9524fb2f,South Park - Chef's Luv Shack (USA).z64,nointro,,usa,South Park - Chef's Luv Shack (USA).zip,14214426
Nintendo 64,10171,Tetris 64,7C8EFCF4FBA28F9F5B5EA10A71283BF3,Tetris 64 (Japan) (En).z64,nointro,,japan,Tetris_64.zip,6742290
Nintendo 64,10127,Duke Nukem: Zero Hour,026789D47DB5FE202A76F89797B33AC7,Duke Nukem - Zero Hour (USA).z64,nointro,,usa,Duke Nukem - Zero Hour (USA).zip,24960332
Nintendo 64,10223,Gex 3: Deep Cover Gecko,6770DDEC84EB21A5E0D0F55DFD52A01A,Gex 3 - Deep Cover Gecko (USA).z64,nointro,,usa,Gex_3_–_Deep_Cover_Gecko.zip,26555932
Nintendo 64,10587,Monopoly,D51506EDB0A941A00EB45850703B32CB,Monopoly (USA).z64,nointro,,usa,Monopoly.zip,2870001
Nintendo 64,10255,Shadow Man,b457298b87b85bbf950f24867daa9475,Shadow Man (USA).z64,nointro,,usa,Shadow Man (USA).zip,30137769
Nintendo 64,10429,Fighters Destiny,d61d97a7658c419a25a9bac96b0a3df8,Fighters Destiny (USA).z64,nointro,,usa,Fighters_Destiny_(Fighting_Cup).zip,8890764
Nintendo 64,10330,Bomberman 64: The Second Attack!,AEC1FDB0F1CAAD86C9F457989A4CE482,Bomberman 64 - The Second Attack! (USA).z64,nointro,,usa,Bomberman 64 - The Second Attack! (USA).zip,11470499
Nintendo 64,10517,Top Gear Rally,6f7030284b6bc84a49e07da864526b52,Top Gear Rally (USA).z64,nointro,,usa,Top_Gear_Rally.zip,5519973
Nintendo 64,10486,Mission: Impossible,EEBDFBD7CB57202D70CFFFCAAF55E93E,Mission - Impossible (USA).z64,nointro,,usa,Mission_Impossible.zip,11794561
Nintendo 64,10515,Tom and Jerry in Fists of Furry,a63a9af85be8bb47c1741b8a37115354,Tom and Jerry in Fists of Furry (USA).z64,nointro,,usa,Tom_And_Jerry_In_Fists_Of_Furry.zip,8155668
Nintendo 64,10149,Army Men: Sarge's Heroes 2,6EEA5C4A6256092ED8F9BA8861C689C6,Army Men - Sarge's Heroes 2 (USA).z64,nointro,,usa,Army_Men_–_Sarge’s_Heroes_2.zip,4983507
Nintendo 64,10333,San Francisco Rush 2049,AF5BE0ADFF51A8E9C6D771282C295810,San Francisco Rush 2049 (USA).z64,nointro,,usa,San Francisco Rush 2049 (USA).zip,11403302
Nintendo 64,10087,Rampage: World Tour,4645672A0CF00ADA9B5E37CFDE8B024E,Rampage - World Tour (USA).z64,nointro,,usa,Rampage_–_World_Tour.zip,10405479
Nintendo 64,10532,Wipeout 64,73C6D87DBE50F73F3B44E0F237A546D7,Wipeout 64 (USA).z64,nointro,,usa,Wipeout 64 (USA).zip,6034467
Nintendo 64,10926,Mortal Kombat Mythologies: Sub-Zero,deec4faec416f4e02d934c2e42c0caad,Mortal Kombat Mythologies - Sub-Zero (USA).z64,nointro,,usa,Mortal_Kombat_Mythologies__Sub-Zero.zip,13742095
Nintendo 64,10360,San Francisco Rush: Extreme Racing,F015FC28E1D62A36B4EBF4C79CA8F285,"San Francisco Rush - Extreme Racing (USA) (En,Fr,De).z64",nointro,,usa,"San Francisco Rush - Extreme Racing (USA) (En,Fr,De).zip",7949859
Nintendo 64,10265,Body Harvest,3B8585ED03E8DDB89D7DE456317545E7,Body Harvest (USA).z64,nointro,,usa,Body Harvest (USA).zip,7122897
Nintendo 64,10473,Killer Instinct Gold,8E33AD20C31FEB61D7230FAD28846C5C,Killer Instinct Gold (USA).z64,nointro,,usa,Killer Instinct Gold (USA).zip,12065797
Nintendo 64,10520,Turok 2: Seeds of Evil,166221365DB70D446C4206083D422DD1,Turok 2 - Seeds of Evil (USA) (Rev 1).z64,nointro,,usa,Turok 2 - Seeds of Evil (USA) (Rev 1).zip,29547145
Nintendo 64,10165,Indiana Jones and the Infernal Machine,70DE1EAB508596B6BBEFD168B5D07194,Indiana Jones and the Infernal Machine (USA).z64,nointro,,usa,Indiana Jones and the Infernal Machine (USA).zip,27482731
Nintendo 64,10126,Tony Hawk's Pro Skater 3,9D4891BF26881C4541171B0235015FD4,Tony Hawk's Pro Skater 3 (USA).z64,nointro,,usa,Tony_Hawk’s_Pro_Skater_3.zip,15127795
Nintendo 64,11530,Dance Dance Revolution: Disney Dancing Museum,0b86fa9259e2b751111a1701091644b1,Dance Dance Revolution - Disney Dancing Museum (Japan).z64,nointro,,japan,Dance Dance Revolution - Disney Dancing Museum (Japan).zip,20614789
Nintendo 64,10466,Forsaken 64,5cdee5503a57d14533c66b35a5848899,Forsaken 64 (USA).z64,nointro,,usa,Forsaken 64 (USA).zip,7003277
Nintendo 64,10125,Tony Hawk's Pro Skater 2,29974692808C112B306FBD259273DC96,Tony Hawk's Pro Skater 2 (USA).z64,nointro,,usa,Tony_Hawk’s_Pro_Skater_2.zip,15372528
Nintendo 64,10332,WWF WrestleMania 2000,D9030CA30E4D1AF805ACCE1BFED988CC,WWF WrestleMania 2000 (USA).z64,nointro,,usa,WWF_WrestleMania_2000.zip,22365198
Nintendo 64,15805,~Prototype~ Tamiya Racing 64,cecab8df02c02f38c9cf1bdd57b1da00,Tamiya Racing 64 (USA) (Proto).z64,nointro,,usa,Tamiya Racing 64 (USA) (Proto).zip,7894941
Nintendo 64,10430,Rugrats: Scavenger Hunt,8C432235A57D34BC4A9B8B290E21E01E,Rugrats - Scavenger Hunt (USA).z64,nointro,,usa,Rugrats - Scavenger Hunt (USA).zip,12988856
Nintendo 64,10325,WWF War Zone,2322da2b9e7dc74678cd683b7a246b49,WWF War Zone (USA).z64,nointro,,usa,WWF War Zone (USA).zip,11344744
Nintendo 64,10574,Custom Robo,A06D2E83CF2628915E8847F609474661,Custom Robo (Japan).z64,nointro,,japan,Custom Robo (Japan).zip,11599188
Nintendo DS,7212,Pokémon HeartGold Version | Pokémon SoulSilver Version,258cea3a62ac0d6eb04b5a0fd764d788,Pokemon - HeartGold Version (USA).nds,nointro,,usa,Pokemon.-.HeartGold.Version.USA.zip,60576232
Nintendo DS,5522,Castlevania: Dawn of Sorrow,"cc0f25b8783fb83cb4588d1c111bdc18
",Castlevania - Dawn of Sorrow (USA).nds,nointro,,usa,Castlevania.-.Dawn.of.Sorrow.USA.zip,24674694
Nintendo DS,14806,Sonic Rush,bd4dcf6ad27de0e3212b8c67864df0ec,"Sonic Rush (USA) (En,Ja,Fr,De,Es,It).nds",nointro,,usa,Sonic.Rush.USA.En.Ja.Fr.De.Es.It.zip,44996519
Nintendo DS,14763,Kirby Super Star Ultra,c0c84468ce0c9c7b3b97246ec443df1f,Kirby Super Star Ultra (USA).nds,nointro,,usa,Kirby.Super.Star.Ultra.USA.zip,63315502
Nintendo DS,11732,Pokémon Platinum Version,d66ad7a2a0068b5d46e0781ca4953ae9,Pokemon - Platinum Version (USA).nds,nointro,,usa,Pokemon.-.Platinum.Version.USA.zip,50714151
Nintendo DS,9983,Super Mario 64 DS,9b40c229313a024f5125513eaf73c084,"Super Mario 64 DS (Europe) (En,Fr,De,Es,It).nds",nointro,,europe,New.Super.Mario.Bros.Europe.EnFrDeEsIt.zip,17117026
Nintendo DS,9878,Tetris DS,dd12d68dff6cc5fc571374117b6ad1c4,"Tetris DS (USA, Australia).nds",nointro,,usa,Tetris.DS.USA.zip,6996716
Nintendo DS,16211,Pokémon White Version,77c34ba77f8fa44e7caf04f695db0560,"Pokemon - White Version (USA, Europe) (NDSi Enhanced).nds",nointro,,usa,Pokemon.-.White.Version.USA.Europe.NDSi.Enhanced.zip,110798062
Nintendo DS,12711,Mario Kart DS,8cbf438d5a7c0d9acbe56a9b627ca6c5,"Mario Kart DS (USA, Australia) (En,Fr,De,Es,It).nds",nointro,,usa,Mario.Kart.DS.USA.En.Fr.De.Es.It.zip,19310901
Nintendo DS,12747,Phoenix Wright: Ace Attorney,6580f4f45f6378a08914a7784f93e7fe,Phoenix Wright - Ace Attorney (USA).nds,nointro,,usa,Phoenix.Wright.-.Ace.Attorney.USA.zip,38655460
Nintendo DS,14700,Kirby: Squeak Squad,80d8fbf4b3ed69441f4f6e4ec8b8aed9,Kirby - Squeak Squad (USA).nds,nointro,,usa,Kirby.-.Squeak.Squad.USA.zip,14044126
Nintendo DS,14853,Pokémon Mystery Dungeon: Explorers of Sky,55f8c2296cc23bf0aa4615bea1e1181e,"Pokemon Mystery Dungeon - Explorers of Sky (Europe) (En,Fr,De,Es,It).nds",nointro,,europe,Pokemon.Mystery.Dungeon.-.Explorers.of.Sky.Europe.EnFrDeEsIt.zip,65800070
Nintendo DS,9407,Castlevania: Portrait of Ruin,9d45cdbb61f211198acce8d2baac379b,"Castlevania - Portrait of Ruin (Europe) (En,Fr,De,Es,It).nds",nointro,,europe,Castlevania.-.Portrait.of.Ruin.Europe.EnFrDeEsIt.zip,27990102
Nintendo DS,9518,Professor Layton and the Curious Village,fc519507f2e6f07c1f212ea00744e21a,"Professor Layton and the Curious Village (USA, Australia).nds",nointro,,usa,Professor.Layton.and.the.Curious.Village.USA.Australia.zip,53330146
Nintendo DS,7010,Castlevania: Order of Ecclesia,deaebf0c01c2a27b3a3f9db7bd2e014b,"Castlevania - Order of Ecclesia (Europe) (En,Fr,De,Es,It).nds",nointro,,europe,Castlevania.-.Order.of.Ecclesia.Europe.EnFrDeEsIt.zip,30366349
Nintendo DS,12718,Plants vs. Zombies,76cf05a94a00998e28878ffe3e82a3ba,Plants vs. Zombies (USA).nds,nointro,,usa,Plants.vs.Zombies.USA.zip,25169183
Nintendo DS,5323,Mario & Luigi: Bowser's Inside Story,b128e8292f69780efffcdb3da03577e6,"Mario & Luigi - Bowser's Inside Story (Europe) (En,Fr,De,Es,It).nds",nointro,,europe,Mario.Luigi.-.Bowsers.Inside.Story.Europe.EnFrDeEsIt.zip,65709205
Nintendo DS,5853,Pokémon Black Version 2,a7825c7d4f9ae72532297323bfeba902,"Pokemon - Black Version 2 (USA, Europe) (NDSi Enhanced).nds",nointro,,usa,Pokemon.-.Black.Version.2.USA.Europe.NDSi.Enhanced.zip,154068254
Nintendo DS,9594,Animal Crossing: Wild World,19bfd960234b03f0113f7dc13cf7af10,"Animal Crossing - Wild World (Europe) (En,Fr,De,Es,It).nds",nointro,,europe,Animal.Crossing.-.Wild.World.Europe.EnFrDeEsIt.zip,28714806
Nintendo DS,14811,Sonic & Sega All-Stars Racing,57f307c3bc4903783f28ad237fed9630,"Sonic & SEGA All-Stars Racing (Europe) (En,Fr,De,Es,It).nds",nointro,,europe,Sonic.SEGA.All-Stars.Racing.Europe.EnFrDeEsIt.zip,51605859
Nintendo DS,14323,The Legend of Zelda: Phantom Hourglass,e727e333ba706ac1f67352a287c419a3,"Legend of Zelda, The - Phantom Hourglass (USA) (En,Fr,Es).nds",nointro,,usa,Legend.of.Zelda.The.-.Phantom.Hourglass.USA.EnFrEs.zip,48211868
Nintendo DS,9852,Pokémon Diamond Version,7a07da9e059739c85da7f021e8949b8c,Pokemon - Diamond Version (USA) (Rev 5).nds,nointro,,usa,Pokemon.-.Diamond.Version.USA.Rev.5.zip,27881076
Nintendo DS,14808,Sonic Colors,a7e1c4de56014e8e48e0f976f39f1a44,"Sonic Colors (USA) (En,Ja,Fr,De,Es,It).nds",nointro,,usa,Sonic.Colors.USA.EnJaFrDeEsIt.zip,50812498
Nintendo DS,16197,Pokémon White Version 2,b24b5463d801b87fac81381238667315,"Pokemon - White Version 2 (USA, Europe) (NDSi Enhanced).nds",nointro,,usa,Pokemon.-.White.Version.2.USA.Europe.NDSi.Enhanced.zip,153759810
Nintendo DS,1199,WarioWare: Touched!,e08a2e48488c7370f0dfce6ac7dddc1e,"WarioWare - Touched! (Europe) (En,Fr,De,Es,It).nds",nointro,,europe,WarioWare.-.Touched.Europe.EnFrDeEsIt.zip,23442375
Nintendo DS,16298,Ace Attorney Investigations: Miles Edgeworth,97e1dd782b500833d354dd340736013e,Ace Attorney Investigations - Miles Edgeworth (USA).nds,nointro,,usa,Ace.Attorney.Investigations.-.Miles.Edgeworth.USA.zip,29672325
Nintendo DS,16274,Resident Evil: Deadly Silence,aabe32cc33b3e445268889b9f3eef2ca,Resident Evil - Deadly Silence (USA).nds,nointro,,usa,Resident.Evil.-.Deadly.Silence.USA.zip,109418953
Nintendo DS,17492,Pokémon Mystery Dungeon: Blue Rescue Team,89f431748ac9c1328106c676adc6d085,"Pokemon Mystery Dungeon - Blue Rescue Team (Europe) (En,Fr,De,Es,It).nds",nointro,,europe,Pokemon.Mystery.Dungeon.-.Blue.Rescue.Team.Europe.EnFrDeEsIt.zip,13624650
Nintendo DS,9093,Dragon Quest IX: Sentinels of the Starry Skies,ebb3e9ee86d520f624ffc701a912779b,"Dragon Quest IX - Sentinels of the Starry Skies (Europe) (En,Fr,De,Es,It).nds",nointro,,europe,Dragon.Quest.IX.-.Sentinels.of.the.Starry.Skies.Europe.EnFrDeEsIt.zip,182657615
Nintendo DS,17565,Drawn To Life: SpongeBob SquarePants Edition,24e279292467f8dd61d398c0f7779bb4,"Drawn to Life - SpongeBob SquarePants Edition (Europe) (En,Fr,De,It,Nl).nds",nointro,,europe,Drawn.to.Life.-.SpongeBob.SquarePants.Edition.Europe.EnFrDeItNl.zip,16183221
Nintendo DS,14807,Sonic Rush Adventure,0e2af67715835703fa53a657e3030931,"Sonic Rush Adventure (USA) (En,Ja,Fr,De,Es,It).nds",nointro,,usa,Sonic.Rush.Adventure.USA.EnJaFrDeEsIt.zip,41399363
Nintendo DS,16153,Digimon World DS,2282f2a94f672c03413fe9288e36d58d,Digimon World DS (USA).nds,nointro,,usa,Digimon.World.DS.USA.zip,26325292
Nintendo DS,14860,Pokémon Conquest,22d1e61f6bc137b752f8728e31fa3485,"Pokemon Conquest (USA, Australia) (NDSi Enhanced).nds",nointro,,usa,Pokemon.Conquest.Europe.NDSi.Enhanced.zip,75300529
Nintendo DS,9252,Super Princess Peach,d68d66fa38112e6ab59518caf2aca179,"Super Princess Peach (Europe) (En,Fr,De,Es,It).nds",nointro,,europe,Super.Princess.Peach.Europe.EnFrDeEsIt.zip,13292049
Nintendo DS,9770,Dragon Quest IV: Chapters of the Chosen,fef0aa768a5a6ab490674476f04fae50,"Dragon Quest IV - Chapters of the Chosen (USA) (En,Fr,Es).nds",nointro,,usa,Dragon.Quest.IV.-.Chapters.of.the.Chosen.USA.EnFrEs.zip,62922571
Nintendo DS,9232,Elite Beat Agents,bbf10cada0dcc72068179c600fe79267,Elite Beat Agents (USA).nds,nointro,,usa,Elite.Beat.Agents.USA.zip,110438262
Nintendo DS,25369,Pokémon Pearl Version,99569210410cb13f655fc2a18a2525b4,Pokemon - Pearl Version (USA) (Rev 5).nds,nointro,,usa,Pokemon.-.Pearl.Version.USA.Rev.5.zip,27881090
Nintendo DS,16618,Doodle Jump Journey,671a72464381d8955c8ed90ad9bb90dd,Doodle Jump Journey (USA).nds,nointro,,usa,Doodle.Jump.Journey.USA.zip,979011
Nintendo DS,4958,Final Fantasy Tactics A2: Grimoire of the Rift,215d4042c498fc8348e9acabf9f9c302,"Final Fantasy Tactics A2 - Grimoire of the Rift (Europe) (En,Fr,De,Es).nds",nointro,,europe,Final.Fantasy.Tactics.A2.-.Grimoire.of.the.Rift.Europe.EnFrDeEs.zip,72104039
Nintendo DS,14809,Sonic Chronicles: The Dark Brotherhood,acc15a1e74de316771ee2c5fa2042dd4,"Sonic Chronicles - The Dark Brotherhood (USA) (En,Fr,De,Es,It).nds",nointro,,usa,Sonic.Chronicles.-.The.Dark.Brotherhood.USA.EnFrDeEsIt.zip,83903221
Nintendo DS,14786,Yoshi's Island DS,c7bbf6af9d6876098272e84ceee2029e,Yoshi's Island DS (USA).nds,nointro,,usa,Yoshis.Island.DS.USA.zip,25102033
Nintendo DS,9617,Picross 3D,76434a8ed6fa436cd9f214390577fc98,"Picross 3D (Europe) (En,Fr,De,Es,It).nds",nointro,,europe,Picross.3D.Europe.EnFrDeEsIt.zip,25630658
Nintendo DS,11730,Mario Party DS,9aad4afbb09bc873ae819bb74f238986,"Mario Party DS (Europe) (En,Fr,De,Es,It) (Rev 1).nds",nointro,,europe,Mario.Party.DS.Europe.EnFrDeEsIt.zip,28128278
Nintendo DS,9537,Phoenix Wright: Ace Attorney - Justice for All,305d9643dd405800b56a4bc0ebcd7081,Phoenix Wright - Ace Attorney - Justice for All (USA).nds,nointro,,usa,Phoenix.Wright.-.Ace.Attorney.-.Justice.for.All.USA.zip,13266710
Nintendo DS,1172,Retro Game Challenge,e8946b706009b04120c16453c14f77e6,Retro Game Challenge (USA).nds,nointro,,usa,Retro.Game.Challenge.USA.zip,10845997
Nintendo DS,4911,Ghost Trick: Phantom Detective,f58b3448add412176e45e7394cbea223,"Ghost Trick - Phantom Detective (USA) (En,Fr,De,Es,It).nds",nointro,,usa,Ghost.Trick.-.Phantom.Detective.USA.EnFrDeEsIt.zip,86459654
Nintendo DS,999,"999: Nine Hours, Nine Persons, Nine Doors",7ade38ca60377a283d9f99884bc03bdc,"Nine Hours, Nine Persons, Nine Doors (USA).nds",nointro,,usa,Nine.Hours.Nine.Persons.Nine.Doors.USA.zip,106145550
Nintendo DS,16254,Dragon Quest Heroes: Rocket Slime,973e6373b082ab99675d7f32c2022ef1,Dragon Quest Heroes - Rocket Slime (USA).nds,nointro,,usa,Dragon.Quest.Heroes.-.Rocket.Slime.USA.zip,23023185
Nintendo DS,6616,Scribblenauts,c1cc02f11a34834c388200470abb05ee,"Scribblenauts (Europe) (En,Fr,De,Es,It,Nl).nds",nointro,,europe,Scribblenauts.Europe.EnFrDeEsItNl.zip,14152755
Nintendo DS,15429,Dragon Ball Z: Supersonic Warriors 2,7ec61c73c0217e0616978399dac47499,"Dragon Ball Z - Supersonic Warriors 2 (Europe) (En,Fr,De,Es,It).nds",nointro,,europe,Dragon.Ball.Z.-.Supersonic.Warriors.2.Europe.EnFrDeEsIt.zip,38292824
Nintendo DS,16363,Game & Watch Collection,420fe9e2451fdce12447527b6daa228e,"Game & Watch Collection (USA, Europe) (Club Nintendo).nds",nointro,,usa,Game.Watch.Collection.USA.Europe.Club.Nintendo.zip,832375
Nintendo DS,5291,Tomodachi Collection,8b5692269f005fb96a79eabebb91ff32,Tomodachi Collection (Japan) (Rev 1).nds,nointro,,japan,Tomodachi.Collection.Japan.Rev.1.zip,46252876
Nintendo DS,9985,Rhythm Heaven,ac1462c2f0516f53776d81c69f3263c4,Rhythm Heaven (USA).nds,nointro,,usa,Rhythm.Heaven.USA.zip,108511080
Nintendo DS,5626,Advance Wars: Dual Strike,8d54864bf255ab0b2b0513d4213dc76f,"Advance Wars - Dual Strike (Europe) (En,Fr,De,Es,It).nds",nointro,,europe,Advance.Wars.-.Dual.Strike.Europe.EnFrDeEsIt.zip,23068821
Nintendo DS,16295,Pokémon Ranger,a3d61a457ce077c4c5c16806349aae1b,"Pokemon Ranger (Europe) (En,Fr,De,Es,It).nds",nointro,,europe,Pokemon.Ranger.Europe.EnFrDeEsIt.zip,16612684
Nintendo DS,4655,Dragon Quest V: Hand of the Heavenly Bride,f110efe23e9af4cb59740f8939832a73,"Dragon Quest - The Hand of the Heavenly Bride (Europe) (En,Fr,De,Es,It).nds",nointro,,europe,Dragon.Quest.-.The.Hand.of.the.Heavenly.Bride.Europe.EnFrDeEsIt.zip,79783335
Nintendo DS,9898,The Legend of Zelda: Spirit Tracks,7b94041cdde943449d892215873017a9,"Legend of Zelda, The - Spirit Tracks (USA, Australia) (En,Fr,Es).nds",nointro,,usa,Legend.of.Zelda.The.-.Spirit.Tracks.USA.Australia.EnFrEs.zip,69575212
Nintendo DS,17484,42 All-Time Classics,5ffffa59cffeb24245395351f0437a87,"42 All-Time Classics (Europe) (En,Fr,De,Es,It).nds",nointro,,europe,42.All-Time.Classics.Europe.EnFrDeEsIt.zip,8689214
Nintendo DS,4887,The World Ends with You,e08ab843fe9609f0873c84a8a7678dc6,"World Ends with You, The (USA).nds",nointro,,usa,World.Ends.with.You.The.USA.zip,75907415
Nintendo DS,16622,Inazuma Eleven,b1dad154ab63dcef7c946824e7e5161a,Inazuma Eleven (Europe).nds,nointro,,europe,Inazuma.Eleven.Europe.zip,156863797
Nintendo DS,4663,Final Fantasy III,435ac50f4dbd02bb4d049228df60418a,"Final Fantasy III (Europe) (En,Fr,De,Es,It).nds",nointro,,europe,Final.Fantasy.III.Europe.EnFrDeEsIt.zip,69283918
Nintendo DS,11644,Shin Megami Tensei: Strange Journey,604eb91adb9c58ef3f12804838bbd232,Shin Megami Tensei - Strange Journey (USA).nds,nointro,,usa,Shin.Megami.Tensei.-.Strange.Journey.USA.zip,104851423
Nintendo DS,6102,Kirby: Canvas Curse,91ea6a181df83c2a2b1b256a6190fb21,"Kirby - Power Paintbrush (Europe) (En,Fr,De,Es,It).nds",nointro,,europe,Kirby.-.Power.Paintbrush.Europe.En.Fr.De.Es.It.zip,29411202
Nintendo DS,15542,Metroid Prime Pinball,caed5f7e93886fa445c03975edc19298,"Metroid Prime Pinball (Europe) (En,Fr,De,Es,It).nds",nointro,,europe,Metroid.Prime.Pinball.Europe.EnFrDeEsIt.zip,21551551
Nintendo DS,2642,Kingdom Hearts: 358/2 Days,590e2a2a37642bc79febcfa20c58cc57,"Kingdom Hearts - 358-2 Days (Europe) (En,Fr,De,Es,It).nds",nointro,,europe,Kingdom.Hearts.-.358-2.Days.Europe.EnFrDeEsIt.zip,228199142
Nintendo DS,3103,Phoenix Wright: Ace Attorney - Trials and Tribulations,b1731c9ae7cb1ff05ef9a8ebc361f75c,Phoenix Wright - Ace Attorney - Trials and Tribulations (USA).nds,nointro,,usa,Phoenix.Wright.-.Ace.Attorney.-.Trials.and.Tribulations.USA.zip,13624022
Nintendo DS,16364,Game & Watch Collection 2,fc55fd53102bb4d24fda4b05f094c828,Game & Watch Collection 2 (USA) (Club Nintendo).nds,nointro,,usa,Game.Watch.Collection.2.USA.Club.Nintendo.zip,835710
Nintendo DS,14813,Mario & Sonic at the Olympic Winter Games,afff57688b39ed72a6cdcbda7053e814,"Mario & Sonic at the Olympic Winter Games (Europe) (En,Fr,De,Es,It).nds",nointro,,europe,Mario.Sonic.at.the.Olympic.Winter.Games.Europe.EnFrDeEsIt.zip,91093785
Nintendo DS,16236,The Sims 2,7b9a70093947acb04a2e1eb6458bfb3e,"Sims 2, The (USA) (En,Fr,De,Es,It).nds",nointro,,usa,Sims.2.The.USA.EnFrDeEsIt.zip,57638806
Nintendo DS,9546,Diddy Kong Racing DS,cc22e00538b0d8a027698599da11464d,"Diddy Kong Racing DS (Europe) (En,Fr,De,Es,It).nds",nointro,,europe,Diddy.Kong.Racing.DS.Europe.EnFrDeEsIt.zip,22365768
Nintendo DS,18664,Big Brain Academy,e0e7964ba8b9b1e98c6c99e4b2349d51,"Big Brain Academy (Europe) (En,Fr,De,Es,It,Nl).nds",nointro,,europe,Big.Brain.Academy.Europe.EnFrDeEsItNl.zip,4695907
Nintendo DS,15981,LEGO Rock Band,cd39b46786f48933fc468e8236fe478f,"LEGO Rock Band (USA) (En,Fr,De,Es,It,Da).nds",nointro,,usa,LEGO.Rock.Band.USA.EnFrDeEsItDa.zip,204881691
Nintendo DS,17633,Peggle: Dual Shot,ad62c1722d395d04316ea64a124d6a5a,Peggle Dual Shot (USA).nds,nointro,,usa,Peggle.Dual.Shot.USA.zip,32707272
Nintendo DS,9954,Grand Theft Auto: Chinatown Wars,dd4e23470995a9769b1e580bec2a42ea,"Grand Theft Auto - Chinatown Wars (USA) (En,Fr,De,Es,It).nds",nointro,,usa,Grand.Theft.Auto.-.Chinatown.Wars.USA.EnFrDeEsIt.zip,71653574
Nintendo DS,8572,Fire Emblem: Shadow Dragon,77649c837f98a6e3eee6833e7bfa10be,"Fire Emblem - Shadow Dragon (Europe) (En,Fr,De,Es,It).nds",nointro,,europe,Fire.Emblem.-.Shadow.Dragon.Europe.EnFrDeEsIt.zip,47404716
Nintendo DS,9424,Radiant Historia,be435c50ad90c6e365b8bcbc18bfdf42,Radiant Historia (USA).nds,nointro,,usa,Radiant.Historia.USA.zip,55204174
Nintendo DS,12704,Rune Factory: A Fantasy Harvest Moon,1be064fafbc9765e6697ea9317548a63,"Rune Factory - A Fantasy Harvest Moon (Europe) (En,Fr,De,Es,It).nds",nointro,,europe,Rune.Factory.-.A.Fantasy.Harvest.Moon.Europe.EnFrDeEsIt.zip,73261386
Nintendo DS,14812,Mario & Sonic at the Olympic Games,7158cb3a10e6aae63a5a71982da31527,"Mario & Sonic at the Olympic Games (Europe) (En,Fr,De,Es,It).nds",nointro,,europe,Mario.Sonic.at.the.Olympic.Games.Europe.EnFrDeEsIt.zip,100629241
Nintendo DS,12917,Contra 4,4a0bb913060b127b94ea47aff6c6a340,Contra 4 (USA).nds,nointro,,usa,Contra.4.USA.zip,16372976
Nintendo DS,17140,Rock Band 3,a82dbc99c36c6d27048b02e12bfb4249,"Rock Band 3 (USA) (En,Fr,De,Es,It).nds",nointro,,usa,Rock.Band.3.USA.EnFrDeEsIt.zip,213100687
Nintendo DS,9404,Solatorobo: Red the Hunter,1ca7cd467a7da09d860e3921c595c0d5,"Solatorobo - Red the Hunter (USA) (En,Fr,De,Es,It) (NDSi Enhanced).nds",nointro,,usa,Solatorobo.-.Red.the.Hunter.USA.EnFrDeEsIt.NDSi.Enhanced.zip,56692090
Nintendo DS,16621,Adventure Time: Hey Ice King! Why'd You Steal Our Garbage?!!,336705021ce36580b5f03f789742b678,Adventure Time - Hey Ice King! Why'd You Steal Our Garbage!! (USA).nds,nointro,,usa,Adventure.Time.-.Hey.Ice.King.Whyd.You.Steal.Our.Garbage.USA.zip,15458356
Nintendo DS,15351,LEGO Star Wars: The Complete Saga,6d5586af4c4b2b5dd02d9462089569c2,"LEGO Star Wars - The Complete Saga (Europe) (En,Fr,De,Es,It,Da).nds",nointro,,europe,LEGO.Star.Wars.-.The.Complete.Saga.Europe.EnFrDeEsItDa.zip,55087297
Nintendo DS,4667,Dementium: The Ward,46ddaa7e77fd48a7ef475cb8921418ef,"Dementium - The Ward (Europe) (En,Fr,De,Es,It).nds",nointro,,europe,Dementium.-.The.Ward.Europe.EnFrDeEsIt.zip,39640959
Nintendo DS,14815,Mario vs. Donkey Kong: Mini-Land Mayhem!,632919065880ea332af4e0a50d1741ae,"Mario vs. Donkey Kong - Mini-Land Mayhem! (Europe) (En,Fr,De,Es,It) (NDSi Enhanced)[Encrypted].nds",nointro,,europe,Mario.vs.Donkey.Kong.-.Mini-Land.Mayhem.Europe.EnFrDeEsIt.NDSi.Enhanced.zip,16967840
Nintendo DS,18333,TrackMania DS,c491db5b0a14e1b846d10712535fe8cb,"TrackMania DS (Europe) (En,Fr,De,Es,It).nds",nointro,,europe,TrackMania.DS.Europe.EnFrDeEsIt.zip,29874821
Nintendo DS,16152,Digimon World Dusk,bea76fb98a9073871e48428b4264c257,Digimon World - Dusk (USA).nds,nointro,,usa,Digimon.World.-.Dusk.USA.zip,29756414
Nintendo DS,1378,Metroid Prime: Hunters,b6947e630bcf9e68aa3cf998d89357ac,"Metroid Prime - Hunters (Europe) (En,Fr,De,Es,It) (Rev 1).nds",nointro,,europe,Metroid.Prime.-.Hunters.Europe.EnFrDeEsIt.zip,49197003
Nintendo DS,15350,LEGO Star Wars II: The Original Trilogy,59f291a67879961384f3815b5f69883b,LEGO Star Wars II - The Original Trilogy (USA) (Rev 1).nds,nointro,,usa,LEGO.Star.Wars.II.-.The.Original.Trilogy.USA.Rev.1.zip,22987411
Nintendo DS,9105,Advance Wars: Days of Ruin,da8fa4e5230c75839eebfd7c06fba470,"Advance Wars - Days of Ruin (USA) (En,Fr,Es).nds",nointro,,usa,Advance.Wars.-.Days.of.Ruin.USA.EnFrEs.zip,43581889
Nintendo DS,14816,WarioWare: D.I.Y.,29b17a4fdbd87274a60057e4342d80c8,"WarioWare - Do It Yourself (Europe) (En,Fr,De,Es,It).nds",nointro,,europe,WarioWare.-.Do.It.Yourself.Europe.En.Fr.De.Es.It.zip,26506348
Nintendo DS,6091,Bejeweled 3,7351ea8a0add8abda9af15d2f3a4cb96,"Bejeweled 3 (Europe) (En,Fr,De).nds",nointro,,europe,Bejeweled.3.Europe.EnFrDe.zip,18741058
Nintendo DS,9496,"Flower, Sun, and Rain: Murder and Mystery in Paradise",24757b6de971131ebcf174cc91694216,"Flower, Sun and Rain - Murder and Mystery in Paradise (Europe) (En,Fr,De,Es,It).nds",nointro,,europe,Flower.Sun.and.Rain.-.Murder.and.Mystery.in.Paradise.Europe.EnFrDeEsIt.zip,44765053
Nintendo DS,6907,Trauma Center: Under the Knife,9fdce55a596c460adb0b9174948b0235,"Trauma Center - Under the Knife (Europe) (En,Fr,De,Es,It).nds",nointro,,europe,Trauma.Center.-.Under.the.Knife.Europe.EnFrDeEsIt.zip,11273964
Nintendo DS,17216,N+,0956ae74d21242245a71e644b39a16b8,N+ (USA).nds,nointro,,usa,N.USA.zip,4749381
Nintendo DS,9831,Professor Layton and the Unwound Future,a927df1d6fd962d8e115de982486f955,"Professor Layton and the Lost Future (Europe, Australia).nds",nointro,,europe,Professor.Layton.and.the.Lost.Future.Europe.zip,214342514
Nintendo DS,17744,Yu-Gi-Oh! GX Spirit Caller,4395885bae84737a5aa33ce38c048e7a,"Yu-Gi-Oh! GX - Spirit Caller (Europe) (En,Ja,Fr,De,Es,It).nds",nointro,,europe,Yu-Gi-Oh.GX.-.Spirit.Caller.Europe.EnJaFrDeEsIt.zip,67186295
Nintendo DS,11788,Golden Sun: Dark Dawn,c5df0ca879fe7cd10a553e8b6031db79,"Golden Sun - Dark Dawn (USA, Australia) (En,Es).nds",nointro,,usa,Golden.Sun.-.Dark.Dawn.USA.Australia.EnEs.zip,175233685
Nintendo DS,9734,Cartoon Network Racing,24110b2c67e0452cfce7218c9ac01309,"Cartoon Network Racing (Europe) (En,Fr,De,Es,It,Sv,No,Da).nds",nointro,,europe,Cartoon.Network.Racing.Europe.EnFrDeEsItSvNoDa.zip,52658131
Nintendo DS,1226,Osu! Tatakae! Ouendan,999654092d72821ef56a7c8de260cc64,Osu! Tatakae! Ouendan (Japan).nds,nointro,,japan,Osu.Tatakae.Ouendan.Japan.zip,55712696
Nintendo DS,9914,Etrian Odyssey,f597552b23cf6f19a4af191cc2686eac,"Etrian Odyssey (Europe) (En,Fr,De,Es,It).nds",nointro,,europe,Etrian.Odyssey.Europe.EnFrDeEsIt.zip,11879180
Nintendo DS,9260,Club Penguin: Elite Penguin Force,7aa8d39c4e43169376dfe4f84a0b3694,Club Penguin - Elite Penguin Force (Europe).nds,nointro,,europe,Club.Penguin.-.Elite.Penguin.Force.USA.zip,34946064
Nintendo DS,9443,Digimon World Dawn,695d28eb00d13ed22a4b47a059cac3b9,Digimon World - Dawn (USA).nds,nointro,,usa,Digimon.World.-.Dawn.USA.zip,29756121
Nintendo DS,2141,Brain Age: Train Your Brain in Minutes a Day!,dd00d38b784adcb92a0f089173f9645c,"Dr Kawashima's Brain Training - How Old Is Your Brain (Europe) (En,Fr,De,Es,It,Nl).nds",nointro,,europe,Dr.Kawashima.s.Brain.Training.-.How.Old.Is.Your.Brain.Europe.En.Fr.De.Es.It.Nl.zip,7862237
Nintendo DS,9994,Final Fantasy IV,ae99069b9830d283fb8eb3f7d3c0bee7,"Final Fantasy IV (Europe) (En,Fr,De,Es,It).nds",nointro,,europe,Final.Fantasy.IV.Europe.EnFrDeEsIt.zip,105358313
Nintendo DS,7601,Professor Layton and the Last Specter,95e908922aa5699a9a18be3921e10f1c,Professor Layton and the Spectre's Call (Europe).nds,nointro,,europe,Professor.Layton.and.the.Spectre.s.Call.Europe.zip,128162361
Nintendo DS,9119,The Legendary Starfy,1a7fdf14cf7564f8eab930bb28d275d3,"Legendary Starfy, The (USA).nds",nointro,,usa,Legendary.Starfy.The.USA.zip,48089973
Nintendo DS,15740,Donkey Kong: Jungle Climber,35157c4611b18a4fcb3c007115f0804f,"Donkey Kong - Jungle Climber (Europe) (En,Fr,De,Es,It).nds",nointro,,europe,Donkey.Kong.-.Jungle.Climber.Europe.En.Fr.De.Es.It.zip,26383794
Nintendo DS,20052,Kikansha Thomas: DS de Hajimeru Chiiku Gakushuu,1fd11e1dc8f5efc2c7e426461caffa28,Kikansha Thomas - DS de Hajimeru Chiiku Gakushuu (Japan).nds,nointro,,japan,Kikansha.Thomas.-.DS.de.Hajimeru.Chiiku.Gakushuu.Japan.zip,36248634
Nintendo DS,14906,Adventures of Pinocchio,19f1c299901dcd89b912b246d85f3d44,Adventures of Pinocchio (Europe).nds,nointro,,europe,Adventures.of.Pinocchio.Europe.zip,19493104
Nintendo DS,1284,Yu-Gi-Oh! 5D's Stardust Accelerator: World Championship 2009,e98328ce7dddef310138b7eade48fa4b,"Yu-Gi-Oh! 5D's - Stardust Accelerator - World Championship 2009 (Europe) (En,Ja,Fr,De,Es,It).nds",nointro,,europe,Yu-Gi-Oh.5Ds.-.Stardust.Accelerator.-.World.Championship.2009.Europe.EnJaFrDeEsIt.zip,182501575
Nintendo DS,22037,Peppa Pig: The Game,19aec7c8814085cf06c604adba1d7a37,Peppa Pig - The Game (Europe).nds,nointro,,europe,Peppa.Pig.-.The.Game.Europe.zip,2967287
Nintendo DS,9751,Super Robot Taisen OG Saga: Endless Frontier,caa30b4682c46779e7239fdc480ea6a6,Super Robot Taisen OG Saga - Endless Frontier (USA).nds,nointro,,usa,Super.Robot.Taisen.OG.Saga.-.Endless.Frontier.USA.zip,91110694
Nintendo DS,9931,Ragnarok DS,b3faced79f99ad1a2b579f6a255b7c29,Ragnarok DS (USA).nds,nointro,,usa,Ragnarok.DS.USA.zip,54372995
Nintendo DS,9817,Mystery Dungeon: Shiren the Wanderer,03bb331c0cc2185d73ee94bf2ba8c0e4,Mystery Dungeon - Shiren the Wanderer (USA).nds,nointro,,usa,Mystery.Dungeon.-.Shiren.the.Wanderer.USA.zip,8129681
Nintendo DS,22036,Peppa Pig: Fun and Games,5d88763330201dff59f07f7f4f07ff53,Peppa Pig - Fun and Games (Europe).nds,nointro,,europe,Peppa.Pig.-.Fun.and.Games.Europe.zip,5019619
Nintendo DS,8376,Mega Man Zero Collection,5cbdd195886b551e759f7e592317404a,Mega Man Zero Collection (Europe).nds,nointro,,europe,Mega.Man.Zero.Collection.Europe.zip,43476026
Nintendo DS,17434,Nintendogs: Labrador & Friends,2e9426fc6b9e23b2e662dcb28d064344,"Nintendogs - Labrador & Friends (Europe) (En,Fr,De,Es,It).nds",nointro,,europe,Nintendogs.-.Lab.Friends.USA.zip,16287370
Nintendo DS,15915,Lost in Blue,022d6bdf1dfee2cf289a94d1fb9f9d15,"Lost in Blue (Europe) (En,Fr,De,Es,It).nds",nointro,,europe,Lost.in.Blue.Europe.EnFrDeEsIt.zip,21212553
Nintendo DS,16296,Pokémon Ranger: Shadows of Almia,26ca96f719ec88e9ea90191e386df889,"Pokemon Ranger - Shadows of Almia (Europe) (En,Fr,De,Es,It).nds",nointro,,europe,Pokemon.Ranger.-.Shadows.of.Almia.Europe.EnFrDeEsIt.zip,42887697
Nintendo DS,17513,Taiko no Tatsujin DS: Touch de Dokodon!,db5a25378f23e47377002f149e6e5b31,Taiko no Tatsujin DS - Touch de Dokodon! (Japan) (Rev 1).nds,nointro,,japan,Taiko.no.Tatsujin.DS.-.Touch.de.Dokodon.Japan.Rev.1.zip,29674252
Nintendo DS,16633,Final Fantasy Fables: Chocobo Tales,792934b4033cbf96ade475db5c6831b9,"Final Fantasy Fables - Chocobo Tales (Europe) (En,Fr,De,Es,It).nds",nointro,,europe,Final.Fantasy.Fables.-.Chocobo.Tales.Europe.EnFrDeEsIt.zip,49188595
Nintendo DS,15736,Yu-Gi-Oh! Nightmare Troubadour,2da47dd9b3eb8372d1080fd93cf32228,"Yu-Gi-Oh! - Nightmare Troubadour (Europe) (En,Fr,De,Es,It).nds",nointro,,europe,Yu-Gi-Oh.-.Nightmare.Troubadour.Europe.EnFrDeEsIt.zip,46090540
Nintendo DS,9462,Meteos,fa402dd4855a17247544169be73be595,"Meteos (Europe) (En,Fr,De,Es,It).nds",nointro,,europe,Meteos.Europe.EnFrDeEsIt.zip,46183500
Nintendo DS,7370,Viva Piñata: Pocket Paradise,0a19cc93abdc0fdbb00b4e20194731e7,"Viva Pinata - Pocket Paradise (USA) (En,Fr,Es).nds",nointro,,usa,Viva.Pinata.-.Pocket.Paradise.USA.EnFrEs.zip,105659949
Nintendo DS,14907,Peter Pan's Playground,ff8f8297d9e03095285fcbc6fad65eb6,Peter Pan's Playground (Europe).nds,nointro,,europe,Peter.Pans.Playground.Europe.zip,26898652
Nintendo DS,16710,Ketsui Death Label: Kizuna Jigoku Tachi,24175d7c714b97a06b97a969e1bddb1d,Ketsui Death Label - Kizuna Jigoku-tachi (Japan).nds,nointro,,japan,Ketsui.Death.Label.-.Kizuna.Jigoku-tachi.Japan.zip,92373555
Nintendo DS,6032,Hotel Dusk: Room 215,658130e0d064aa86af47b701737c7fd5,"Hotel Dusk - Room 215 (Europe) (En,Fr,De,Es,It).nds",nointro,,europe,Hotel.Dusk.-.Room.215.Europe.EnFrDeEsIt.zip,91748677
Nintendo DS,16383,Super Scribblenauts,8f933e7029442b0cf6f8ff291f06a06b,"Super Scribblenauts (Europe) (En,Fr,De,Es,It,Nl).nds",nointro,,europe,Super.Scribblenauts.Europe.EnFrDeEsItNl.zip,19811637
Nintendo DS,22844,Arkanoid DS,9193ceb50f490e3b123d3b2d80314a93,"Arkanoid DS (Europe) (En,Fr,De,Es,It).nds",nointro,,europe,Arkanoid.DS.Europe.EnFrDeEsIt.zip,38756226
Nintendo DS,5656,Batman: The Brave and The Bold - The Videogame,08d5d422fd2f911a3ec30b4a5b123530,"Batman - The Brave and the Bold - The Videogame (USA) (En,Fr,Es).nds",nointro,,usa,Batman.-.The.Brave.and.the.Bold.-.The.Videogame.USA.EnFrEs.zip,19463491
Nintendo DS,22038,Peppa Pig: Theme Park Fun,316a6523810b257dd44b241b0361df12,Peppa Pig - Theme Park Fun (Europe).nds,nointro,,europe,Peppa.Pig.-.Theme.Park.Fun.Europe.zip,13474307
Nintendo DS,1409,Spider-Man: Shattered Dimensions,8803a3e61affccb37931fbed06805ec5,"Spider-Man - Shattered Dimensions (Europe) (En,Fr,De,Es,It).nds",nointro,,europe,Spider-Man.-.Shattered.Dimensions.Europe.EnFrDeEsIt.zip,40615413
Nintendo DS,7062,Giana Sisters DS,d9e18922e7c60b90c0111a9111a6d054,"Giana Sisters DS (Europe) (En,Fr,De,Es,It).nds",nointro,,europe,Giana.Sisters.DS.Europe.EnFrDeEsIt.zip,5099999
Nintendo DS,19773,Hidden Objects: Mystery Stories,07fd71bd80dbc8d68a224e8ff317a9ba,"Hidden Objects - Mystery Stories (USA) (En,Fr,Es).nds",nointro,,usa,Hidden.Objects.-.Mystery.Stories.USA.EnFrEs.zip,15175185
Nintendo DS,15653,Phantasy Star 0,113c2fd7665b28122be821b1809230ac,Phantasy Star 0 (Europe).nds,nointro,,europe,Phantasy.Star.0.Europe.zip,99925569
Nintendo DS,12712,Cory in the House,02d8496f031dc7e93108e98f419f04fe,Cory in the House (USA).nds,nointro,,usa,Cory.in.the.House.USA.zip,11301038
Nintendo DS,15614,Mario Hoops 3-on-3,ea96254e059c156478cd9e63e02185d6,"Mario Slam Basketball (Europe) (En,Ja,Fr,De,Es,It).nds",nointro,,europe,Digimon.Story.-.Lost.Evolution.Japan.zip,36675506
Nintendo DS,16155,Digimon Story: Lost Evolution,6dc8a246ca81ea572729b82ffe6a2428,Digimon Story - Lost Evolution (Japan).nds,nointro,,japan,Digimon.Story.-.Lost.Evolution.Japan.zip,36675506
Nintendo DS,3529,Nanashi no Geemu,9ea74998bf715925ea743193ec39fb81,Nanashi no Geemu (Japan).nds,nointro,,japan,Nanashi.no.Geemu.Japan.zip,39252199
Nintendo DS,20916,101 in 1 Explosive Megamix,e6d6d2daad4cc49483793ba298067065,"101 in 1 Explosive Megamix (USA) (En,Fr,Es).nds",nointro,,usa,101.in.1.Explosive.Megamix.USA.EnFrEs.zip,9801316
Nintendo DS,15357,LEGO Harry Potter: Years 1-4,b7c65012ad2563db2cf55ded03d074ff,"LEGO Harry Potter - Years 1-4 (Europe) (En,Fr,De,Es,It,Da).nds",nointro,,europe,LEGO.Harry.Potter.-.Years.1-4.Europe.EnFrDeEsItDa.zip,121577794
Nintendo DS,15737,Yu-Gi-Oh! World Championship 2007,6fc6d6937ead444ed1667c209719472d,"Yu-Gi-Oh! - World Championship 2007 (USA) (En,Ja).nds",nointro,,usa,Yu-Gi-Oh.-.World.Championship.2007.USA.EnJa.zip,72018114
Nintendo DS,20362,Assassin's Creed: Altair's Chronicles,d211e04c9da97b20dc5e3c1626be142e,"Assassin's Creed - Altair's Chronicles (Europe) (En,Fr,De,Es,It).nds",nointro,,europe,Assassin.s.Creed.-.Altair.s.Chronicles.Europe.En.Fr.De.Es.It.zip,40211015
Nintendo DS,15356,LEGO Pirates of the Caribbean: The Video Game,2a0df7a6ec7f473179f15ac2da054799,"LEGO Pirates of the Caribbean - The Video Game (Europe) (En,Fr,De,Es,It,Nl,Sv,No,Da).nds",nointro,,europe,LEGO.Pirates.of.the.Caribbean.-.The.Video.Game.Europe.EnFrDeEsItNlSvNoDa.zip,111261864
Nintendo DS,17232,Another Code: Two Memories,ed43bed7a9ee790da68defdc4b31c343,"Another Code - Two Memories (Europe) (En,Fr,De,Es,It).nds",nointro,,europe,Another.Code.-.Two.Memories.Europe.En.Fr.De.Es.It.zip,26826410
Nintendo DS,16717,Cooking Mama 3: Shop & Chop,5bb925f4b51f013806eac20213bb3768,"Cooking Mama 3 (Europe) (En,Fr,De,Es,It).nds",nointro,,europe,Cooking.Mama.3.Europe.EnFrDeEsIt.zip,29713380
Nintendo DS,15352,LEGO Indiana Jones: The Original Adventures,92a1598c9230a67b7294bcbd5c1e3ad7,"LEGO Indiana Jones - The Original Adventures (Europe) (En,Fr,De,Es,It,Da).nds",nointro,,europe,LEGO.Indiana.Jones.-.The.Original.Adventures.Europe.EnFrDeEsItDa.zip,55347113
Nintendo DS,3140,Izuna 2: The Unemployed Ninja Returns,2dfe9d9d24cff87ecb7aa730b5b04c9e,Izuna 2 - The Unemployed Ninja Returns (USA).nds,nointro,,usa,Izuna.2.-.The.Unemployed.Ninja.Returns.USA.zip,22841560
Nintendo DS,1741,Space Invaders Extreme 2,f1c9cf113275e65e17478152aae43d76,"Space Invaders Extreme 2 (Europe) (En,Ja,Fr,De,Es,It).nds",nointro,,europe,Space.Invaders.Extreme.2.Europe.En.Ja.Fr.De.Es.It.zip,31991932
Nintendo DS,1204,Chibi-Robo! Park Patrol,6c6aece4ebcb02727785e2eb342a9663,Chibi-Robo! - Park Patrol (USA).nds,nointro,,usa,Chibi-Robo!.-.Park.Patrol.USA.zip,28648747
Nintendo DS,9489,The Dark Spire,2dc6765ade8aa97094e543a9fa9ad793,"Dark Spire, The (USA).nds",nointro,,usa,Dark.Spire.The.USA.zip,13768444
Nintendo DS,16716,Cooking Mama 2: Dinner with Friends,8e81c60655c67bc6fe8a54df7db349ad,Cooking Mama 2 - Dinner with Friends (USA).nds,nointro,,usa,Cooking.Mama.2.-.Dinner.with.Friends.USA.zip,17523643
Nintendo DS,14789,Tingle's Balloon Fight DS,553795c0ad7b1eb8d81a8690fd350fc9,Tingle no Balloon Fight DS (Japan) (Club Nintendo).nds,nointro,,japan,Tingle.no.Balloon.Fight.DS.Japan.Club.Nintendo.zip,4106611
Nintendo DS,18612,Thomas & Friends: Hero of the Rails,0a89f54b4f4670666da57d6356e6d5dd,Thomas & Friends - Hero of the Rails (Europe).nds,nointro,,europe,Thomas.&.Friends.-.Hero.of.the.Rails.Europe.zip,10890783
Nintendo DS,15453,One Piece: Gigant Battle!,62c2e5e62168206d334ffc5e210b88ac,One Piece - Gigant Battle! (Europe).nds,nointro,,europe,One.Piece.-.Gigant.Battle!.Europe.zip,47635563
Nintendo DS,17066,Ben 10: Alien Force,0fed87589592785966f9fa86dd16f616,"Ben 10 - Alien Force (Europe) (En,Fr,De,Es,It).nds",nointro,,europe,Ben.10.-.Alien.Force.Europe.EnFrDeEsIt.zip,12319167
Nintendo DS,16299,Yu-Gi-Oh! World Championship 2008,35b7be0dae3b250005f51df0143748d5,"Yu-Gi-Oh! - World Championship 2008 (Europe) (En,Ja,Fr,De,Es,It).nds",nointro,,europe,Yu-Gi-Oh.-.World.Championship.2008.Europe.EnJaFrDeEsIt.zip,98461939
Nintendo DS,16240,The Urbz: Sims in the City,8a35c028c257c5d50eadd4e5a66a9b73,"Urbz, The - Sims in the City (Europe) (En,Fr,De,Es,It).nds",nointro,,europe,Urbz.The.-.Sims.in.the.City.Europe.En.Fr.De.Es.It.zip,28698321
Nintendo DS,26532,Dora the Explorer: Dora Saves the Mermaids,31a6c756c8745c67fb891a78c3255d74,"Dora the Explorer - Dora Saves the Mermaids (Europe) (En,Fr,De,Nl).nds",nointro,,europe,Dora.the.Explorer.-.Dora.Saves.the.Mermaids.Europe.EnFrDeNl.zip,7702686
Nintendo DS,17320,MySims,4dae2f2bcba92aac0eb91fbf28554097,"MySims (Europe) (En,Fr,De,Es,It,Nl).nds",nointro,,europe,MySims.Europe.EnFrDeEsItNl.zip,20800980
Nintendo DS,31371,Pass the Pigs: Let the Good Swines Roll!,039acd57a1bb5cf6654c108d85d1c471,Pass the Pigs - Let the Good Swines Roll! (Europe).nds,nointro,,europe,Pass.the.Pigs.-.Let.the.Good.Swines.Roll.Europe.zip,17766645
Nintendo DS,20077,Puzzler World 2011,79d9bd821b39d261afad793778de2981,Puzzler World 2011 (Europe).nds,nointro,,europe,Puzzler.World.2011.Europe.zip,6347034
Nintendo DS,9701,Touch the Dead | Dead 'n' Furious,df49ac44ad6b6ae3ca7ae488b7c977b6,"Dead'n'Furious (Europe) (En,Fr,De,Es,It).nds",nointro,,europe,Dead.n.Furious.Europe.En.Fr.De.Es.It.zip,10662269
Nintendo DS,16154,Digimon World Championship,f7d1ae47199b6a12400e242522b037dc,Digimon World Championship (USA).nds,nointro,,usa,Digimon.World.Championship.USA.zip,18137692
Nintendo DS,20263,Diner Dash: Flo on the Go,d6ab3258ba0c734efea3f9e9626fbc20,"Diner Dash - Flo on the Go (USA) (En,Fr).nds",nointro,,usa,Diner.Dash.-.Flo.on.the.Go.USA.En.Fr.zip,6891541
Nintendo DS,16755,Orcs and Elves,1571df908134eac3f37101ce0bf1df11,"Orcs & Elves (Europe) (En,Fr,De,Es,It).nds",nointro,,europe,Orcs.&.Elves.Europe.En.Fr.De.Es.It.zip,9514039
Nintendo DS,16300,Yu-Gi-Oh! 5D's World Championship 2011: Over the Nexus,2997c674d40bc822558befbb4b04e4b3,"Yu-Gi-Oh! 5D's - World Championship 2011 - Over the Nexus (Europe) (En,Ja,Fr,De,Es,It).nds",nointro,,europe,Yu-Gi-Oh!.5D.s.-.World.Championship.2011.-.Over.the.Nexus.Europe.En.Ja.Fr.De.Es.It.zip,97323215
Nintendo DS,11637,Harvest Moon DS,f2c7b1b97877c0e21429cd54543fa9fc,Harvest Moon DS (USA) (Rev 1).nds,nointro,,usa,Harvest.Moon.DS.USA.Rev.1.zip,28854809
Nintendo DS,15334,Mega Man Star Force: Leo,a3da5f6eba3abeb91f489a71c4ed1eaa,"Mega Man Star Force - Leo (Europe) (En,Fr,De,Es,It).nds",nointro,,europe,Mega.Man.Star.Force.-.Leo.Europe.En.Fr.De.Es.It.zip,22025079
Nintendo DS,17674,Need for Speed: Carbon - Own the City,6879cc7733fe5c83307896c6dfd9933d,Need for Speed Carbon - Own the City (USA).nds,nointro,,usa,Need.for.Speed.Carbon.-.Own.the.City.USA.En.Fr.De.Es.It.zip,26298407
Nintendo DS,1983,Elf Bowling 1 & 2,e725f80e85088afab9ff2dddaf3ec30b,Elf Bowling 1 & 2 (USA).nds,nointro,,usa,Elf.Bowling.1.&.2.USA.zip,1100273
Nintendo DS,8705,Point Blank DS,0090b0fcb15c05daba0235908ad61860,Point Blank DS (USA).nds,nointro,,usa,Point.Blank.DS.USA.zip,11484991
Nintendo DS,15521,Bleach: Dark Souls,7754908b5cb3e832e0b50f8895b4e67c,Bleach - Dark Souls (USA).nds,nointro,,usa,Bleach.-.Dark.Souls.USA.zip,100045587
Nintendo DS,14826,Bomberman,c34089aa55770fab34d2e55f5fa00fa3,Bomberman (USA).nds,nointro,,usa,Bomberman.USA.zip,4200107
Nintendo DS,12700,Rune Factory 3: A Fantasy Harvest Moon,86a1e94305f013a9df2c1b1ed182a671,Rune Factory 3 - A Fantasy Harvest Moon (USA).nds,nointro,,usa,Rune.Factory.3.-.A.Fantasy.Harvest.Moon.USA.zip,80294128
Nintendo DS,20897,TrackMania Turbo,4526abf8b3344ec64a05879d49c67936,"TrackMania Turbo (Europe) (En,Fr,De,Es,It).nds",nointro,,europe,TrackMania.Turbo.Europe.En.Fr.De.Es.It.zip,33283374
Nintendo DS,4593,Dementium II,b42791cf277cd2e573c8027b81394502,"Dementium II (Europe) (En,Fr,De,Es,It).nds",nointro,,europe,Dementium.II.Europe.En.Fr.De.Es.It.zip,41158699
Nintendo DS,11734,Contact,a7153ea53771f3b8edf902b0c3f8f7ba,"Contact (Europe) (En,Fr,De,Es,It).nds",nointro,,europe,Contact.Europe.En.Fr.De.Es.It.zip,39026809
Nintendo DS,15380,Postman Pat,42d7f3b9c8f989d30906f9cee114e538,"Postman Pat (Europe) (En,Fr,De,Es,It,Nl,Pt,Sv,No,Da,Fi).nds",nointro,,europe,Postman.Pat.Europe.En.Fr.De.Es.It.Nl.Pt.Sv.No.Da.Fi.zip,11000934
NES/Famicom,1446,Super Mario Bros.,8e3630186e35d477231bf8fd50e54cdd,Super Mario Bros. (World).nes,nointro,,world,Super Mario Bros. (World).zip,31507
NES/Famicom,1995,Super Mario Bros. 3,55b7111567c1709e849c574078699577,Super Mario Bros. 3 (USA) (Rev 1).nes,nointro,,usa,Super Mario Bros. 3 (USA) (Rev 1).zip,226307
NES/Famicom,1454,The Legend of Zelda,0b32851acecf93212b198e074c5e59bc,"Legend of Zelda, The (USA) (GameCube Edition).nes",nointro,,usa,Legend of Zelda The (USA) (GameCube Edition).zip,65681
NES/Famicom,1462,Castlevania,728e05f245ab8b7fe61083f6919dc485,Castlevania (USA) (Rev 1).nes,nointro,,usa,Castlevania (USA) (Rev 1).zip,66150
NES/Famicom,1447,Contra,5a5c2f4f1cafb1f55a8dc0d5ad4550e5,Contra (USA).nes,nointro,,usa,Contra (USA).zip,89689
NES/Famicom,1994,Super Mario Bros. 2,a64dcbaf95980145d2351850be735461,Super Mario Bros. 2 (USA) (Rev 1).nes,nointro,,usa,Super Mario Bros. 2 (USA) (Rev 1).zip,77317
NES/Famicom,1489,Mike Tyson's Punch-Out!!,1ddde6a84e43ad524a3f81fbfe22f9fc,"Mike Tyson's Punch-Out!! (Japan, USA) (En).nes",nointro,,usa,Mike Tysons Punch-Out (Japan USA) (En).zip,132950
NES/Famicom,1451,Mega Man 2,0527a0ee512f69e08b8db6dc97964632,Mega Man 2 (USA).nes,nointro,,usa,Mega Man 2 (USA).zip,135156
NES/Famicom,1859,Ninja Gaiden,07c1b92ae9b78f209075a8cc6d3eebf0,Ninja Gaiden (USA).nes,nointro,,usa,Ninja Gaiden (USA).zip,141188
NES/Famicom,1448,Mega Man,4de82cfceadbf1a5e693b669b1221107,Mega Man (USA).nes,nointro,,usa,Mega Man (USA).zip,79054
NES/Famicom,1487,Metroid,b2d2d9ed68b3e5e0d29053ea525bd37c,Metroid (USA).nes,nointro,,usa,Metroid (USA).zip,59900
NES/Famicom,1472,DuckTales,b480855fff883b20ba403a2009a7f13c,DuckTales (USA).nes,nointro,,usa,DuckTales (USA).zip,83550
NES/Famicom,1469,Dr. Mario,5b401f4ca7e1b12af3f29d8fc758dd2f,"Dr. Mario (Japan, USA) (En).nes",nointro,,usa,Dr. Mario (Japan USA) (En).zip,29147
NES/Famicom,1466,Donkey Kong,6d4a94c344463e562344249e18e9b99f,Donkey Kong (World) (Rev 1) (GameCube Edition).nes,nointro,,world,Donkey Kong (World) (Rev 1).zip,16270
NES/Famicom,1473,Excitebike,2bf3976d15ec25a756846465a16b064c,"Excitebike (Japan, USA) (En) (GameCube Edition).nes",nointro,,usa,Excitebike.zip,17609
NES/Famicom,1515,1942,0b66fdf88964235c434daff62837af60,"1942 (Japan, USA) (En).nes",nointro,,usa,1942 (Japan USA) (En).zip,25682
NES/Famicom,2016,Teenage Mutant Ninja Turtles,2dddc2cae0a7fe890235aef72a9a86ae,Teenage Mutant Ninja Turtles (USA).nes,nointro,,usa,Teenage Mutant Ninja Turtles (USA).zip,145153
NES/Famicom,1509,Battletoads,eefac97ac3b85048f3685e1623210efb,Battletoads (USA).nes,nointro,,usa,Battletoads (USA).zip,190465
NES/Famicom,1556,Balloon Fight,70c309cb6b9ead20c06d554cf48b3993,Balloon Fight (USA).nes,nointro,,usa,Balloon Fight (USA).zip,15883
NES/Famicom,2221,Castlevania III: Dracula's Curse,bfc4d9791d9fe9c181dad794d66def4f,Castlevania III - Dracula's Curse (USA).nes,nointro,,usa,Castlevania III - Dracula's Curse (USA).zip,245957
NES/Famicom,2032,Tiny Toon Adventures,b1170dcab773c74cadc45f92b40adaf2,Tiny Toon Adventures (USA).nes,nointro,,usa,Tiny Toon Adventures (USA).zip,145589
NES/Famicom,1471,Dragon Quest,e0413c76f69f5aca4a1f5336b86851b6,Dragon Warrior (USA) (Rev 1).nes,nointro,,usa,Dragon Warrior (USA) (Rev 1).zip,51242
NES/Famicom,1483,Mega Man 3,4a53b6f58067d62c9a43404fe835dd5c,Mega Man 3 (USA).nes,nointro,,usa,Mega Man 3 (USA).zip,222214
NES/Famicom,6070,~Homebrew~ 2048,be1063151f68c58d712138c568c73c8b,2048 (World) (Rev 5) (Aftermarket) (Unl).nes,nointro,,world,2048 (World) (Rev 5) (Aftermarket) (Unl).zip,8703
NES/Famicom,1458,Batman: The Video Game,341f6fd28fcdc7e246ded2750dd1c1e9,Batman - The Video Game (USA).nes,nointro,,usa,Batman - The Video Game (USA).zip,156300
NES/Famicom,1526,Adventure Island,248ba1acbfed28be4e6839a858a5c60a,Adventure Island (USA).nes,nointro,,usa,Adventure Island (USA).zip,39119
NES/Famicom,1460,Bubble Bobble,629fceec5476cdd3faa371891905ea02,Bubble Bobble (USA).nes,nointro,,usa,Bubble Bobble (USA).zip,50110
NES/Famicom,1524,Adventure Island II,4ccf65a4f658fd237e774d29addc3a5c,Adventure Island II (USA).nes,nointro,,usa,Adventure Island II (USA).zip,128913
NES/Famicom,1463,Chip 'n Dale: Rescue Rangers,f0ed8c6d65164f761908bc892c01c65a,Chip 'n Dale - Rescue Rangers (USA).nes,nointro,,usa,Chip 'n Dale - Rescue Rangers (USA).zip,143797
NES/Famicom,1453,Zelda II: The Adventure of Link,88c0493fb1146834836c0ff4f3e06e45,Zelda II - The Adventure of Link (USA).nes,nointro,,usa,Zelda II - The Adventure of Link (USA).zip,88656
NES/Famicom,1683,Felix the Cat,936b0157a2a547235f991aa44d77cf9e,Felix the Cat (USA) (Hudson).nes,nointro,,usa,Felix the Cat (USA).zip,131772
NES/Famicom,1461,Castlevania II: Simon's Quest,755f9086b0567243b3ce25cc8a6dfd17,Castlevania II - Simon's Quest (USA).nes,nointro,,usa,Castlevania II - Simon's Quest (USA).zip,77370
NES/Famicom,4568,Bomberman,0f9c8d3d3099c70368411f6df9ef49c1,Bomberman (USA).nes,nointro,,usa,Bomberman (USA).zip,16194
NES/Famicom,1516,1943: The Battle of Midway,190d10a3685f87ba32135ac595283f36,1943 - The Battle of Midway (USA).nes,nointro,,usa,1943 - The Battle of Midway (USA).zip,79885
NES/Famicom,1710,Ghosts 'n Goblins,8c3c9b041392f8ef06f6b0c7432c589c,Ghosts'n Goblins (USA).nes,nointro,,usa,Ghosts'n Goblins (USA).zip,58245
NES/Famicom,1491,Pac-Man,c4ae6cc4e981a8316429572409018dc8,Pac-Man (USA) (Tengen).nes,nointro,,usa,Pac-Man (USA) (Tengen).zip,11306
NES/Famicom,1480,Kung Fu,08b21d774b2adaed5480f6a941c576e4,"Kung Fu (Japan, USA) (En).nes",nointro,,usa,"Kung Fu (Japan, USA).zip",28981
NES/Famicom,1478,Kid Icarus,8a27c5ab8108efcf3ee21f99daeadd52,"Kid Icarus (USA, Europe) (Rev 1).nes",nointro,,usa,"Kid Icarus (USA, Europe) (Rev 1).zip",64772
NES/Famicom,1989,Super Contra,8782ba5a0b02aceb272757667af1066a,Super C (USA).nes,nointro,,usa,Super C (USA).zip,148382
NES/Famicom,1838,Mighty Final Fight,be4670792b17c74eecf3a0e7f37ecfe2,Mighty Final Fight (USA).nes,nointro,,usa,Mighty Final Fight (USA).zip,146038
NES/Famicom,1586,Bomberman II,ffcc592a3f063c1dcc87cb5e0f81c8af,Bomberman II (USA).nes,nointro,,usa,Bomberman II (USA).zip,67372
NES/Famicom,1464,Darkwing Duck,eb9713d1cac3586601833d8df854114e,Darkwing Duck (USA).nes,nointro,,usa,Darkwing Duck (USA).zip,126982
NES/Famicom,1518,Abadox: The Deadly Inner War,84f06d39c96d4b875ba558654cd1b464,Abadox - The Deadly Inner War (USA).nes,nointro,,usa,Abadox - The Deadly Inner War (USA).zip,135018
NES/Famicom,2420,Battle City,a41a8a46771160e97ee5967365c07c83,BattleCity (Japan).nes,nointro,,japan,BattleCity (Japan).zip,15416
NES/Famicom,1669,Duck Hunt,fa382374eb4a93a719064ca6c5a4e78c,Duck Hunt (World).nes,nointro,,world,Duck Hunt (World).zip,16118
NES/Famicom,1449,Final Fantasy,24ae5edf8375162f91a6846d3202e3d6,Final Fantasy (USA).nes,nointro,,usa,Final Fantasy (USA).zip,146998
NES/Famicom,1824,Mario Bros.,b51085d9ab4267746a9ed6fc609a98d0,Mario Bros. (World).nes,nointro,,world,Mario Bros. (World).zip,16525
NES/Famicom,1823,Marble Madness,81706abdae6d1d11b0c8986fc4383ec0,Marble Madness (USA).nes,nointro,,usa,Marble Madness (USA).zip,81466
NES/Famicom,1452,River City Ransom,439a3420552a300089ddef13b7e83765,River City Ransom (USA).nes,nointro,,usa,River City Ransom (USA).zip,123366
NES/Famicom,1661,Double Dragon II: The Revenge,b2f092f2cbb17456109a4df0468fcdd5,Double Dragon II - The Revenge (USA) (Rev 1).nes,nointro,,usa,Double Dragon II - The Revenge (USA) (Rev 1).zip,147528
NES/Famicom,1627,Color a Dinosaur,99dd1d23a46e68b7163dbc5bb69b9929,Color a Dinosaur (USA).nes,nointro,,usa,Color a Dinosaur (USA).zip,35818
NES/Famicom,2115,Teenage Mutant Ninja Turtles III: The Manhattan Project,af57c886e9d1292d4e0f84e057a5dae6,Teenage Mutant Ninja Turtles III - The Manhattan Project (USA).nes,nointro,,usa,Teenage Mutant Ninja Turtles III - The Manhattan Project (USA).zip,290184
NES/Famicom,1829,Mega Man 4,ab9ad69f29f812cb520dd49b39805491,Mega Man 4 (USA) (Rev 1).nes,nointro,,usa,Mega Man 4 (USA) (Rev 1).zip,293801
NES/Famicom,2023,~Unlicensed~ Tetris (Tengen),117c38986584c88263414b7abb98667c,Tetris (USA) (Tengen) (Unl).nes,nointro,,usa,Tetris (USA) (Tengen) (Unl).zip,23870
NES/Famicom,2114,Teenage Mutant Ninja Turtles II: The Arcade Game,d39b6d82cd08ccb83f26a66499277ddc,Teenage Mutant Ninja Turtles II - The Arcade Game (USA).nes,nointro,,usa,Teenage Mutant Ninja Turtles II - The Arcade Game (USA).zip,257849
NES/Famicom,1877,Pinball,ad809323fe92d0e083bf77ccecae462e,"Pinball (Japan, USA) (En).nes",nointro,,usa,Pinball (Japan USA) (En).zip,15864
NES/Famicom,1873,Paperboy,ed0057504fe693d71a3e8a1a275ff7a2,Paperboy (USA).nes,nointro,,usa,Paperboy.zip,30832
NES/Famicom,1574,Battletoads and Double Dragon: The Ultimate Team,728a4c80306dd3debb8ba90868376255,Battletoads-Double Dragon (USA).nes,nointro,,usa,Battletoads-Double Dragon (USA).zip,189408
NES/Famicom,1858,Ninja Gaiden III: The Ancient Ship of Doom,8e668e161d7393d8c850429d87aa4f2a,Ninja Gaiden III - The Ancient Ship of Doom (USA).nes,nointro,,usa,Ninja Gaiden III - The Ancient Ship of Doom (USA).zip,166628
NES/Famicom,1857,Ninja Gaiden II: The Dark Sword of Chaos,2ec92e60e033b4d8aa5caa6b1f7838b5,Ninja Gaiden II - The Dark Sword of Chaos (USA).nes,nointro,,usa,Ninja Gaiden II - The Dark Sword of Chaos (USA).zip,166002
NES/Famicom,1940,Shatterhand,7cccc9ad7b1097143435fcc6afcdf157,Shatterhand (USA).nes,nointro,,usa,Shatterhand (USA).zip,143454
NES/Famicom,1800,Life Force,99bfd6d0ff53d78e5126d274a0605d30,Life Force (USA).nes,nointro,,usa,Life Force (USA).zip,90693
NES/Famicom,4720,Shadow of the Ninja,057707584b517b7e551b236ec7b0ee6d,Shadow of the Ninja (USA).nes,nointro,,usa,Shadow of the Ninja (USA).zip,141692
NES/Famicom,13393,~Homebrew~ Cookie Clicker,b1ba60845163ae84afc3bc5165558202,Cookie Clicker (World) (Proto) (Aftermarket) (Unl).nes,nointro,,world,Cookie Clicker (World) (Proto) (Aftermarket) (Unl).zip,7866
NES/Famicom,1616,Chip 'n Dale: Rescue Rangers 2,71e7ef754a716ced5b306a1e5b6e93c1,Chip 'n Dale - Rescue Rangers 2 (USA).nes,nointro,,usa,Chip 'n Dale - Rescue Rangers 2 (USA).zip,137868
NES/Famicom,1881,Popeye,c910907266b762500c7993a7cce2c63d,Popeye (World) (Rev 1).nes,nointro,,world,Popeye (World) (Rev 1).zip,16657
NES/Famicom,1465,Donkey Kong Jr.,6631ceac1aaef8efb063a34da86bacb1,Donkey Kong Jr. (World) (Rev 1) (GameCube Edition).nes,nointro,,world,Donkey Kong Jr. (World) (Rev 1) (GameCube Edition).zip,17097
NES/Famicom,1486,Metal Gear,9ce6af110eeac2eb1ba8db803d15391b,Metal Gear (USA).nes,nointro,,usa,Metal Gear (USA).zip,79898
NES/Famicom,4812,Circus Charlie,67342016dafc69887d0ff24ed2a7aeff,Circus Charlie (Japan).nes,nointro,,japan,Circus_Charlie.zip,17334
NES/Famicom,1636,Crystalis,dda34025966a23ae854d7947a3177f57,Crystalis (USA).nes,nointro,,usa,Crystalis (USA).zip,221650
NES/Famicom,2045,Track & Field,7def939a80cb14d296da855eb40eb722,Track & Field (USA).nes,nointro,,usa,Track_&_Field.zip,34699
NES/Famicom,1477,Jackal,c6c17bf18a51718859f9bd6aacb7ef58,Jackal (USA).nes,nointro,,usa,Jackal (USA).zip,80819
NES/Famicom,1802,The Little Mermaid,725026e6566fe3996e11811fadc0f7d0,"Little Mermaid, The (USA).nes",nointro,,usa,The_Little_Mermaid.zip,84342
NES/Famicom,1485,Mega Man 6,00f8cbeba7db567d1083053b30a93ada,Mega Man 6 (USA).nes,nointro,,usa,Mega Man 6 (USA).zip,258999
NES/Famicom,1582,Blades of Steel,037dc690f70fc8f59504f38eb3b02a1a,Blades of Steel (USA).nes,nointro,,usa,Blades of Steel (USA).zip,82751
NES/Famicom,1533,Adventures of Lolo,bd377b49dcc269c6270ec0ea6336baf5,Adventures of Lolo (USA).nes,nointro,,usa,Adventures of Lolo (USA).zip,36421
NES/Famicom,1511,3-D World Runner,29e5e1a5f8b400773ef9d959044456b2,3-D WorldRunner (USA).nes,nointro,,usa,3-D WorldRunner (USA).zip,48277
NES/Famicom,1729,Gun.Smoke,20291670aa8d77217fbc0c7dcdc45250,Gun.Smoke (USA).nes,nointro,,usa,Gun.Smoke (USA).zip,72186
NES/Famicom,1674,Elevator Action,370f5862746b67637087b3b4cd64b163,Elevator Action (USA).nes,nointro,,usa,Elevator Action (USA).zip,21859
NES/Famicom,1758,Jackie Chan's Action Kung Fu,4228196e1d200db26ac7bce4f55cdd5b,Jackie Chan's Action Kung Fu (USA).nes,nointro,,usa,Jackie Chan's Action Kung Fu (USA).zip,141811
NES/Famicom,1722,Gradius,49c0ffbd6fca692e7c567b4d72ae0847,Gradius (USA).nes,nointro,,usa,Gradius (USA).zip,37773
NES/Famicom,4036,Road Fighter,98e6ceaaf5eaf6fec679be36b208318d,Road Fighter (Europe).nes,nointro,,europe,Road_Fighter.zip,16681
NES/Famicom,1662,Double Dragon III: The Sacred Stones,bc5f135b34f7fcf06c4eaf72970f654b,Double Dragon III - The Sacred Stones (USA).nes,nointro,,usa,Double Dragon III - The Sacred Stones (USA).zip,150269
NES/Famicom,1705,Gauntlet,c64fe24b4facaaed8900cb632c6b7b1b,Gauntlet (USA) (Unl).nes,nointro,,usa,Gauntlet.zip,85031
NES/Famicom,1474,Friday the 13th,7b1f3ead3e05455f14babc5c6e9ff3a4,Friday the 13th (USA).nes,nointro,,usa,Friday_the_13th.zip,41674
NES/Famicom,2175,Dig Dug,6e5a474e52813c353a78d93630c27730,Dig Dug (Japan).nes,nointro,,japan,Dig Dug (Japan) (En).zip,14969
NES/Famicom,5783,Akumajou Densetsu,75dbdf8d0de9b472eed5065bc0fe4129,Akumajou Densetsu (Japan).nes,nointro,,japan,Akumajou Densetsu (Japan).zip,246876
NES/Famicom,1600,BurgerTime,d2c42603a8ec74f51265c085ae26b9bb,BurgerTime (USA).nes,nointro,,usa,BurgerTime (USA).zip,14612
NES/Famicom,1525,Adventure Island III,c517ca2fd6199fde0ba4b3847d9bbecf,Adventure Island 3 (USA).nes,nointro,,usa,Adventure Island 3 (USA).zip,141900
NES/Famicom,1670,DuckTales 2,b8592879590cddec02fe077217562d00,DuckTales 2 (USA).nes,nointro,,usa,DuckTales 2 (USA).zip,91474
NES/Famicom,1985,StarTropics,b1eddbb71994db079aa1dc16c05e7de5,StarTropics (USA).nes,nointro,,usa,StarTropics (USA).zip,256916
NES/Famicom,1553,Bad Dudes,b30a3f09b86f3adab09a36bfe674544c,Bad Dudes (USA).nes,nointro,,usa,Bad Dudes (USA).zip,122783
NES/Famicom,2101,Yoshi's Cookie,ed3dc4465e4053bdfe42cc33e4e6a956,Yoshi's Cookie (USA).nes,nointro,,usa,Yoshi's Cookie (USA).zip,70191
NES/Famicom,2140,Splatterhouse: Wanpaku Graffiti,d48f63a48cf051a1f3261a29549ba173,Splatterhouse - Wanpaku Graffiti (Japan).nes,nointro,,japan,Splatterhouse - Wanpaku Graffiti (Japan).zip,137857
NES/Famicom,1760,Jaws,c6d090097f37ad89184b6f58feb36304,Jaws (USA).nes,nointro,,usa,Jaws (USA).zip,36719
NES/Famicom,1768,Journey to Silius,4844ff2dac4a0136050b18ad310a09f9,Journey to Silius (USA).nes,nointro,,usa,Journey to Silius (USA).zip,113624
NES/Famicom,2060,Vice: Project Doom,7d836d9dfa536db69d929935a1e28bf3,Vice - Project Doom (USA).nes,nointro,,usa,Vice - Project Doom (USA).zip,172037
NES/Famicom,1580,Bionic Commando,cc2e2aa46f56efa41c95ab81de7e05fd,Bionic Commando (USA).nes,nointro,,usa,Bionic Commando (USA).zip,149308
NES/Famicom,1657,Donkey Kong 3,a2b5bddb4c7a5a39c8fac13e64494c9a,Donkey Kong 3 (World).nes,nointro,,world,Donkey Kong 3 (World).zip,16561
NES/Famicom,2073,Where's Waldo?,a54e0acfe88fff67cb9dd5a94ac503ff,Where's Waldo (USA).nes,nointro,,usa,Where's Waldo (USA).zip,129162
NES/Famicom,1481,Lode Runner,befd5d05eb33f984994230546c2bcfa3,Lode Runner (USA).nes,nointro,,usa,Lode Runner (USA).zip,16630
NES/Famicom,1547,Astyanax,94eafd1d52c7296cd5b9dad6316e5976,Astyanax (USA).nes,nointro,,usa,Astyanax (USA).zip,138194
NES/Famicom,1597,The Bugs Bunny Crazy Castle,6bc8f54dc358aa35f6259715e5143b37,"Bugs Bunny Crazy Castle, The (USA).nes",nointro,,usa,"Bugs Bunny Crazy Castle, The (USA).zip",36779
NES/Famicom,5790,Astérix,87cf2dbd01609ed6fff6a1a022f41c72,"Asterix (Europe) (En,Fr,De,Es,It).nes",nointro,,europe,"Asterix (Europe) (En,Fr,De,Es,It).zip",84705
NES/Famicom,1728,Gun Nac,2b5c0dae29650691e67a08ea58f554e2,Gun Nac (USA).nes,nointro,,usa,Gun Nac (USA).zip,135329
NES/Famicom,4559,Batman: Return of the Joker,830111df30b8511562d4faca6aeb792d,Batman - Return of the Joker (USA).nes,nointro,,usa,Batman - Return of the Joker (USA).zip,206333
NES/Famicom,1843,Monster In My Pocket,ac30d59eab5e2240eb5c6c53f41ec49b,Monster in My Pocket (USA).nes,nointro,,usa,Monster in My Pocket (USA).zip,145680
NES/Famicom,1682,Faxanadu,28eb470f84bcd54320fa890003d26402,Faxanadu (USA) (Rev 1).nes,nointro,,usa,Faxanadu (USA) (Rev 1).zip,142323
NES/Famicom,16549,Pac-Man: Championship Edition,ee8bc8baed5b9c5299e84e80e6490de6,"Pac-Man - Championship Edition (USA, Europe) (Namco Museum Archives Vol 1).nes",nointro,,usa,"Pac-Man - Championship Edition (USA, Europe) (Namco Museum Archives Vol 1).zip",64491
NES/Famicom,1459,Blaster Master,12b0dbc4f2b22a50d0bb53c4929217f0,Blaster Master (USA).nes,nointro,,usa,Blaster Master (USA).zip,158378
NES/Famicom,1470,Dragon Quest II,ccdb4563c9004d862dcf3a98c7937c22,Dragon Warrior II (USA).nes,nointro,,usa,Dragon Warrior II (USA).zip,127655
NES/Famicom,1871,Panic Restaurant,2becf8af763509ccfc9f515dbb503433,Panic Restaurant (USA).nes,nointro,,usa,Panic Restaurant (USA).zip,132036
NES/Famicom,2014,Tecmo Super Bowl,f7d01adf9c430ef3db055466ecc18f58,Tecmo Super Bowl (USA).nes,nointro,,usa,Tecmo Super Bowl (USA).zip,213032
NES/Famicom,1552,Back to the Future,a14e90da461526694c0620ce040eb169,Back to the Future (USA).nes,nointro,,usa,Back_to_the_Future.zip,36525
NES/Famicom,1632,Contra Force,2f2cb4ec9936d23f370f9991e84cce98,Contra Force (USA).nes,nointro,,usa,Contra_Force.zip,166533
NES/Famicom,1654,Dig Dug II: Trouble In Paradise,328b2c34d156e1c310495aebb7bf987c,Dig Dug II - Trouble in Paradise (USA).nes,nointro,,usa,Dig Dug II - Trouble in Paradise (USA).zip,25474
NES/Famicom,8617,~Test Kit~ NES Control Deck Test Cartridge,51d17a6f9eeb0f8ced992de5df979e92,Nintendo World Class Service - Control Deck Test Cartridge (USA) (Test Program).nes,nointro,,usa,Nintendo World Class Service - Control Deck Test Cartridge (USA) (Test Program).zip,5454
NES/Famicom,1527,Adventures in the Magic Kingdom,c1eda7b38bd8fb314285ddcc766a2458,Adventures in the Magic Kingdom (USA).nes,nointro,,usa,Adventures in the Magic Kingdom (USA).zip,135357
NES/Famicom,2863,Kid Dracula,5631eae8bc0845bb3b6876ad95832b4f,Kid Dracula (World) (Castlevania Anniversary Collection).nes,nointro,,world,Kid Dracula (World) (Castlevania Anniversary Collection).zip,149541
NES/Famicom,1476,Gyruss,1b994bda62ba9a8bf0893133fa012831,Gyruss (USA).nes,nointro,,usa,Gyruss (USA).zip,39943
NES/Famicom,1723,The Great Waldo Search,6c65adcc168c838238b2189db61a2ba9,"Great Waldo Search, The (USA).nes",nointro,,usa,"Great Waldo Search, The (USA).zip",106877
NES/Famicom,2139,Gimmick!,592cc41069fc872a625d2703d342a224,Mr. Gimmick (Europe).nes,nointro,,europe,Mr. Gimmick (Europe).zip,187214
NES/Famicom,2058,Urban Champion,cb7f1463c90cdcdf5ef315c125f12fe2,Urban Champion (World).nes,nointro,,world,Urban Champion (World).zip,15366
NES/Famicom,2062,Wacky Races,9ca3418958e5d58e8e2fbb9abf13be51,Wacky Races (USA).nes,nointro,,usa,Wacky Races (USA).zip,119002
NES/Famicom,8754,~Unlicensed~ Microsoft Windows 98,4bb42479ad9d6cf94f96bfe590a97310,Microsoft Windows '98 (China) (Aftermarket) (Bootleg) (Bei Tongfang).nes,lostlevel,,china,FC-WIN98.zip,101618
NES/Famicom,1719,The Goonies II,6ce1f32c9177b0b79b390b5ce6a2db52,"Goonies II, The (USA).nes",nointro,,usa,"Goonies II, The (USA).zip",85486
NES/Famicom,1692,The Flintstones: The Rescue of Dino and Hoppy,2a5c4d22312d8151d1582d8abdb9eb5e,"Flintstones, The - The Rescue of Dino & Hoppy (USA).nes",nointro,,usa,"Flintstones, The - The Rescue of Dino & Hoppy (USA).zip",181681
NES/Famicom,1744,Ice Hockey,51be3c0db685f71f4a69c573345310a2,Ice Hockey (USA).nes,nointro,,usa,Ice Hockey (USA).zip,27502
NES/Famicom,1961,Snow Bros.,3d675e5adfa038f68598b9f4d1a37a80,Snow Brothers (USA).nes,nointro,,usa,Snow Brothers (USA).zip,92097
NES/Famicom,1900,Rad Racer,fa0688fd15c7851878997b0c61b109e9,Rad Racer (USA).nes,nointro,,usa,Rad_Racer.zip,45961
NES/Famicom,1628,Commando,7667cebf11c3d7a39575af91606bf412,Commando (USA).nes,nointro,,usa,Commando (USA).zip,59396
NES/Famicom,1883,Power Blade,94411c05d00adc7f89b440fe5af4e87f,Power Blade (USA).nes,nointro,,usa,Power Blade (USA).zip,125848
NES/Famicom,1520,The Addams Family,4891ff6840da3f608618c100bc064bba,"Addams Family, The (USA).nes",nointro,,usa,"Addams Family, The (USA).zip",118493
NES/Famicom,1776,Kick Master,9e727f762feebe4949c91d29fc5e19fa,KickMaster (USA).nes,nointro,,usa,KickMaster (USA).zip,148866
NES/Famicom,2006,Taboo: The Sixth Sense,334936fce3f4d7d0e028bc4589e2b81b,Taboo - The Sixth Sense (USA) (Rev 1).nes,nointro,,usa,Taboo - The Sixth Sense (USA) (Rev 1).zip,42042
NES/Famicom,1497,RoboCop,4d95586eac0286d269875ebcf864a1e0,RoboCop (USA).nes,nointro,,usa,RoboCop (USA).zip,121227
NES/Famicom,1726,The Guardian Legend,3fa50469878212f7feb8fa784404deac,"Guardian Legend, The (USA).nes",nointro,,usa,"Guardian Legend, The (USA).zip",97391
NES/Famicom,2017,Tennis,32a5e44b320ae588f560196e49ba13c6,"Tennis (Japan, USA) (En).nes",nointro,,usa,"Tennis (Japan, USA) (En).zip",16767
NES/Famicom,1492,Pinball Quest,131c36c33edac9248730dd8057e1c87d,Pinball Quest (USA).nes,nointro,,usa,Pinball Quest (USA).zip,110788
NES/Famicom,1774,The Karate Kid,eb15f4501bfca4b391ca0d4f0b36d670,"Karate Kid, The (USA).nes",nointro,,usa,"Karate Kid, The (USA).zip",40172
NES/Famicom,2360,Bucky O'Hare,2c14a62966411eef03ecd66b061156d5,Bucky O'Hare (USA).nes,nointro,,usa,Bucky O'Hare (USA).zip,161370
NES/Famicom,1569,Batman Returns,077aef22bae04dbf287ebbc03806da3c,Batman Returns (USA).nes,nointro,,usa,Batman Returns (USA).zip,220353
NES/Famicom,1958,Snake Rattle N Roll,7b8b76e5688c7d21d40fe3692861ce1e,Snake Rattle n Roll (USA).nes,nointro,,usa,Snake Rattle n Roll (USA).zip,42787
NES/Famicom,4094,Antarctic Adventure,31e504ba213ebff173bf851b45c535c4,Kekkyoku Nankyoku Daibouken (Japan).nes,nointro,,japan,Kekkyoku Nankyoku Daibouken (Japan).zip,15923
NES/Famicom,1626,Code Name: Viper,eb0e97837dcf162772934fc64a42b2f8,Code Name - Viper (USA).nes,nointro,,usa,Code Name - Viper (USA).zip,139664
NES/Famicom,1588,Bonk's Adventure,a5f808c245dc1a5e869bfd06e98d1b6f,Bonk's Adventure (USA).nes,nointro,,usa,Bonk's Adventure (USA).zip,146647
NES/Famicom,1505,Trojan,7a35172f2c7edf08d63d256252c725e5,Trojan (USA).nes,nointro,,usa,Trojan (USA).zip,76348
NES/Famicom,1725,Gremlins 2: The New Batch,845dca95ab1008e045e2eb965e61556c,Gremlins 2 - The New Batch (USA).nes,nointro,,usa,Gremlins 2 - The New Batch (USA).zip,195790
NES/Famicom,2238,Pin Bot,6e5ad2ccba578b7060713512e36fc221,Pin Bot (USA).nes,nointro,,usa,Pin Bot (USA).zip,103897
NES/Famicom,4618,The Flintstones: The Surprise at Dinosaur Peak!,56ca85a5e49cafd91050afec60c10713,"Flintstones, The - The Surprise at Dinosaur Peak! (USA).nes",nointro,,usa,"Flintstones, The - The Surprise at Dinosaur Peak! (USA).zip",173847
NES/Famicom,3814,EarthBound Beginnings,84e8fed10d7c339f726d52cb152078e1,"EarthBound Beginnings (USA, Europe) (Virtual Console).nes",nointro,,usa,"EarthBound Beginnings (USA, Europe) (Virtual Console).zip",232190
NES/Famicom,2432,Gradius II,148f4d81c1b833fd16f8ea51152ad3a9,Gradius II (Japan) (En).nes,nointro,,japan,Gradius II (Japan).zip,168914
NES/Famicom,2361,~Unlicensed~ Action 52,233cddd94c3f3d5b9a9f4670a914e74d,Action 52 (USA) (Unl).nes,nointro,,usa,Action 52 (USA) (Unl).zip,800471
NES/Famicom,2090,Wrecking Crew,e7d7225dad044b624fbad9c9ca96e835,Wrecking Crew (World).nes,nointro,,world,Wrecking Crew (World).zip,26512
NES/Famicom,5060,Gargoyle's Quest II: The Demon Darkness,8645942fbed0a79192543abf3840e508,Gargoyle's Quest II (USA).nes,nointro,,usa,Gargoyle's Quest II (USA).zip,152341
NES/Famicom,1535,Air Fortress,30a0b2dfbc6018e4abcc9a89d5107b83,Air Fortress (USA).nes,nointro,,usa,Air Fortress (USA).zip,86047
NES/Famicom,1908,Renegade,e2f9958f0f9cdef551c5328fad855d33,Renegade (USA).nes,nointro,,usa,Renegade (USA).zip,70438
NES/Famicom,4829,Kyatto Ninden Teyandee,d909ecf9d6deb7a35263e6aa6b2f0cfe,Cat Ninden Teyandee (Japan).nes,nointro,,japan,Cat Ninden Teyandee (Japan).zip,168663
NES/Famicom,1772,Kabuki: Quantum Fighter,7de9c960328015874a4ce4a1e6136d46,Kabuki - Quantum Fighter (USA).nes,nointro,,usa,Kabuki - Quantum Fighter (USA).zip,123750
NES/Famicom,1969,Spider-Man: Return of the Sinister Six,a6eba31c39c78d30f34ac452a5904f41,Spider-Man - Return of the Sinister Six (USA).nes,nointro,,usa,Spider-Man__Return_of_the_Sinister_Six.zip,143322
NES/Famicom,4756,Mappy,87ecd2cc23de21ffd69439db9a1ca778,Mappy (Japan).nes,nointro,,japan,Mappy (Japan).zip,15479
NES/Famicom,1777,Kickle Cubicle,b764dcf61b2b9b3bedb4a3e1bf0ebfe7,Kickle Cubicle (USA).nes,nointro,,usa,Kickle Cubicle (USA).zip,130950
NES/Famicom,2142,Crisis Force,836b1dcd4b31889d0eab3081329b7529,Crisis Force (Japan).nes,nointro,,japan,Crisis Force (Japan) (En).zip,163668
NES/Famicom,1861,Nintendo World Cup,17528929488d6c00504b2975546f7ace,Nintendo World Cup (USA).nes,nointro,,usa,Nintendo World Cup (USA).zip,106966
NES/Famicom,4542,~Unlicensed~ Bubble Bath Babes,9facecc44cfd8be8ad8f3bab1eb27cb6,Bubble Bath Babes (USA) (Unl).nes,nointro,,usa,Bubble Bath Babes (USA) (Unl).zip,51989
NES/Famicom,1604,Captain America and the Avengers,f5d6c0ccc98ceba73d680b5fd1de8ab2,Captain America and the Avengers (USA).nes,nointro,,usa,Captain America and the Avengers (USA).zip,148778
NES/Famicom,4658,Moon Crystal,ffec8e159be007853e63acc41f1e17b4,Moon Crystal (Japan).nes,nointro,,japan,Moon Crystal (Japan).zip,227936
NES/Famicom,1517,A Nightmare on Elm Street,5f62fab71cf3f8e90ac3af2775c8d630,"Nightmare on Elm Street, A (USA).nes",nointro,,usa,"Nightmare on Elm Street, A (USA).zip",89479
NES/Famicom,1623,Clu Clu Land,1de41e13a2e691a8cc13b757a46ae3b8,Clu Clu Land (World) (GameCube Edition).nes,nointro,,world,Clu Clu Land (World) (GameCube Edition).zip,16411
NES/Famicom,5083,~Unlicensed~ Micro Machines,46a92436a4899fd3adc2f5097cdaa5dd,Micro Machines (USA) (Rev 1) (Unl).nes,nointro,,usa,Micro Machines (USA) (Unl).zip,145694
NES/Famicom,1929,Rush 'n Attack,0b423bf38720009871742388b9414878,Rush'n Attack (USA).nes,nointro,,usa,Rush'n Attack (USA).zip,60655
NES/Famicom,1971,Spy Hunter,ac55003f1de6b36204f2d0e53d6b8058,Spy Hunter (USA).nes,nointro,,usa,Spy Hunter (USA).zip,28984
NES/Famicom,2444,Yie Ar Kung-Fu,3c811b8b45949925cb02cc90befbfa35,Yie Ar Kung-Fu (Japan) (Rev 1.4).nes,nointro,,japan,Yie Ar Kung-Fu (Japan) (Rev 1.4).zip,16805
NES/Famicom,4767,F-1 Race,fe6e13d1382f94dc0a5391053c4096bc,F1 Race (Japan).nes,nointro,,japan,F1 Race (Japan) (En).zip,15302
NES/Famicom,1769,Joust,54fcf9168a09107cbaaaa6185abf9651,Joust (USA).nes,nointro,,usa,Joust (USA).zip,19169
NES/Famicom,1957,Smash T.V.,b8d352880e586a779b142d340e17c5e9,Smash T.V. (USA).nes,nointro,,usa,Smash T.V. (USA).zip,102423
NES/Famicom,1991,Super Dodge Ball,6e44871b462ce90c99d9a9a8fff637a8,Super Dodge Ball (USA).nes,nointro,,usa,Super Dodge Ball (USA).zip,103102
NES/Famicom,1732,Heavy Barrel,0ae012c45606e0dcd6af51ec4dad20b5,Heavy Barrel (USA).nes,nointro,,usa,Heavy Barrel (USA).zip,116115
NES/Famicom,3614,Galaxian,01c1f123f436943527f50eb585025b99,Galaxian (Japan).nes,nointro,,japan,Galaxian (Japan) (En).zip,10111
NES/Famicom,2099,Yo! Noid,9f6699315a98a17f953eef92f179992b,Yo! Noid (USA).nes,nointro,,usa,Yo! Noid (USA).zip,129120
NES/Famicom,4804,TwinBee,22fb493a8e19550a82b593982f8db840,TwinBee (Japan).nes,nointro,,japan,TwinBee (Japan).zip,29327
NES/Famicom,1717,Golf,f0d94f25db202c935cd8f1cdde10a0aa,"Golf (USA, Asia) (En).nes",nointro,,usa,Golf.zip,16695
NES/Famicom,1737,Home Alone,a4c7d9fd8c0691644039b9ed3f9701db,Home Alone (USA) (Rev 1).nes,nointro,,usa,Home Alone (USA) (Rev 1).zip,79469
NES/Famicom,1528,The Adventures of Bayou Billy,1c23920f24486210043c074c0150ff6f,"Adventures of Bayou Billy, The (USA).nes",nointro,,usa,"Adventures of Bayou Billy, The (USA).zip",144071
NES/Famicom,1482,Maniac Mansion,3905799e081b80a61d4460b7b733c206,Maniac Mansion (USA).nes,nointro,,usa,Maniac Mansion (USA).zip,158403
NES/Famicom,1667,Dragon Quest III,16a03048ce659d3d733026b6b72f2470,Dragon Warrior III (USA).nes,nointro|main,,usa,Dragon Warrior III (USA).zip,252530
NES/Famicom,1977,Star Force,db9a2c5492bd793d7091cd656c7f28cd,Star Force (USA).nes,nointro,,usa,Star Force (USA).zip,26069
NES/Famicom,1846,Ms. Pac-Man (Namco),b7f24e66a7df5d102023977ab887d97e,Ms. Pac-Man (USA) (Namco).nes,nointro,,usa,Pac-Man.zip,17848
NES/Famicom,2208,Holy Diver,68b496a65571bce9c8e7be7667155c96,"Holy Diver (USA, Europe) (Ja) (Collector's Edition) (Aftermarket) (Unl).nes",nointro,,usa,Holy Diver (Japan).zip,105200
NES/Famicom,1868,P.O.W.: Prisoners of War,3575eb3971ba67970021d94185316416,P.O.W. - Prisoners of War (USA).nes,nointro,,usa,P.O.W. - Prisoners of War (USA).zip,113471
NES/Famicom,5527,Final Fantasy II,4d259632662a581f8f80ff3dc1c3498e,Final Fantasy II (USA) (Proto).nes,nointro,,usa,Final_Fantasy_II.zip,169789
NES/Famicom,2075,Whomp 'Em,7d65f7b3ad4ab20ab92eeb7d720a677a,Whomp 'Em (USA).nes,nointro,,usa,Whomp 'Em (USA).zip,124009
NES/Famicom,1596,The Bugs Bunny Birthday Blowout,7622e7d6a786eec7b09948e109c3400a,"Bugs Bunny Birthday Blowout, The (USA).nes",nointro,,usa,"Bugs Bunny Birthday Blowout, The (USA).zip",122286
NES/Famicom,1601,Cabal,bff655ca46622be666e620a69f8ed683,Cabal (USA).nes,nointro,,usa,Cabal (USA).zip,95633
NES/Famicom,1700,G.I. Joe: A Real American Hero,fcb354cbdc180abc990da9317d619629,G.I. Joe - A Real American Hero (USA).nes,nointro,,usa,G.I. Joe - A Real American Hero (USA).zip,214555
NES/Famicom,1720,The Goonies,465dc95c995e70b3a161f06d67c1942d,Goonies (Japan).nes,nointro,,japan,Goonies (Japan).zip,33611
NES/Famicom,5553,Final Fantasy III,45a7d02ed0dc92665a30da1d9b4af35d,Final Fantasy III (Japan).nes,nointro,,japan,Final Fantasy III (Japan).zip,332746
NES/Famicom,1498,Rygar,50dd77437fafae2ddf89dc6b8967b494,Rygar (USA) (Rev 1).nes,nointro,,usa,Rygar (USA) (Rev 1).zip,76274
NES/Famicom,1591,Bram Stoker's Dracula,d8c7ed973232990fa1b7542e6876bd3c,Bram Stoker's Dracula (USA).nes,nointro,,usa,Bram Stokers Dracula (USA).zip,115710
NES/Famicom,2078,Willow,831d2e895fd5424ffa0db8ad2a009293,Willow (USA).nes,nointro,,usa,Willow (USA).zip,138016
PSP,3537,God of War: Chains of Olympus,799b09290b80129d6d0a880f7bac59b6,"God of War - Chains of Olympus (Europe, Australia) (En,Fr,De,Es,It).iso",redump,,europe,God.of.War.-.Chains.of.Olympus.Europe.En.Fr.De.Es.It.PSN.iso ,
PSP,17976,Monster Hunter Portable 3rd,f169d84a13732812d75a1d02dea3341c,Monster Hunter Portable 3rd HD ver. (Japan) (En) (v5) (Team Maverick ONE),redump|rapatches,,japan,Monster.Hunter.Portable.3rd.HD.ver.iso ,1450000000
PSP,3727,Dante's Inferno,9c80f421a1bcd0cc51503e479f090c40,Dante's Inferno (USA).iso,redump,,usa,Dante.s.Inferno.USA.iso ,1230000000
PSP,3538,God of War: Ghost of Sparta,42c08dd581fca2db6dbe3cbe3ef6703a,"God of War - Ghost of Sparta (Europe, Australia) (En,Fr,De,Es,It).iso",redump,,europe,God.of.War.-.Ghost.of.Sparta.Europe.Australia.En.Fr.De.Es.It.iso,1660000000
PSP,3161,LittleBigPlanet,a8703172016952d001c5a4ef61a14625,"LittleBigPlanet (USA) (En,Fr,De,Es,It,Pt).iso",redump,,usa,LittleBigPlanet.USA.En.Fr.De.Es.It.Pt.iso ,1400000000
PSP,3582,Mega Man: Powered Up,4e7ff49beb64ecb8d59f8b4e881af6e8,Mega Man - Powered Up (USA).iso,redump|nointro,,usa,Mega.Man.-.Powered.Up.USA.iso ,197000000
PSP,3515,Dissidia 012: Duodecim Final Fantasy,12c89cbee6684728e3a15bb4988b5f5a,"Dissidia 012 - Duodecim Final Fantasy (USA) (En,Fr,De,Es,It).iso",redump,,usa,Dissidia.012.-.Duodecim.Final.Fantasy.USA.En.Fr.De.Es.It.iso,1630000000
PSP,10387,Crisis Core: Final Fantasy VII,fc2099ae9b174c54ee02e9827da9cea9,Crisis Core - Final Fantasy VII (USA).iso,redump|nointro,,usa,Crisis.Core.-.Final.Fantasy.VII.USA.iso ,1600000000
PSP,3732,Monster Hunter Freedom Unite,cfc5625956c606b5d0333033d28daffb,"Monster Hunter Freedom Unite (Europe) (En,Fr,De,Es,It).iso",redump|nointro,,europe,Monster.Hunter.Freedom.Unite.Europe.En.Fr.De.Es.It.iso ,846000000
PSP,3219,Mega Man Maverick Hunter X,8a99ed01468c44bbb78a944e2db4bc58,Mega Man - Maverick Hunter X (USA).iso,redump|nointro,,usa,Mega.Man.-.Maverick.Hunter.X.USA.iso,449000000
PSP,3186,Tekken 6,38f4fcd5d786c98bf19077c9eefde9bd,"Tekken 6 (Europe) (En,Ja,Fr,De,Es,It,Ko,Ru).iso",redump,,europe,Tekken.6.Europe.En.Ja.Fr.De.Es.It.Ko.Ru.iso,816000000
PSP,3471,Metal Slug: Anthology,a2bf0aa8e9de1c63707ea2abee7c1d03,Metal Slug Anthology (USA).iso,redump|nointro,,usa,Metal.Slug.Anthology.USA.iso,1200000000
PSP,3910,Dragon Ball Z: Shin Budokai,8c86349972d11db42f4cfe0bd32f31b5,Dragon Ball Z - Shin Budokai (USA).iso,redump|nointro,,usa,Dragon.Ball.Z.-.Shin.Budokai.USA.iso,312000000
PSP,3185,Burnout Legends,cf787bff43a0309fbb6b9e32159be9bc,"Burnout Legends (USA) (En,Fr,De,Es,It,Nl).iso",redump,,usa,Burnout.Legends.USA.En.Fr.De.Es.It.Nl.v1.00.iso,477000000
PSP,3891,Shin Megami Tensei: Persona,105fbe4883e86f6d5cd5c03ddd530fb1,Shin Megami Tensei - Persona (USA).iso,redump,,usa,Shin.Megami.Tensei.-.Persona.USA.iso,783000000
PSP,3509,Jeanne D'Arc,9468c9f3b1cc569e1b07370b553ad968,Jeanne d'Arc (USA).iso,redump|nointro,,usa,Jeanne.d.Arc.USA.iso,1160000000
PSP,10533,Metal Gear Solid: Peace Walker,bfbcf84b371fe46282c8b96969ec1a5a,"Metal Gear Solid - Peace Walker (USA) (En,Fr,Es) (v1.01).iso",redump|nointro,,usa,Metal.Gear.Solid.-.Peace.Walker.USA.En.Fr.Es.v2.00.iso,1530000000
PSP,3215,Final Fantasy,f78e6368f595fd0bcbef19b1750af666,"Final Fantasy - 20th Anniversary Edition (USA) (En,Ja) (FW6.00).iso",redump|nointro,,usa,Final.Fantasy.-.20th.Anniversary.Edition.USA.En.Ja.FW6.00.iso,189000000
PSP,3971,Grand Theft Auto: Vice City Stories,689064ef742a45013e4fdd6b2e27b02a,"Grand Theft Auto - Vice City Stories (Europe) (En,Fr,De,Es,It).iso",redump,,europe,Grand.Theft.Auto.-.Vice.City.Stories.Europe.En.Fr.De.Es.It.iso ,1580000000
PSP,10525,Patapon,455f09f185068567a2b87978d6623909,"Patapon (Europe) (En,Fr,De,Es,It).iso",redump,,europe,Patapon.Europe.En.Fr.De.Es.It.iso,338000000
PSP,3164,Shin Megami Tensei: Persona 3 Portable,f56e60e76a5f53ac8fb18da480c86f4a,Shin Megami Tensei - Persona 3 Portable (USA).iso,redump|nointro,,usa,Shin.Megami.Tensei.-.Persona.3.Portable.USA.iso,1230000000
PSP,15626,Gran Turismo: The Real Driving Simulator,e5860491dbaaa87e116cf6cbd2e3eb52,"Gran Turismo (Europe) (En,Fr,De,Es,It,Nl,Pt,Ru) (v2.00).iso",redump,,europe,Gran.Turismo.Europe.En.Fr.De.Es.It.Nl.Pt.Ru.v2.00.iso,1120000000
PSP,3738,Phantasy Star Portable,5c7de53c9d8fc8aa09ef258f57acb44b,Phantasy Star Portable (USA).iso,redump|nointro,,usa,Phantasy.Star.Portable.USA.iso,1020000000
PSP,3165,Castlevania: The Dracula X Chronicles,59b37df8ade6d7020391eb96a5acd549,"Castlevania - The Dracula X Chronicles (Europe) (En,Fr,De,Es,It).iso",redump|nointro,,europe,Castlevania.-.The.Dracula.X.Chronicles.Europe.En.Fr.De.Es.It.iso,1090000000
PlayStation,11240,Castlevania: Symphony of the Night,bf7e0e90d8e8d5738c7332bc6af666da,Castlevania - Symphony of the Night (USA),redump,,usa,Castlevania.-.Symphony.of.the.Night.USA.zip,
PlayStation,10434,Crash Bandicoot,35386fd0891e594c9b6d8a4a5baa0027,Crash Bandicoot (USA),redump,,usa,Crash.Bandicoot.USA.zip,
PlayStation,11252,Silent Hill,469d5cf1428d3f6f2234aa5be058f3ec,Silent Hill (USA),redump,,usa,,
PlayStation,11259,Tekken 3,5b0009044c8d7724518ff57e35c61af6,Tekken 3 (USA),redump,,usa,,
PlayStation,11244,Metal Gear Solid,0b0a1d4bd3eb3f009736321ab8349e33,Metal Gear Solid (USA) (Disc 2),redump,,usa,,
PlayStation,11277,Parasite Eve,69562c06a66906577c780fefcb7af204,Parasite Eve (USA) (Disc 1),redump,,usa,,
PlayStation,11279,Spyro the Dragon,3e9eb765a7b2912e60c30f363f0a3574,Spyro the Dragon (USA),redump,,usa,,
PlayStation,10433,Crash Bandicoot 3: Warped,8209150e48e8f9f0e727347472c7e123,Crash Bandicoot - Warped (USA),redump,,usa,,
PlayStation,10438,Crash Team Racing,e5e13057a965c79ba7fc2334993baec2,CTR - Crash Team Racing (USA),redump,,usa,,
PlayStation,10432,Crash Bandicoot 2: Cortex Strikes Back,ba4f186dfc511de240826fb47affff6e,Crash Bandicoot 2 - Cortex Strikes Back (USA),redump,,usa,,
PlayStation,11353,Mega Man X4,7f62ae63f828c8d6e67f138b6b0d9c1a,Mega Man X4 (USA) (Undub) (v1.13) (acediez),lostlevel,,usa,,
PlayStation,11388,Yu-Gi-Oh! Forbidden Memories,b181396315dc9dd3656d5910ea65239b,Yu-Gi-Oh! Forbidden Memories (USA),redump,,usa,,
PlayStation,11265,Resident Evil 3: Nemesis,4f8ab98c545757c65978d595f42826e4,Resident Evil 3 - Nemesis (USA),redump,,usa,,
PlayStation,11245,Resident Evil 2: DualShock Ver.,2e78f5817db6bb9dfb0208068d0801ce,Resident Evil 2 - Dual Shock Ver. (USA) (Disc 2),redump,,usa,,
PlayStation,11242,Final Fantasy VII,22e745953a67496b8d2f41e091de3811,Final Fantasy VII (USA) (Disc 2),redump,,usa,,
PlayStation,11317,MediEvil,270c740d1c4192423152df2376cf7ced,MediEvil (USA),redump,,usa,,
PlayStation,11268,Resident Evil: Director's Cut,fef5c16e4aed84e0402807c8b4217b9b,Resident Evil - Director's Cut (USA),redump,,usa,,
PlayStation,11305,R4: Ridge Racer Type 4,c4f1bcc0740e5eabae10b5ce39e53b2b,R4 - Ridge Racer Type 4 (USA),redump,,usa,,
PlayStation,13444,Pepsiman: The Running Hero,e2dfc0f35f3684145e539964995c72c7,Pepsiman (Japan),redump,,japan,,
PlayStation,11368,PaRappa the Rapper,d3d2570a85173eecf2a4f4b584d49a5e,"PaRappa the Rapper (USA) (En,Fr,De,Es,It)",redump,,usa,,
PlayStation,11311,Medal of Honor,9f80389b157a7b8da1c28f92ab223965,Medal of Honor (USA),redump,,usa,,
PlayStation,14631,Jackie Chan Stuntmaster,92a7171a0322ca07e2529575e3692e12,Jackie Chan Stuntmaster (USA),redump,,usa,,
PlayStation,11260,Spyro 2: Ripto's Rage!,5c63af54f937ccd06dcacbfbb1457456,Spyro 2 - Ripto's Rage! (USA),redump,,usa,,
PlayStation,11280,Mega Man Legends,44fc233b415c466986b8ab3de5c0cf1d,Mega Man Legends (USA),redump,,usa,,
PlayStation,11329,Einhänder,ad4db1bae09665d36fca6ea653fbf93b,Einhaender (USA),redump,,usa,,
PlayStation,11346,Rayman,c6ff8745d23b4c666622b26ba2022e1f,Rayman (USA),redump,,usa,,
PlayStation,11278,Gran Turismo 2,4ea57dce50b86a32f0d5034479c1bc48,Gran Turismo 2 (USA) (Simulation Mode) (Rev 2),redump,,usa,,
PlayStation,11264,The Legend of Dragoon,58b2b8f4c62c1d31346802f60e9b415f,"Legend of Dragoon, The (USA) (Disc 1)",redump,,usa,,
PlayStation,11320,Gran Turismo,13e08c49ab6e0a39d738913c68a971af,Gran Turismo (USA) (Rev 1),redump,,usa,,
PlayStation,11404,Harry Potter and the Sorcerer's Stone,9d64c312e7cf579c4d77bfd329b66071,"Harry Potter and the Sorcerer's Stone (USA) (En,Fr,Es)",redump,,usa,,
PlayStation,11344,Diablo,a796211aa32c1a53ba998c93eae8820f,"Diablo (USA) (En,Fr,De,Sv)",redump,,usa,,
PlayStation,11327,Digimon World,8bc2620ebf5b44d0cc96ae1e5b2dc66a,Digimon World (USA),redump,,usa,,
PlayStation,11319,Spider-Man,e720c1c756a8d5c701e78905484cc926,Spider-Man (USA),redump,,usa,,
PlayStation,11276,Tomba!,41c8d48aada42248283b1474f63aa9c4,Tomba! (USA),redump,,usa,,
PlayStation,11359,Metal Slug X,2b243ca01044b1abc542305fd135fec1,Metal Slug X (USA),redump,,usa,,
PlayStation,11331,Tony Hawk's Pro Skater,3687e8925ab38a2ccf9d965df280c432,Tony Hawk's Pro Skater (USA),redump,,usa,,
PlayStation,11316,Tekken 2,7584a59de3f04c42998246ab44d9cec7,Tekken 2 (USA) (Rev 1),redump,,usa,,
PlayStation,11296,Dino Crisis 2,a1cb59bac4ee4cdb9eb85f4c9c2bd529,Dino Crisis 2 (USA) (Pt) (v1.0) (Nemesis Fandubs),lostlevel,,usa,,
PlayStation,11401,Tekken,138a1ee7a95f5733fc6039723a170381,Tekken (USA),redump,,usa,,
PlayStation,11354,Mortal Kombat Trilogy,b4de55870a0bf555e4c17569c47aff8e,Mortal Kombat Trilogy (USA) (Rev 1),redump,,usa,,
Sega,1,Sonic the Hedgehog,1bc674be034e43c96b86487ac69d9293,"Sonic The Hedgehog (USA, Europe).md",nointro,,usa,"Sonic The Hedgehog (USA, Europe).zip",386937
Sega,10,Sonic the Hedgehog 2,8e2c29a1e65111fe2078359e685e7943,Sonic The Hedgehog 2 (World).md,nointro,,world,,
Sega,55,Streets of Rage,569cfec15813294a8f0cf88cccc8c151,Streets of Rage (World).md,nointro,,world,,
Sega,3,Streets of Rage 2,cb75d5a6919b61efe917bea5762c1cb7,Streets of Rage 2 (USA).md,nointro,,usa,Streets of Rage 2 (USA).zip,1031009
Sega,4874,Sonic 3 & Knuckles,c5b1c655c19f462ade0ac4e17a844d10,Sonic & Knuckles + Sonic The Hedgehog 3 (USA) (Lock-on Combination).md,nointro,,usa,Sonic & Knuckles + Sonic The Hedgehog 3 (USA).zip,2540269
Sega,69,Castlevania: Bloodlines,0f04fc1b5bf8c9a887abcf14ce96b0cd,Castlevania - Bloodlines (USA).md,nointro,,usa,Castlevania - Bloodlines (USA).zip,707100
Sega,2,Aladdin,a6fc42bd5d19e36e5d8a2d8c4f4e9d23,Aladdin (USA).md,nointro,,usa,Aladdin (USA).zip,1174803
Sega,53,Comix Zone,5cc88fa866c76cb24c50ec7019daee7e,Comix Zone (USA) (Sega Smash Pack 2).md,nointro,,usa,,
Sega,282,Teenage Mutant Ninja Turtles: The Hyperstone Heist,30ede62c8efe3e046e5409758b091eb6,Teenage Mutant Ninja Turtles - The Hyperstone Heist (USA).md,nointro,,usa,Teenage Mutant Ninja Turtles - The Hyperstone Heist (USA).zip,665936
Sega,18,Golden Axe,04d2c7da9aac3fbeadf6bb8ccd27b560,Golden Axe (World).md,nointro,,world,,
Sega,21,Sonic the Hedgehog 3,d724ea4dd417fe330c9dcfd955c596b2,Sonic The Hedgehog 3 (USA).md,nointro,,usa,,
Sega,263,Michael Jackson's Moonwalker,7baf9fb775ee130bd7a4a779cb3bb612,"Michael Jackson's Moonwalker (Japan, USA) (En).md",nointro,,usa,"Michael Jackson's Moonwalker (Japan, USA).zip",336046
Sega,9,Castle of Illusion starring Mickey Mouse,24863151abd5baf28c9386d49ffe3c09,"Castle of Illusion Starring Mickey Mouse (USA, Europe).md",nointro,,usa,"Castle of Illusion Starring Mickey Mouse (USA, Europe).zip",398418
Sega,24,Altered Beast,1351733931c06014e45f091d25a92e29,"Altered Beast (Japan, USA) (En) (Rev A).md",nointro,,usa,,
Sega,168,The Adventures of Batman & Robin,5b1bcb3793262d2d0282b49e0c2ee053,"Adventures of Batman & Robin, The (USA).md",nointro,,usa,"Adventures of Batman & Robin, The (USA).zip",1191650
Sega,169,Sonic & Knuckles,4ea493ea4e9f6c9ebfccbdb15110367e,Sonic & Knuckles (World).md,nointro,,world,,
Sega,11,Earthworm Jim,074dcf012f3fd11a4c7e624474944d81,Earthworm Jim (USA).md,nointro,,usa,Earthworm Jim (USA).zip,1903311
Sega,7,Gunstar Heroes,9a369cfc6355db48677771e345421e0e,Gunstar Heroes (USA).md,nointro,,usa,Gunstar Heroes (USA).zip,661835
Sega,54,Streets of Rage 3,2d0b0c8f10edf76131708e874e8d1ee4,Streets of Rage 3 (USA).md,nointro,,usa,Streets of Rage 3 (USA).zip,1681470
Sega,15,Sonic the Hedgehog Spinball,841e347b30a6e298ee2b0c722f19fe74,Sonic Spinball (USA).md,nointro,,usa,Sonic Spinball (USA).zip,526878
Sega,120,Contra: Hard Corps,2bd30479556da5c310d8f2a1fe66e8fa,"Contra - Hard Corps (USA, Korea) (En).md",nointro,,usa,"Contra - Hard Corps (USA, Korea).zip",1361695
Sega,64,Shinobi III: Return of the Ninja Master,691eeff9c5741724a8751ec0fa9cfbf0,Shinobi III - Return of the Ninja Master (USA).md,nointro,,usa,Shinobi III - Return of the Ninja Master (USA).zip,636707
Sega,212,Ghouls 'n Ghosts,815aab1193bf534063e8f032ec76852a,"Ghouls'n Ghosts (Japan, USA) (En).md",nointro,,usa,"Daimakaimura ~ Ghouls'n Ghosts (Japan, USA).zip",442417
Sega,480,Alien Soldier,54d06fe70c75bf6828a503bb8ce806b0,Alien Soldier (USA) (Virtual Console).md,nointro,,usa,Alien Soldier (USA) (Virtual Console).zip,1106909
Sega,87,Golden Axe II,2cd3573172961fa52f622f14ccff4e1a,Golden Axe II (World).md,nointro,,world,Golden Axe II (World).zip,334570
Sega,145,Columns,b92d1477992ca143e02bf90ab2e2a118,"Columns (USA, Europe).md",nointro,,usa,,
Sega,209,Dr. Robotnik's Mean Bean Machine,4d6bdac51d2f5969a91496142ea53232,Dr. Robotnik's Mean Bean Machine (USA).md,nointro,,usa,Dr. Robotnik's Mean Bean Machine (USA).zip,569921
Sega,218,QuackShot starring Donald Duck,a184d044b122b73026b8f4f8fb6bc528,QuackShot Starring Donald Duck (World).md,nointro,,world,,
Sega,45,Batman: The Video Game,5ae78355da64cf17755175e9cfe48405,Batman - The Video Game (USA).md,nointro,,usa,,
Sega,8,Ecco the Dolphin,18b49fe6ad55975b6021b40b193035f5,"Ecco the Dolphin (USA, Europe, Korea) (En).md",nointro,,usa,"Ecco the Dolphin (USA, Europe, Korea).zip",516363
Sega,68,Kid Chameleon,756e603b6cf9b3ebbb1b0f79d9447e43,"Kid Chameleon (USA, Europe).md",nointro,,usa,"Kid Chameleon (USA, Europe).zip",747067
Sega,293,Thunder Force IV,bb6b10927e6238206e9a7ba8c7d91a14,Lightening Force - Quest for the Darkstar (USA).md,nointro,,usa,,
Sega,326,Sonic 3D Blast,50acbea2461d179b2bf11460a1cc6409,"Sonic 3D Blast (USA, Europe, Korea) (En).md",nointro,,usa,,
Sega,66,Splatterhouse 2,d0d14e031b6a62c733414e1039a51df3,Splatterhouse 2 (USA).md,nointro,,usa,Splatterhouse 2 (USA).zip,464666
Sega,79,Mortal Kombat,a1dd8a3e4b8c98dee49d5e90d6b87903,Mortal Kombat (World).md,nointro,,world,Mortal Kombat (World).zip,1015486
Sega,40,World of Illusion starring Mickey Mouse and Donald Duck,c2c5a4b990ce72f98b7b7f236e66c022,"World of Illusion Starring Mickey Mouse and Donald Duck (USA, Korea) (En).md",nointro,,usa,"World of Illusion Starring Mickey Mouse and Donald Duck (USA, Korea).zip",773069
Sega,644,M.U.S.H.A.: Metallic Uniframe Super Hybrid Armor,d5ced66ba18ec2b8eb69b8b1a6baf0d0,MUSHA - Metallic Uniframe Super Hybrid Armor (USA).md,nointro,,usa,MUSHA - Metallic Uniframe Super Hybrid Armor (USA).zip,385905
Sega,20,Alex Kidd in the Enchanted Castle,6dee3627fa7a28267efd07c51a467ad6,Alex Kidd in the Enchanted Castle (USA).md,nointro,,usa,Alex Kidd in the Enchanted Castle (USA).zip,153425
Sega,494,Mega Bomberman,514f6cad98f5f632d680983a050fffc4,Mega Bomberman (USA).md,nointro,,usa,Mega Bomberman (USA).zip,537838
Sega,42,Tiny Toon Adventures: Buster's Hidden Treasure,4831cb1b067887a086467ec51653af48,Tiny Toon Adventures - Buster's Hidden Treasure (USA).md,nointro,,usa,,
Sega,94,The Revenge of Shinobi,84906f06b302216a6db943ee52a8956c,"Revenge of Shinobi, The (USA, Europe) (Rev A).md",nointro,,usa,,
Sega,93,The Lion King,e37bf6813648ec5e8bdbd2f7070010f8,"Lion King, The (World).md",nointro,,world,,
Sega,102,X-Men,63274bdd105d2abf265aa2d2934635c5,X-Men (USA).md,nointro,,usa,,
Sega,110,Sunset Riders,19cdf861c543f9c9cd9c8b6b70adeb1c,Sunset Riders (USA).md,nointro,,usa,,
Sega,211,Alien Storm,b63052973d5d550087d6b36ce8487fb1,Alien Storm (World).md,nointro,,world,,
Sega,39,Alisia Dragoon,77be06102101759f30b416d80872c8da,Alisia Dragoon (USA).md,nointro,,usa,Alisia Dragoon (USA).zip,608992
Sega,6312,Knuckles the Echidna in Sonic the Hedgehog 2,3e5e4b18d035775b916a06f2b3dc5031,Sonic & Knuckles + Sonic The Hedgehog 2 (World) (Rev A) (Lock-on Combination).md,nointro,,world,,
Sega,2166,Thunder Force III,64766dae889d039eb391bc5bf2973f5d,"Thunder Force III (Japan, USA) (En).md",nointro,,usa,,
Sega,98,Shadow Dancer: The Secret of Shinobi,1f2a9f322e770be0a3cc2aabdf8bc575,Shadow Dancer - The Secret of Shinobi (World).md,nointro,,world,Shadow Dancer - The Secret of Shinobi (World).zip,347469
Sega,137,Battletoads,f1e299d6eb40e3ecec6460d96e1e4dc9,Battletoads (World).md,nointro,,world,,
Sega,1373,RoboCop Versus The Terminator,cfc3568cc985f7b73dd5afa69c9f28a4,RoboCop Versus The Terminator (USA).md,nointro,,usa,RoboCop Versus The Terminator (USA).zip,1079513
Sega,140,Wonder Boy in Monster World,945335637611a0951595fae0994f4303,"Wonder Boy in Monster World (USA, Europe).md",nointro,,usa,"Wonder Boy in Monster World (USA, Europe).zip",530037
Sega,14,Alien 3,793b92cd4a66921db6ca4f582a690db5,"Alien 3 (USA, Europe) (Rev A).md",nointro,,usa,,
Sega,82,Road Rash,543b64ccb26c18edc6c98c12b1302dc0,"Road Rash (USA, Europe).md",nointro,,usa,"Road Rash (USA, Europe).zip",400962
Sega,22,ToeJam & Earl,0a6af20d9c5b3ec4e23c683f083b92cd,"ToeJam & Earl (USA, Europe, Korea) (En).md",nointro,,usa,"ToeJam & Earl (USA, Europe, Korea).zip",618226
Sega,109,After Burner II,75458e38c278f61c06dabacc744b5fe1,"After Burner II (USA, Europe).md",nointro,,usa,,
Sega,2182,Earthworm Jim 2,2ed39b147fa5fa67d6d0707f54a5a078,Earthworm Jim 2 (USA).md,nointro,,usa,Earthworm Jim 2 (USA).zip,1795152
Sega,34,Rocket Knight Adventures,ce0fde21d2c418b24c3d904e57df466e,Rocket Knight Adventures (USA).md,nointro,,usa,Rocket Knight Adventures (USA).zip,672130
Sega,6,Desert Strike: Return to the Gulf,6f37f036c8de2bf78d11079cd2424370,"Desert Strike - Return to the Gulf (USA, Europe).md",nointro,,usa,"Desert Strike - Return to the Gulf (USA, Europe).zip",581788
Sega,88,Golden Axe III,932a2ffb998e59d6bf9292566dfc2a63,Golden Axe III (Europe) (Virtual Console).md,nointro,,europe,,
Sega,116,Mega Man: The Wily Wars,8e860e4f7c7ee5febad9134a56766112,Mega Man - The Wily Wars (USA) (Genesis Mini).md,nointro,,usa,Mega Man - The Wily Wars (USA) (Genesis Mini).zip,966492
Sega,16,Super Hang-On,ff59ca57c4f2a6987042d4f53b5a20a4,"Super Hang-On (Japan, USA) (En,Ja).md",nointro,,usa,,
Sega,12,The Addams Family,eba5f964addea18b70336d292a08698d,"Addams Family, The (USA, Europe).md",nointro,,usa,,
Sega,294,Mega Turrican,8d73db292f0f4c838e72086fb3d5896b,Mega Turrican (USA).md,nointro,,usa,Mega Turrican (USA).zip,589688
Sega,16210,Bare Knuckle III,f1cb9e887bf4bc512d9535c89e420df7,Bare Knuckle III (Japan).md,nointro,,japan,,
Sega,180,Battletoads and Double Dragon: The Ultimate Team,78f3ea32bcb4f627e4f9bc9711e017b8,Battletoads-Double Dragon (USA).md,nointro,,usa,,
Sega,36,Double Dragon,6c34e2fd2b6800194dfad16fadaef820,"Double Dragon (USA, Europe) (Unl).md",nointro,,usa,,
Sega,119,Road Rash II,062ed2f4e698bd8c61ebb1ee74a08d2b,"Road Rash II (USA, Europe) (RR206).md",nointro,,usa,"Road Rash II (USA, Europe) (RR206).zip",558537
Sega,6718,Barney's Hide and Seek Game,644dcd9ae972b6b63fce63c17d12620d,Barney's Hide & Seek Game (USA).md,nointro,,usa,,
Sega,4726,Trouble Shooter,f29c5049a48f37a37b811a22dc731e3c,Trouble Shooter (USA).md,nointro,,usa,Trouble Shooter (USA).zip,304620
Sega,65,Shining Force,5111aa25931e6789ce4972bc6bafaa04,Shining Force (USA).md,nointro,,usa,Shining Force (USA).zip,1175666
Sega,3108,Battle Mania Daiginjou,1ffe5b490cddeb691e3add6947024f83,"Battle Mania Daiginjou (Japan, Korea) (Ja).md",nointro,,japan,,
Sega,156,Boogerman: A Pick and Flick Adventure,265a10bf2ea2d1ee30e6cde631d54474,Boogerman - A Pick and Flick Adventure (USA).md,nointro,,usa,,
Sega,50,Phantasy Star IV: The End of the Millennium,84cbd0ff47f3c8e9d21d2c2fc39185fa,Phantasy Star IV (USA).md,nointro,,usa,Phantasy Star IV (USA).zip,2389153
Sega,221,Dynamite Headdy,d11ec9b230e88403cd75ef186a884c97,"Dynamite Headdy (USA, Europe).md",nointro,,usa,"Dynamite Headdy (USA, Europe).zip",1397080
Sega,10229,Street Fighter II: Special Champion Edition,94c07e0d90ecb7a7745d5eec376b1d61,Street Fighter II' - Special Champion Edition (USA).md,nointro,,usa,,
Sega,295,Bishoujo Senshi Sailor Moon,b5365025a46a2781c63e254345268bf1,Bishoujo Senshi Sailor Moon (Japan).md,nointro,,japan,,
Sega,26,Cool Spot,74aeac0e83d75842ebee4cb86a89acd1,Cool Spot (USA).md,nointro,,usa,,
Sega,4247,Elemental Master,9b04970a603ace521c7cca2acaf69804,Elemental Master (USA).md,nointro,,usa,Elemental Master (USA).zip,406860
Sega,4,Zero Tolerance,54427136beee5a270232445bbfd0341f,"Zero Tolerance (USA, Europe) (Rev A).md",nointro,,usa,,
Sega,501,DEcapAttack,283c180cede3352dabec75fff677052e,"DEcapAttack (USA, Europe, Korea) (En).md",nointro,,usa,"DEcapAttack (USA, Europe, Korea).zip",251613
Sega,170,Columns III: Revenge of Columns,441b7e9c9811e22458660eb73975569c,Columns III (USA).md,nointro,,usa,Columns III (USA).zip,245700
Sega,80,X-Men 2: Clone Wars,b687660446f6e49dfd465cd0ef9f0bc3,"X-Men 2 - Clone Wars (USA, Europe).md",nointro,,usa,"X-Men 2 - Clone Wars (USA, Europe).zip",1169528
Sega,2367,Valis,da1638baec999b2203ac5e5fec31c744,Valis (USA).md,nointro,,usa,,
Sega,19,Ghostbusters,d73f3b9feac4734e9a391aa211a88159,"Ghostbusters (USA, Europe).md",nointro,,usa,"Ghostbusters (USA, Europe).zip",358865
Sega,125,Show do Milhão,c4412773f166b3d75f14fed985bd2239,Show do Milhao (Brazil).md,nointro,,brazil,,
Sega,70,Ultimate Mortal Kombat 3,5a129779699f8b388e97c9c0d703d503,Ultimate Mortal Kombat 3 (USA).md,nointro,,usa,Ultimate Mortal Kombat 3 (USA).zip,3325557
Sega,67,Splatterhouse 3,8c2a9b15ba24b611c895efd49c175ebe,Splatterhouse 3 (USA).md,nointro,,usa,Splatterhouse 3 (USA).zip,1089562
Sega,1438,Crusader of Centy,4ead1c30202dbc10ad3e327f69770570,Crusader of Centy (USA).md,nointro,,usa,Crusader of Centy (USA).zip,1312626
Sega,574,The Punisher,0711541847d139a7dae88958b68f92ee,"Punisher, The (USA).md",nointro,,usa,"Punisher, The (USA).zip",1035917
Sega,226,Arrow Flash,7f8f0a581158a00b6799204c9afe646b,Arrow Flash (USA).md,nointro,,usa,,
Sega,587,Zero Wing,5f4f2fb8c7b8c50efbc6eed57ce3dae3,Zero Wing (Europe).md,nointro,,europe,,
Sega,583,Snow Bros.: Nick & Tom,bc5d2dadfa64e26d851af8c294c38436,Snow Bros. - Nick & Tom (Japan).md,nointro,,japan,,
Sega,60,Mortal Kombat II,c8e887ca9cdde7bde85f324f66d34b2d,Mortal Kombat II (World).md,nointro,,world,Mortal Kombat II (World).zip,2357036
Sega,2364,Gargoyles,182b253e376b3ed4c51be1f87a95aa29,Gargoyles (USA).md,nointro,,usa,,
Sega,289,Last Battle,1164d4b9e1c69c914f68a3f0e126039b,"Last Battle (USA, Europe, Korea) (En).md",nointro,,usa,,
Sega,1404,Steel Empire,9105a05e3e2e0ae261789fdafca676a2,Steel Empire (USA).md,nointro,,usa,Steel Empire (USA).zip,473122
Sega,4228,Devil Crash MD,f93c0545385edce6ccef288ac767c670,Devil Crash MD (Japan).md,nointro,,japan,Devil Crash MD (Japan).zip,387525
Sega,1426,Burning Force,da536d20ac0f0e3a62d9709078690032,Burning Force (USA).md,nointro,,usa,,
Sega,15387,~Homebrew~ Xeno Crisis,50cca5273cdb6d6df36cbd29dbd3ff7f,"Xeno Crisis (World) (En,Ja,Fr,De,Es,It,Nl,Pt) (Aftermarket) (Unl).md",nointro,,world,,
Sega,59,Flicky,805cc0b3724f041126a57a4d956fd251,"Flicky (USA, Europe).md",nointro,,usa,"Flicky (USA, Europe).zip",43430
Sega,4123,Bonanza Bros.,dc3847b07cd94a15b1b9e0fb2ff5db11,"Bonanza Bros. (USA, Europe, Korea) (En) (Rev B).md",nointro,,usa,"Bonanza Bros. (USA, Europe, Korea) (Rev B).zip",204271
Sega,52,Super Street Fighter II: The New Challengers,75950e3aa9357a21715ffe2fa51a454c,Super Street Fighter II (USA).md,nointro,,usa,,
Sega,99,Fatal Labyrinth,f4550e6ca0b6c8a9de2376f85bdc6a8a,"Fatal Labyrinth (USA, Europe).md",nointro,,usa,"Fatal Labyrinth (USA, Europe).zip",103642
Sega,4102,Aero the Acro-Bat,50f04f5c4c10158b757856f3d6845858,Aero the Acro-Bat (USA).md,nointro,,usa,Aero the Acro-Bat (USA).zip,519575
Sega,536,Super Smash T.V.,6858c543dd27b9f1d5aa260a25ab1b83,"Super Smash T.V. (USA, Europe).md",nointro,,usa,,
Sega,290,Captain America and the Avengers,1dc96693afd74e7b0623a6e06fbdcf87,Captain America and the Avengers (USA).md,nointro,,usa,,
Sega,262,Wonder Boy III: Monster Lair,17f53791945ce7ccd83a4e812e3705e4,"Wonder Boy III - Monster Lair (Japan, Europe) (En).md",nointro,,europe,"Wonder Boy III - Monster Lair (Japan, Europe).zip",219533
Sega,240,Truxton,75a42b19e5503c72b21018699314db0b,Truxton (World).md,nointro,,world,Tatsujin ~ Truxton (World).zip,230417
Sega,4239,DUNE: The Battle for Arrakis,d4df66f77d52718798ec07d350d3a3cd,Dune - The Battle for Arrakis (USA).md,nointro,,usa,Dune - The Battle for Arrakis (USA).zip,600792
Sega,2545,Mickey Mania: The Timeless Adventures of Mickey Mouse,965536e24760755413ae316d935710b1,Mickey Mania - The Timeless Adventures of Mickey Mouse (USA).md,nointro,,usa,,
Sega,75,Shining Force II,6473b1505334ef5620d13191c18251fe,Shining Force II (USA).md,nointro,,usa,Shining Force II (USA).zip,1503943
Sega,2439,Gaiares,47e140ae1e70984e6cd638e6e8f8485f,"Gaiares (Japan, USA) (En).md",nointro,,usa,,
Sega,3684,Advanced Busterhawk: Gley Lancer,8bd4a97783cda077c342173df0a9b51e,Advanced Busterhawk Gley Lancer (Japan).md,nointro,,japan,,
Sega,166,Road Rash 3: Tour de Force,dce9b99a3d692cb4463f9f35d278659b,"Road Rash 3 (USA, Europe).md",nointro,,usa,"Road Rash 3 (USA, Europe).zip",1197579
Sega,225,Turbo OutRun,32fb1f12205e350cfe2bb66616043b59,"Turbo OutRun (Japan, Europe) (En).md",nointro,,europe,,
Sega,4418,Rock n' Roll Racing,530c58317b5626fa15b77adab0aacc9d,Rock n' Roll Racing (USA).md,nointro,,usa,,
Sega,143,Beyond Oasis,5a79de198ed6b1ece2518574fe78d962,Beyond Oasis (USA).md,nointro,,usa,Beyond Oasis (USA).zip,1802740
Sega,178,Mighty Morphin Power Rangers,cdcfb24231942f535a18d2097ab5b68e,Mighty Morphin Power Rangers (USA).md,nointro,,usa,,
Sega,4169,Bio-Hazard Battle,2d6764f7a96bb8b640a0d18102756ed2,"Bio Hazard Battle (USA, Europe).md",nointro,,usa,"Bio Hazard Battle (USA, Europe).zip",582520
Sega,571,Midnight Resistance,809534b635e726f57bf1d95f3e6d7468,Midnight Resistance (USA).md,nointro,,usa,Midnight Resistance (USA).zip,345538
Sega,46,Atomic Runner,6ddf32102f20c6f91b0d97bb5da5caad,Atomic Runner (USA).md,nointro,,usa,Atomic Runner (USA).zip,525788
Sega,302,ESWAT: City Under Siege,264d8c7c7b1f476fe6ea98411e3cde35,"ESWAT - City under Siege (USA, Europe) (Rev A).md",nointro,,usa,,
Sega,176,Marble Madness,ab99c73cffd808ddd93c43e2f52cc92d,"Marble Madness (USA, Europe).md",nointro,,usa,,
Sega,31,Fantastic Dizzy,2b3655b2935c727ee6400721fb5b4451,"Fantastic Dizzy (USA, Europe) (En,Fr,De,Es,It).md",nointro,,usa,,
Sega,25,Vectorman,d7171a867739c8ec325aa65b175b0c49,"Vectorman (USA, Europe).md",nointro,,usa,"Vectorman (USA, Europe).zip",1049869
Sega,807,Jurassic Park: Rampage Edition,67c489b34827bb4fae2ba93e8d2a919e,"Jurassic Park - Rampage Edition (USA, Europe).md",nointro,,usa,"Jurassic Park - Rampage Edition (USA, Europe).zip",1007173
Sega,4266,The Great Waldo Search,d568aaed8e044287e5e1fcc0ffe02676,"Great Waldo Search, The (USA).md",nointro,,usa,,
Sega,4237,Dragon's Revenge,f2b7d96aae4b5fdc6a1eac5a045e66c4,"Dragon's Revenge (USA, Europe).md",nointro,,usa,,
Sega,4521,Yuu Yuu Hakusho: Makyo Toitsusen,8130283788f82677ec583b7f627dbf0c,Yu Yu Hakusho - Makyou Toitsusen (Japan).md,nointro,,japan,,
Sega,1360,The Flintstones,60ea3535c8a939d26ded83bde0f4809d,"Flintstones, The (USA) (Taito).md",nointro,,usa,,
Sega,305,Toki: Going Ape Spit,56ba94382fe6f06d05baf77261644ad4,"Toki - Going Ape Spit (USA, Europe).md",nointro,,usa,"Toki - Going Ape Spit (USA, Europe).zip",280817
Sega,7682,~Homebrew~ CrazyBus,8329789cf6137cf0dffdfd503c82e1c3,CrazyBus (World) (Aftermarket) (Unl) (Tom Maneiro).md,homebrew|lostlevel,,world,,
Sega,51,Bubsy in Claws Encounters of the Furred Kind,a603f331d2d8700543a67c60342e38f7,"Bubsy in - Claws Encounters of the Furred Kind (USA, Europe).md",nointro,,usa,,
Sega,2348,Super Fantasy Zone,bd52a3c0097986a473f42dd58279408e,Super Fantasy Zone (Europe).md,nointro,,europe,Super Fantasy Zone (Europe).zip,439212
Sega,4270,Frogger,a5ef16bf634e12cb959da662858bae94,Frogger (USA).md,nointro,,usa,,
Sega,1443,Vectorman 2,9666d682cc7c69b26b834b4d8a949277,Vectorman 2 (USA).md,nointro,,usa,Vectorman 2 (USA).zip,1374240
Sega,5902,Side Pocket,469e1360eb70879b1039a686be9dfc3a,Side Pocket (USA).md,nointro,,usa,,
Sega,12933,Pac-Mania,2256f31ff48f93a5e2f1d03f13c0f024,"Pac-Mania (USA, Europe).md",nointro,,usa,,
Sega,313,The Immortal,469c2c852005972bbcd2b51fdf9d1220,"Immortal, The (USA, Europe).md",nointro,,usa,,
Sega,303,Mercs,4643f5da530463356ce56fae5c346ddc,Mercs (World).md,nointro,,world,,
Sega,4462,Chase H.Q. II,93cacc2d10b6176afa16e4d08ab6ee1c,Chase H.Q. II (USA).md,nointro,,usa,,
Sega,1436,Phantasy Star II,0fa38b12cf0ab0163d865600ac731a9a,"Phantasy Star II (USA, Europe) (Rev A).md",nointro,,usa,"Phantasy Star II (USA, Europe) (Rev A).zip",473053
Sega,126,Show do Milhão: Volume 2,06942fbf9e1c021bb6ce4787fefd5364,Show do Milhao Volume 2 (Brazil).md,nointro,,brazil,,
Sega,349,Spider-Man & Venom: Maximum Carnage,75af3f1e3b16d725cac258bfafaaea8a,Spider-Man . Venom - Maximum Carnage (World).md,nointro,,world,,
Sega,230,Phelios,ab720f3ec45423c794403e9830a00032,Phelios (USA).md,nointro,,usa,Phelios (USA).zip,259714
Sega,4148,The Jungle Book,2e1c1f784c9463152cd1a772f87677af,"Jungle Book, The (USA).md",nointro,,usa,,
Sega,2268,Valis III,a50202da29099f2c9d8b1c629653a718,Valis III (USA).md,nointro,,usa,,
Sega,330,Wings of Wor,911ef3d3909b19609f76f0d70a017d85,Wings of Wor (USA).md,nointro,,usa,,
Sega,8393,~Homebrew~ Fix-it Felix Jr.,38a3555768b31dc2abfc34d20ef546ca,Fix-It Felix Jr. (World) (Aftermarket) (Pirate).md,nointro,,world,,
Sega,33403,~Homebrew~ Old Towers,96216acdb9b8eb86f8fa7209a5cc5619,Old Towers (World) (v1.2) (Aftermarket) (Unl).md,nointro|homebrew|itchio,,world,,
Sega,44,Air Buster,972f4f683356e33b1a4a832f41a34b87,Air Buster (USA).md,nointro,,usa,Air Buster (USA).zip,320022
Sega,317,Rolling Thunder 2,3753ae738edf6f37203763f3a8a6e406,Rolling Thunder 2 (USA).md,nointro,,usa,Rolling Thunder 2 (USA).zip,662240
Sega,203,Toy Story,23dc9770c2044a05c7351cf83a139d74,Toy Story (USA).md,nointro,,usa,Toy Story (USA).zip,2679620
Sega,29,James Pond II - Codename: RoboCod,bb689dd3822853a5417cdec4a3da114b,"James Pond II - Codename - Robocod (USA, Europe).md",nointro,,usa,"James Pond II - Codename - Robocod (USA, Europe).zip",293699
Sega,2413,Mazin Saga: Mutant Fighter,f978463dca8bc6f44f28c665b59965f6,Mazin Saga - Mutant Fighter (USA).md,nointro,,usa,Mazin Saga - Mutant Fighter (USA).zip,687061
Sega,2415,McDonald's Treasure Land Adventure,2346c99595a4f341e39e6ec75fe19908,McDonald's Treasure Land Adventure (USA).md,nointro,,usa,,
Sega,556,Ranger-X,4e8a318ba7f70b42816fbdafd2624bef,Ranger X (USA).md,nointro,,usa,Ranger X (USA).zip,586210
Sega,165,Flashback: The Quest for Identity,385e4e66174a76fd4a05639f24b54562,"Flashback - The Quest for Identity (USA) (En,Fr).md",nointro,,usa,"Flashback - The Quest for Identity (USA) (En,Fr).zip",981670
Sega,4222,Dahna: Megami Tanjou,731b77ec3acab4aaf3b76cd3c8d82a41,Dahna - Megami Tanjou (Japan).md,nointro,,japan,,
Sega,13943,~Homebrew~ Cave Story MD,65a6fbe178dc11e90f0cd53fee20f012,Cave Story - Doukutsu Monogatari (World) (En) (v0.7.0) (Aftermarket) (Unl).md,nointro,,world,,
Sega,81,Space Harrier II,2864c05f9bf67f92af830f2fa7de1d61,Space Harrier II (World).md,nointro,,world,,
Sega,1432,Monster World IV,2640c0b879dd52db3e328c14c36095f0,"Monster World IV (USA, Europe) (En,Ja) (Virtual Console).md",nointro,,usa,,
Sega,5855,Shadow of the Beast,ba07d4050b453d68cb2bd7e28fc8f74c,"Shadow of the Beast (USA, Europe).md",nointro,,usa,,
Sega,1439,Daze Before Christmas,334d109c48ed477ad00eaaf7e38c6813,Daze Before Christmas (Australia).md,nointro,,australia,,
Sega,288,~Prototype~ Ninja Gaiden,148e0a46b6214d5228244c1596041a22,Ninja Gaiden (Japan) (En) (Proto).md,nointro,,japan,,
Sega,184,Art of Fighting,3b878b854302596cb197602878d0cf07,Art of Fighting (USA).md,nointro,,usa,,
Sega,311,Gain Ground,fa43881a792fadf1ab737294fff1bcc3,Gain Ground (USA).md,nointro,,usa,Gain Ground (USA).zip,364937
Sega,74,Top Gear 2,c1d154862f292bd48114b2b6c3265d7a,Top Gear 2 (USA).md,nointro,,usa,,
Sega,619,Ultimate Qix,2de20c45e4d643b7eb96cfba59626a04,Ultimate QIX (USA).md,nointro,,usa,,
Sega,287,Rambo III,d0140fde92f051cde0b986b854f28e99,"Rambo III (USA, Europe, Korea) (En) (Rev A).md",nointro,,usa,,
Sega,24453,~Homebrew~ Mega Man: The Sequel Wars - Episode Red,bff0eb90c2006edade14063d4a2d13cf,Mega Man - The Sequel Wars - Episode Red (World) (v1.1) (Aftermarket) (Pirate).md,nointro,,world,,
Sega,4509,Wiz 'n' Liz: The Frantic Wabbit Wescue,01c9742b0a83a7c135f9ed6948dc7576,Wiz 'N' Liz (USA).md,nointro,,usa,Wiz 'N' Liz (USA).zip,687943
Sega,402,Thunder Force II,2cd56a01eef20b74ab7ea532f9b25a94,"Thunder Force II (USA, Europe).md",nointro,,usa,,
Sega,4372,The Ooze,9a56d0dabe7b7359436923e2b33996ef,"Ooze, The (Japan, USA) (En).md",nointro,,usa,"Ooze, The (Japan, USA).zip",531787
Sega,157,Double Dragon 3: The Arcade Game,783a70fd1a6339d947a2ba8556bd7bba,"Double Dragon 3 - The Arcade Game (USA, Europe).md",nointro,,usa,,
Sega,485,Arcus Odyssey,0cb745c9304423250a418552bc871e64,Arcus Odyssey (USA).md,nointro,,usa,Arcus Odyssey (USA).zip,803442
Sega,154,Doom Troopers,5641bc53143ece5de5d9dbd4e2083dc7,Doom Troopers (USA).md,nointro,,usa,,
Sega,4291,High Seas Havoc,5479601228fd14fefbd1d1fd5fceebed,High Seas Havoc (USA).md,nointro,,usa,,
Sega,113,Hellfire,dbdc25c40b85e488a1e817557e3e375c,Hellfire (USA).md,nointro,,usa,,
Sega,603,Chiki Chiki Boys,b89406ff3537d74f77a4f7e5e71b25b7,"Chiki Chiki Boys (USA, Europe).md",nointro,,usa,,
Sega,338,DJ Boy,6aef0333e2b1a495c867577ccf037493,DJ Boy (USA).md,nointro,,usa,,
Sega,524,~Prototype~ Tetris,ab307f2a1d9f7b42a49f27445f711ba3,Tetris (Japan).md,nointro,,japan,,
Sega,4346,The Lost Vikings,a8dcb5476855a83702e2f49ebd4e2d57,"Lost Vikings, The (USA) (November, 1993).md",nointro,,usa,,
Sega,41,Tiny Toon Adventures: ACME All-Stars,1def1d7dbe4ab6b9e1fc90093292de6a,"Tiny Toon Adventures - ACME All-Stars (USA, Korea) (En).md",nointro,,usa,,
Sega,105,Jurassic Park,fee5032759c495abc72e405c63c90e1f,Jurassic Park (USA).md,nointro,,usa,Jurassic Park (USA).zip,1150913
Sega,8474,Cannon Fodder,80c93623c29ab70da823860a5f46e70c,Cannon Fodder (Europe).md,nointro,,europe,Cannon Fodder (Europe).zip,570511
Sega,4377,OutRun 2019,402a6b80a138eefc426b27c24d4aa3f5,OutRun 2019 (USA).md,nointro,,usa,,
Sega,561,Landstalker: The Treasures of King Nole,04ae2b65f3a11a7504339e60735beed8,Landstalker (USA).md,nointro,,usa,Landstalker (USA).zip,1402406
Sega,177,Paperboy,f185e7700fe58f34d1c2968074760cdc,"Paperboy (USA, Europe).md",nointro,,usa,,
Sega,160,Mutant League Hockey,6a685a81ae70e8724c376779e3a812e4,"Mutant League Hockey (USA, Europe).md",nointro,,usa,"Mutant League Hockey (USA, Europe).zip",867439
Sega,18481,~Unlicensed~ Bomber,fd36dc99f8915416005880427fdae2d9,Bomber (USA) (Sega Gopher).md,nointro,,usa,,
Sega,4140,Batman Returns,ae267331cfe46a61f65f3cbd5abcbe72,Batman Returns (World).md,nointro,,world,,
Sega,622,Space Invaders '91,b12002f1e35c5116dc4a2a8d64b4687e,Space Invaders '91 (USA).md,nointro,,usa,,
Sega,4382,Panorama Cotton,422a285546a9755df77da2840fb2c817,Panorama Cotton (Japan).md,nointro,,japan,,
SNES/Super Famicom,228,Super Mario World,cdd3c8c37322978ca8669b34bc89c804,Super Mario World (USA).sfc,nointro,,usa,SUPER_MARIO_WORLD.zip,345695
SNES/Super Famicom,355,The Legend of Zelda: A Link to the Past,608c22b8ff930c62dc2de54bcd6eba72,"Legend of Zelda, The - A Link to the Past (USA).sfc",nointro,,usa,"Legend of Zelda, The - A Link to the Past (USA).zip",702836
SNES/Super Famicom,466,Donkey Kong Country 2: Diddy's Kong Quest,d323e6bb4ccc85fd7b416f58350bc1a2,"Donkey Kong Country 2 - Diddy's Kong Quest (USA) (En,Fr).sfc",nointro,,usa,"Donkey Kong Country 2 - Diddy's Kong Quest (USA) (En,Fr) (Rev 1).zip",2981626
SNES/Super Famicom,236,Super Metroid,21f3e98df4780ee1c667b84e57d88675,"Super Metroid (Japan, USA) (En,Ja).sfc",nointro,,usa,"Super Metroid (Japan, USA) (En,Ja).zip",1569844
SNES/Super Famicom,319,Chrono Trigger,a2bc447961e52fd2227baed164f729dc,Chrono Trigger (USA).sfc,nointro,,usa,Chrono Trigger (USA).zip,3074628
SNES/Super Famicom,814,Kirby Super Star,cb76ea8ac989e71210c89102d91c6c57,Kirby Super Star (USA).sfc,nointro,,usa,Kirby Super Star (USA).zip,2836221
SNES/Super Famicom,637,Mega Man X,df1cc0c8c8c4b61e3b834cc03366611c,Mega Man X (USA) (Rev 1).sfc,nointro,,usa,Mega Man X (USA) (Rev 1).zip,938278
SNES/Super Famicom,558,Super Mario World 2: Yoshi's Island,cb472164c5a71ccd3739963390ec6a50,Super Mario World 2 - Yoshi's Island (USA).sfc,nointro,,usa,SUPER_MARIO_WORLD_2_–_YOSHI’S_ISLAND.zip,1286396
SNES/Super Famicom,232,Super Mario Kart,7f25ce5a283d902694c52fb1152fa61a,Super Mario Kart (USA).sfc,nointro,,usa,SUPER_MARIO_KART.zip,351251
SNES/Super Famicom,471,Super Mario RPG: Legend of the Seven Stars,d0b68d68d9efc0558242f5476d1c5b81,Super Mario RPG - Legend of the Seven Stars (USA).sfc,nointro,,usa,Super Mario RPG - Legend of the Seven Stars (U) [!].zip,2690072
SNES/Super Famicom,350,Teenage Mutant Ninja Turtles IV: Turtles in Time,807009d25eb31559974daa3e39eeccd7,Teenage Mutant Ninja Turtles IV - Turtles in Time (USA).sfc,nointro,,usa,Teenage Mutant Ninja Turtles IV - Turtles in Time (USA).zip,804800
SNES/Super Famicom,264,EarthBound,a864b2e5c141d2dec1c4cbed75a42a85,EarthBound (USA).sfc,nointro,,usa,EARTHBOUND.zip,2063070
SNES/Super Famicom,379,Aladdin,8e00910312b30663768d907114d301c2,Aladdin (USA).sfc,nointro,,usa,Aladdin (USA).zip,825030
SNES/Super Famicom,473,Donkey Kong Country 3: Dixie Kong's Double Trouble!,120abf304f0c40fe059f6a192ed4f947,"Donkey Kong Country 3 - Dixie Kong's Double Trouble! (USA) (En,Fr).sfc",nointro,,usa,"Donkey Kong Country 3 - Dixie Kong's Double Trouble! (USA) (En,Fr).zip",3193579
SNES/Super Famicom,562,Super Castlevania IV,094f035993e9724647b61ddcba1e9a7a,Super Castlevania IV (USA).sfc,nointro,,usa,SUPER_CASTLEVANIA_IV.zip,845215
SNES/Super Famicom,539,Super Punch-Out!!,97fe7d7d2a1017f8480e60a365a373f0,Super Punch-Out!! (USA).sfc,nointro,,usa,SUPER_PUNCH-OUT!!.zip,1494483
SNES/Super Famicom,648,Street Fighter II Turbo: Hyper Fighting,014863e139f5a9e9fc8ecf59a133223b,Street Fighter II Turbo (USA) (Rev 1).sfc,nointro,,usa,STREET_FIGHTER_II_TURBO.zip,1666814
SNES/Super Famicom,405,Zombies Ate My Neighbors,23c2af7897d9384c4791189b68c142eb,Zombies Ate My Neighbors (USA).sfc,nointro,,usa,ZOMBIES_ATE_MY_NEIGHBORS.zip,602998
SNES/Super Famicom,470,Super Bomberman,d83699a009a62480a7e7e9f1bb5bff6e,Super Bomberman (USA).sfc,nointro,,usa,Super Bomberman (USA).zip,302946
SNES/Super Famicom,400,Secret of Mana,10a894199a9adc50ff88815fd9853e19,Secret of Mana (USA).sfc,nointro,,usa,Secret of Mana (USA).zip,1342305
SNES/Super Famicom,813,Kirby's Dream Land 3,201e7658f6194458a3869dde36bf8ec2,Kirby's Dream Land 3 (USA).sfc,nointro,,usa,KIRBY’S_DREAM_LAND_3.zip,2236436
SNES/Super Famicom,238,Goof Troop,bb6a1198e291c8ae58e9581a4296ed4d,Goof Troop (USA).sfc,nointro,,usa,GOOF_TROOP.zip,344832
SNES/Super Famicom,344,Contra III: The Alien Wars,ede82658dafdd6febbfbe6a9c9082500,Contra III - The Alien Wars (USA).sfc,nointro,,usa,Contra III - The Alien Wars (USA).zip,751582
SNES/Super Famicom,889,Earthworm Jim,25fdebdec0e83132d8f24e9ac5bfc45f,Earthworm Jim (USA).sfc,nointro,,usa,Earthworm Jim (USA).zip,1962521
SNES/Super Famicom,469,Mega Man 7,301d8c4f1b5de2cd10b68686b17b281a,Mega Man 7 (USA).sfc,nointro,,usa,Mega Man 7 (USA).zip,1400363
SNES/Super Famicom,629,Mega Man X2,67905b989b00046db06df3434ed79f04,Mega Man X2 (USA).sfc,nointro,,usa,Mega Man X2 (USA).zip,1002109
SNES/Super Famicom,333,Sunset Riders,1e1b47d5e5b0d9faa5447273a52fc6ea,Sunset Riders (USA).sfc,nointro,,usa,Sunset Riders (USA).zip,769298
SNES/Super Famicom,341,Final Fantasy VI,544311e104805e926083acf29ec664da,Final Fantasy III (USA) (Rev 1).sfc,nointro,,usa,Final Fantasy III (USA) (Rev 1).zip,2243313
SNES/Super Famicom,323,Final Fight 3,1288de058352d6f9c3ba146a61581555,Final Fight 3 (USA).sfc,nointro,,usa,Final Fight 3 (USA).zip,1834637
SNES/Super Famicom,392,Arkanoid: Doh It Again,03d30ca9aaa89738640cf14532ddfe6c,Arkanoid - Doh It Again (USA).sfc,nointro,,usa,Arkanoid - Doh It Again (USA).zip,233142
SNES/Super Famicom,270,ActRaiser,635d5d7dd2aad4768412fbae4a32fd6e,ActRaiser (USA).sfc,nointro,,usa,ActRaiser (USA).zip,685275
SNES/Super Famicom,1192,Street Fighter II: The World Warrior,"a5adb1ab3daa665a58ad6ad1111d8f5b
",Street Fighter II (USA).sfc,nointro,,usa,Street Fighter II - The World Warrior (Europe).zip,1320387
SNES/Super Famicom,1103,Pocky & Rocky,e74e067787723bc54093a9c03f290e5d,Pocky & Rocky (USA).sfc,nointro,,usa,Pocky & Rocky (USA).zip,706042
SNES/Super Famicom,401,Super Star Wars,744b9d1a382adfabf0515d6d0e5dfed7,Super Star Wars (USA) (Rev 1).sfc,nointro,,usa,Super Star Wars (USA) (Rev 1).zip,873157
SNES/Super Famicom,300,Castlevania: Dracula X,dc629be2ee515461315cde57210e36c0,Castlevania - Dracula X (USA).sfc,nointro,,usa,Castlevania - Dracula X (U) [!].zip,1265796
SNES/Super Famicom,1216,Super Ghouls 'n Ghosts,19b2d7a555ecef4c453a819e67e61574,Super Ghouls 'N Ghosts (USA).sfc,nointro,,usa,Super Ghouls 'N Ghosts (USA).zip,667895
SNES/Super Famicom,582,Ultimate Mortal Kombat 3,0644da71f79d405a22934daa1474cefc,Ultimate Mortal Kombat 3 (USA).sfc,nointro,,usa,ULTIMATE_MORTAL_KOMBAT_3.zip,3446384
SNES/Super Famicom,887,E.V.O.: Search for Eden,2ffd5027d32f0ec5326981ee1be1ca32,E.V.O. - Search for Eden (USA).sfc,nointro,,usa,E.V.O. - Search for Eden (USA).zip,1209370
SNES/Super Famicom,1034,Mighty Morphin Power Rangers,c0a6ae7a3cff034232cb23d765bcb36d,Mighty Morphin Power Rangers (USA).sfc,nointro,,usa,Mighty Morphin Power Rangers (USA).zip,1085876
SNES/Super Famicom,468,Final Fight 2,262616f80a6c194527d41e2c72b61aca,Final Fight 2 (USA).sfc,nointro,,usa,Final Fight 2 (USA).zip,799057
SNES/Super Famicom,878,The Lion King,6a5b2f9bde72f7d72db7dfe9afd0f47a,"Lion King, The (USA).sfc",nointro,,usa,"Lion King, The (USA).zip",2143498
SNES/Super Famicom,351,Star Fox,9dce6a9dcbe4e304d67b9e8fd8999e7e,Star Fox (USA).sfc,nointro,,usa,Star Fox (USA).zip,619747
SNES/Super Famicom,815,Tetris Attack,44bb94606356f1c0965e12bbc50866b3,"Tetris Attack (USA) (En,Ja).sfc",nointro,,usa,"Tetris Attack (USA) (En,Ja).zip",731882
SNES/Super Famicom,945,Illusion of Gaia,a7c7a76b4d6f6df389bd631757b91b76,Illusion of Gaia (USA).sfc,nointro,,usa,Illusion of Gaia (USA).zip,1648231
SNES/Super Famicom,237,Rock n' Roll Racing,1978359063c02ad2badd3c0e993aca14,Rock N' Roll Racing (USA).sfc,nointro,,usa,Rock N' Roll Racing (USA).zip,760913
SNES/Super Famicom,1374,Super Bomberman 4,df33e261104efee409de8f294d80ad6e,Super Bomberman 4 (Japan).sfc,nointro,,japan,Super Bomber Man 4 (Japan).zip,912500
SNES/Super Famicom,1233,Super Smash T.V.,975074b66b9a993648142e2bcd8a02cf,Super Smash T.V. (USA).sfc,nointro,,usa,Super Smash T.V. (USA).zip,372486
SNES/Super Famicom,1168,Soul Blazer,83cf41d53a1b94aeea1a645037a24004,Soul Blazer (USA).sfc,nointro,,usa,Soul Blazer (USA).zip,834162
SNES/Super Famicom,242,Terranigma,d202156549f981f6dafc759575dd6e67,Terranigma (Europe).sfc,nointro,,europe,Terranigma (Europe).zip,2961839
SNES/Super Famicom,830,The Adventures of Batman & Robin,517a88892164b47c2821c0708ad08b58,"Adventures of Batman & Robin, The (USA).sfc",nointro,,usa,"Adventures of Batman & Robin, The (USA).zip",1425979
SNES/Super Famicom,436,Blackthorne,ee33097d436b4901a71f7e4c9a5cb409,Blackthorne (USA).sfc,nointro,,usa,Blackthorne (USA).zip,707267
SNES/Super Famicom,2132,Doom,e218531fe541b05cf44c2667e101d117,Doom (USA).sfc,nointro,,usa,Doom.zip,1352766
SNES/Super Famicom,340,Wild Guns,94d30063d9b17567d32079e766251569,Wild Guns (USA).sfc,nointro,,usa,Wild Guns (USA).zip,707241
SNES/Super Famicom,500,Super Bomberman 2,0990cda295bd51587c6e3f173bdadba8,Super Bomberman 2 (USA).sfc,nointro,,usa,Super Bomberman 2 (USA).zip,443093
SNES/Super Famicom,821,Secret of Evermore,6e9c94511d04fac6e0a1e582c170be3a,Secret of Evermore (USA).sfc,nointro,,usa,Secret of Evermore (USA).zip,2337732
SNES/Super Famicom,1143,R-Type III: The Third Lightning,cb4a282e8a7bde5e16103c4136f9491e,R-Type III (USA).sfc,nointro,,usa,R-Type III (USA).zip,969434
SNES/Super Famicom,3594,Super Bomberman 3,681343f71b5fce4f7e960f3091e56026,Super Bomberman 3 (Europe).sfc,nointro,,europe,Super Bomberman 3 (Europe).zip,844760
SNES/Super Famicom,1179,Spider-Man & Venom: Maximum Carnage,c4f2fe9b3ec4fc5c9c5d1b8ae1bd8054,Spider-Man - Venom - Maximum Carnage (USA).sfc,nointro,,usa,Spider-Man & Venom - Maximum Carnage (USA).zip,1207644
SNES/Super Famicom,1025,Metal Warriors,1b1282421d39a473f634958c28dca0d4,Metal Warriors (USA).sfc,nointro,,usa,Metal Warriors (USA).zip,996580
SNES/Super Famicom,309,Super Street Fighter II: The New Challengers,02c9c7e7914f9808487704e122554d4c,Super Street Fighter II (USA).sfc,nointro,,usa,Super Street Fighter II - The New Challengers (USA).zip,2832914
SNES/Super Famicom,279,Killer Instinct,c9b698cf98f1aede7a87c1e449384632,Killer Instinct (USA) (Rev 1).sfc,nointro,,usa,Killer Instinct (USA) (Rev 1).zip,3207054
SNES/Super Famicom,1198,Super Adventure Island,206e6c5c05ac1a83dde21400325a4a7d,Super Adventure Island (USA).sfc,nointro,,usa,Super Adventure Island (USA).zip,532327
SNES/Super Famicom,985,Kirby's Avalanche,bddd943215857ad77ea48d2a1a138ec8,Kirby's Avalanche (USA).sfc,nointro,,usa,Kirby's Avalanche (USA).zip,539283
SNES/Super Famicom,645,Captain Commando,fa1aca992a1bbe309651fff64541866f,Captain Commando (USA).sfc,nointro,,usa,Captain Commando (USA).zip,1315124
SNES/Super Famicom,593,NBA Jam,808b6d01ca9c7e1938541f55eb71f73c,NBA Jam (USA) (Rev 1).sfc,nointro,,usa,NBA Jam (USA).zip,1264620
SNES/Super Famicom,1156,SimCity,23715fc7ef700b3999384d5be20f4db5,SimCity (USA).sfc,nointro,,usa,SimCity (USA).zip,303742
SNES/Super Famicom,498,Ninja Gaiden Trilogy,a641a33a829154f656ca00ab1ef35500,Ninja Gaiden Trilogy (USA).sfc,nointro,,usa,NINJA_GAIDEN_TRILOGY.zip,846269
SNES/Super Famicom,982,The King of Dragons,1ca6d04fce9ffde7de781398a18da88c,King of Dragons (USA).sfc,nointro,,usa,King of Dragons (USA).zip,1281146
SNES/Super Famicom,385,Animaniacs,ff08ca993882bfe2ab860865897bfe77,Animaniacs (USA).sfc,nointro,,usa,Animaniacs (USA).zip,761592
SNES/Super Famicom,963,Joe & Mac: Caveman Ninja,cc902de2efa54df4d2c27acd7f4a6bf4,Joe & Mac (USA).sfc,nointro,,usa,Joe & Mac (USA).zip,627983
SNES/Super Famicom,3227,Mario no Super Picross,34255c940ffdafa25235a7b3c9093186,Mario no Super Picross (Japan).sfc,nointro,,japan,Mario no Super Picross (1995)(Nintendo-Ape-Jupiter)(JP).zip,397688
SNES/Super Famicom,1444,Super Bomberman 5: Gold Cartridge,772ca292857d5bcf1f8776009fa1d280,Super Bomberman 5 (Japan) (Caravan Event Ban).sfc,nointro,,japan,Super Bomber Man 5 (Japan) (Caravan Event Ban).zip,1181998
SNES/Super Famicom,934,Harvest Moon,c9bf36a816b6d54aed79d43a6c45111a,Harvest Moon (USA).sfc,nointro,,usa,Harvest Moon (USA).zip,926375
SNES/Super Famicom,286,International Superstar Soccer Deluxe,345ddedcd63412b9373dabb67c11fc05,International Superstar Soccer Deluxe (USA).sfc,nointro,,usa,International Superstar Soccer Deluxe (USA).zip,1496097
SNES/Super Famicom,292,Knights of the Round,e2c47c0754f874b2b16d5f06be3dbe34,Knights of the Round (USA).sfc,nointro,,usa,Knights of the Round (USA).zip,1061739
SNES/Super Famicom,867,Cybernator,8376c1bfac08f6fbbf99f26abaee6da0,Cybernator (USA).sfc,nointro,,usa,Cybernator (USA).zip,791173
SNES/Super Famicom,342,Gradius III,ea30c4f341f6b7a6e290699460ba6c51,Gradius III (USA).sfc,nointro,,usa,Gradius III (USA).zip,433344
SNES/Super Famicom,1032,Mighty Morphin Power Rangers: The Fighting Edition,bdfcd02f353bc9745dda4556fb7db08a,Mighty Morphin Power Rangers - The Fighting Edition (USA).sfc,nointro,,usa,Mighty Morphin Power Rangers - The Fighting Edition (USA).zip,938193
SNES/Super Famicom,409,Hagane: The Final Conflict,44cb6bbbb233bc5d602d54fd418232f1,Hagane - The Final Conflict (USA).sfc,nointro,,usa,Hagane - The Final Conflict (USA).zip,1209668
SNES/Super Famicom,868,Darius Twin,0e7c6781a6ae15d36a5885a03c132898,Darius Twin (USA).sfc,nointro,,usa,Darius Twin (USA).zip,408639
SNES/Super Famicom,647,Mortal Kombat II,9873c45bf77eb06262e9b8d8c4b841b4,Mortal Kombat II (USA).sfc,nointro,,usa,Mortal Kombat II (USA).zip,2647321
SNES/Super Famicom,518,The Ninja Warriors,a8711c9185c7a6c52b863567b188ce1e,Ninjawarriors (USA).sfc,nointro,,usa,Ninjawarriors (USA).zip,860214
SNES/Super Famicom,1049,NBA Jam: Tournament Edition,503965fc09952186f79dd89d730d8d7f,NBA Jam - Tournament Edition (USA).sfc,nointro,,usa,NBA Jam - Tournament Edition (USA).zip,1867985
SNES/Super Famicom,467,The Magical Quest Starring Mickey Mouse,649c377a7479c898b1933962c4badaad,"Magical Quest Starring Mickey Mouse, The (USA).sfc",nointro,,usa,"Magical Quest Starring Mickey Mouse, The (1992)(Capcom)(US).zip",680752
SNES/Super Famicom,1013,Mario Paint,881d3772a3eb37a8a0fb254e940c6767,"Mario Paint (Japan, USA) (En).sfc",nointro,,usa,mario_paint_japan_usa.zip,463613
SNES/Super Famicom,990,The Legend of the Mystical Ninja,bf6da6f13729c8925d8725d7dd25b420,"Legend of the Mystical Ninja, The (USA).sfc",nointro,,usa,"Legend of the Mystical Ninja, The (USA).zip",852650
SNES/Super Famicom,1270,Tiny Toon Adventures: Buster Busts Loose!,68e83fe143a01ea5a68bbdfc17a34a2d,Tiny Toon Adventures - Buster Busts Loose! (USA).sfc,nointro,,usa,Tiny Toon Adventures - Buster Busts Loose! (USA).zip,865564
SNES/Super Famicom,1153,Side Pocket,10e339039df1185206e2b8a236af9248,Side Pocket (USA).sfc,nointro,,usa,Side Pocket (USA).zip,606574
SNES/Super Famicom,829,The Addams Family,278a88adb028a8e4c279b9b468b592ed,"Addams Family, The (USA).sfc",nointro,,usa,"Addams Family, The (1991)(Ocean)(US).zip",776121
SNES/Super Famicom,1004,Lufia & The Fortress of Doom,4bbaad6abdfc9f05d2d8dde47df8b15d,Lufia & the Fortress of Doom (USA).sfc,nointro,,usa,Lufia & the Fortress of Doom (USA).zip,816941
SNES/Super Famicom,274,U.N. Squadron,affecaf49a6bd32188f62d9ad1f833ea,U.N. Squadron (USA).sfc,nointro,,usa,U.N. Squadron (USA).zip,569310
SNES/Super Famicom,1405,Dragon Quest I & II,1def71b5557cc6bb7402281d888cae80,Dragon Quest I & II (Japan).sfc,nointro,,japan,Dragon_Quest_I.II.zip,844859
SNES/Super Famicom,1328,Wolfenstein 3D,418034d574ebdaea7659b3a90eebef58,Wolfenstein 3-D (USA).sfc,nointro,,usa,Wolfenstein 3-D (USA).zip,561987
SNES/Super Famicom,1005,Lufia II: Rise of the Sinistrals,6efc477d6203ed2b3b9133c1cd9e9c5d,Lufia II - Rise of the Sinistrals (USA).sfc,nointro,,usa,Lufia II - Rise of the Sinistrals (USA).zip,1915120
SNES/Super Famicom,3362,Picross NP Vol. 1,25e9c4f973f67edf48a69e9211e78e28,Picross NP Vol. 1 (Japan) (NP).sfc,nointro,,japan,Picross NP Vol. 1 (Japan) (NP).zip,436059
SNES/Super Famicom,1344,X-Men: Mutant Apocalypse,0c8d8fd7e695499b86d39cc75e166671,X-Men - Mutant Apocalypse (USA).sfc,nointro,,usa,X-MEN_–_MUTANT_APOCALYPSE.zip,1353628
SNES/Super Famicom,241,Biker Mice From Mars,a1f47d45a9e5f93b3f10057d1d0e1469,Biker Mice from Mars (USA).sfc,nointro,,usa,Biker Mice from Mars (USA).zip,750428
SNES/Super Famicom,566,Shadowrun,694be8df403ee59225c4b6b53c30fb7b,Shadowrun (USA).sfc,nointro,,usa,Shadowrun (USA).zip,692557
SNES/Super Famicom,296,Mickey and Donald's Magical Adventure 3,4b87392aaf03517d3f45ebf06eb2d4bc,Mickey to Donald - Magical Adventure 3 (Japan).sfc,nointro,,japan,Mickey to Donald - Magical Adventure 3 (Japan).zip,1429490
SNES/Super Famicom,3438,Rockman & Forte,55d9cdb05f53a3f7a5e3eacb81b28f09,Rockman & Forte (Japan).sfc,nointro,,japan,Rockman & Forte (Japan).zip,2084610
SNES/Super Famicom,1277,Top Gear 2,c9fc87528511770db888b28a4c506f46,Top Gear 2 (USA).sfc,nointro,,usa,TOP_GEAR_2.zip,635219
SNES/Super Famicom,259,Final Fantasy II,27d02a4f03e172e029c9b82ac3db79f7,Final Fantasy II (USA) (Rev 1).sfc,nointro,,usa,Final Fantasy II (USA) (Rev 1).zip,673614
SNES/Super Famicom,2374,Clock Tower,51f8a9e95ec58fa5b9c3ec2da530d598,Clock Tower (Japan).sfc,nointro,,japan,Clock Tower (1995)(Human)(JP)(en-ja).zip,1683602
SNES/Super Famicom,423,Battletoads and Double Dragon: The Ultimate Team,3c433a8aa73986e1361423303e92785b,Battletoads-Double Dragon (USA).sfc,nointro,,usa,Battletoads-Double_Dragon.zip,695617
SNES/Super Famicom,2610,Parodius: Non-Sense Fantasy,59146e26b4fd75d74f953037868defa9,Parodius (Europe).sfc,nointro,,europe,Parodius (Europe).zip,883773
SNES/Super Famicom,390,Ardy Lightfoot,000c3bb276fd456e0e259553dede9ba4,Ardy Lightfoot (USA).sfc,nointro,,usa,Ardy Lightfoot (USA).zip,660941
SNES/Super Famicom,986,Kirby's Dream Course,3f2ee922cd23c9c211777be1d26ea2a8,Kirby's Dream Course (USA).sfc,nointro,,usa,Kirby's Dream Course (USA).zip,610725
SNES/Super Famicom,2620,Skyblazer,5dd2c9f0a933e6a43b7e38e6ef0769ba,Skyblazer (USA).sfc,nointro,,usa,Skyblazer (USA).zip,598430
SNES/Super Famicom,1012,Magic Sword,ad7349eb7afd3d809161ee70bd2c361d,Magic Sword (USA).sfc,nointro,,usa,Magic Sword (USA).zip,542737
SNES/Super Famicom,352,Final Fight Guy,067ad2453b32cb6fe595fc822b780700,Final Fight Guy (USA).sfc,nointro,,usa,Final Fight Guy (USA).zip,652854
SNES/Super Famicom,424,Battletoads in Battlemaniacs,e44b9987e33ef7237b24457a6c997723,Battletoads in Battlemaniacs (USA).sfc,nointro,,usa,Battletoads in Battlemaniacs (USA).zip,668636
SNES/Super Famicom,1134,RoboCop Versus The Terminator,3683319beeba73ad6deb851ef72bf3d3,RoboCop versus The Terminator (USA).sfc,nointro,,usa,RoboCop versus The Terminator (USA).zip,767154
SNES/Super Famicom,418,Batman Forever,9f056180691136a3ca7d4a868ade02b4,Batman Forever (USA).sfc,nointro,,usa,Batman Forever (USA).zip,2151012
SNES/Super Famicom,573,The Great Circus Mystery Starring Mickey & Minnie,a4d68c20ac1567834403cde9d590357f,"Great Circus Mystery Starring Mickey & Minnie, The (USA).sfc",nointro,,usa,"Great Circus Mystery Starring Mickey & Minnie, The (USA).zip",965957
SNES/Super Famicom,1274,Tom and Jerry,bc16be2e9c7e170f7cd10da919f3e099,Tom and Jerry (USA).sfc,nointro,,usa,Tom and Jerry (USA).zip,303807
SNES/Super Famicom,605,Street Fighter Alpha 2,aa3c90fa7d89eb3dc3389a9436bd0cf8,Street Fighter Alpha 2 (USA).sfc,nointro,,usa,Street Fighter Alpha 2 (USA).zip,3657884
SNES/Super Famicom,1240,Super Tennis,17accf8a0b3d514561cadbdb03715a71,Super Tennis (USA).sfc,nointro,,usa,Super Tennis (USA).zip,264251
SNES/Super Famicom,399,Super Double Dragon,38129cf359c7bc93a82358fa305b07ae,Super Double Dragon (USA).sfc,nointro,,usa,Super Double Dragon (USA).zip,687210
SNES/Super Famicom,450,Breath of Fire II,e1ff1ed4ad5dbdbe86774920dfb5e9d4,Breath of Fire II (USA).sfc,nointro,,usa,Breath of Fire II (USA).zip,1746791
SNES/Super Famicom,268,Toy Story,df1d99115ce4a386054b511b62cd5cc6,Toy Story (USA).sfc,nointro,,usa,TOY_STORY.zip,2916709
SNES/Super Famicom,1229,Super R-Type,cfcd1ff3da5309e5021efaa58012058d,Super R-Type (USA).sfc,nointro,,usa,Super R-Type (USA).zip,413527
SNES/Super Famicom,3248,Run Saber,bf356060c13d1a841e6b3342d1e9c981,Run Saber (USA).sfc,nointro,,usa,Run Saber (USA).zip,525937
SNES/Super Famicom,989,Lamborghini American Challenge,08d373c5a350eb7b7f593657e2a5f252,Lamborghini American Challenge (USA).sfc,nointro,,usa,Lamborghini - American Challenge (USA).zip,371862
SNES/Super Famicom,380,Alien vs. Predator,1fc2ead45eadcac586d65e218b895912,Alien vs Predator (USA).sfc,nointro,,usa,ALIEN_VS._PREDATOR.zip,602505
SNES/Super Famicom,888,Earthworm Jim 2,c3ff5fd4e3f46653fec94ba60d70281d,Earthworm Jim 2 (USA).sfc,nointro,,usa,Earthworm Jim 2 (USA).zip,2172540
SNES/Super Famicom,7886,Cyber Citizen Shockman Zero,06d6f77f59bef272c5e975056dc6e956,Kaizou Choujin Shubibinman Zero (Japan).sfc,nointro,,japan,Kaizou Choujin Shubibinman Zero (Japan).zip,617364
SNES/Super Famicom,3409,Raiden Trad,4e3a04e52dddc4e8a676386bea87d3ad,Raiden Trad (USA).sfc,nointro,,usa,Raiden Trad (USA).zip,528093
SNES/Super Famicom,306,Mickey Mania: The Timeless Adventures of Mickey Mouse,e3f9cc6d8321fa661a30cabe5dce141a,Mickey Mania - The Timeless Adventures of Mickey Mouse (USA).sfc,nointro,,usa,Mickey Mania - The Timeless Adventures of Mickey Mouse (USA).zip,1471063
SNES/Super Famicom,1113,Prince of Persia,8ffc8d34bc75bc049122894b4292eb85,Prince of Persia (USA).sfc,nointro,,usa,Prince_Of_Persia.zip,599108
SNES/Super Famicom,1146,Saturday Night Slam Masters,c8dd52b075e1681f590d2f97ab5b4d7e,Saturday Night Slam Masters (USA).sfc,nointro,,usa,Saturday Night Slam Masters (USA).zip,2127337
SNES/Super Famicom,3228,Mario's Early Years: Fun With Letters,18db415de1a6eaf478852bd1f1f63c3a,Mario's Early Years - Fun with Letters (USA).sfc,nointro,,usa,Mario's Early Years - Fun with Letters (USA).zip,855377
SNES/Super Famicom,1016,Marvel Super Heroes: War of the Gems,d3c46f884c50f50236639c5f6303eef7,Marvel Super Heroes in War of the Gems (USA).sfc,nointro,,usa,Marvel Super Heroes in War of the Gems (USA).zip,1310249
SNES/Super Famicom,3351,Panel de Pon,ce9b7f3572867f3c1c6ff889b02a63a4,Panel de Pon (Japan).sfc,nointro,,japan,Panel de Pon (Japan).zip,735906
SNES/Super Famicom,1278,Top Gear 3000,23eaa07e3f3315fa43f4b4d94ec97a7b,Top Gear 3000 (USA).sfc,nointro,,usa,TOP_GEAR_3000.zip,778783
SNES/Super Famicom,395,Axelay,699bbdffab13c41fa8d4a9b3c25d60e7,Axelay (USA).sfc,nointro,,usa,Axelay (USA).zip,799528
SNES/Super Famicom,440,Bonkers,186d7d1585dc6a0e9ad96a5740a1a03a,Bonkers (USA).sfc,nointro,,usa,Bonkers (USA).zip,734652
SNES/Super Famicom,3229,Mario's Early Years: Fun With Numbers,d097b8f2871522c7c1d2bbd18e7c9ad4,Mario's Early Years - Fun with Numbers (USA).sfc,nointro,,usa,Mario's Early Years - Fun with Numbers (USA).zip,851339
SNES/Super Famicom,393,Astérix & Obélix,77bf37a9a6779a1d7e109bc1a707ecd1,"Asterix & Obelix (Europe) (En,Fr,De,Es).sfc",nointro,,europe,ASTERIX_&_OBELIX.zip,1166440
SNES/Super Famicom,929,The Great Waldo Search,65c83da1d740214a3b663c369033a36d,"Great Waldo Search, The (USA).sfc",nointro,,usa,"Great Waldo Search, The (USA).zip",276619
SNES/Super Famicom,1386,Final Fantasy V,d69b2115e17d1cf2cb3590d3f75febb9,Final Fantasy V (Japan).sfc,nointro,,japan,Final_Fantasy_V.zip,1425950
SNES/Super Famicom,1361,Ghost Sweeper Mikami: Joreishi wa Nice Body,388cffcebcd3155cae2f2c5cec1f92c1,GS Mikami - Joreishi wa Nice Body (Japan).sfc,nointro,,japan,GS Mikami - Joreishi wa Nice Body (Japan).zip,613710
SNES/Super Famicom,1174,Sparkster,e00ef4c1b9e17d5fa2d8367402d28a08,Sparkster (USA).sfc,nointro,,usa,Sparkster (USA).zip,829626
SNES/Super Famicom,1261,Thomas the Tank Engine & Friends,923ec0c22b5083b6e3a32e54f822f4fb,Thomas the Tank Engine & Friends (USA).sfc,nointro,,usa,Thomas the Tank Engine & Friends (USA).zip,798153
SNES/Super Famicom,4737,The Firemen,ac995ab6f5667be14eb6471458e491d3,"Firemen, The (Europe) (En,Fr,De).sfc",nointro,,europe,"Firemen, The (Europe) (En,Fr,De).zip",793846
SNES/Super Famicom,1295,Uniracers,1066cfd0c6be4dbdfede796751e801c5,Uniracers (USA).sfc,nointro,,usa,Uniracers (USA).zip,1097201
SNES/Super Famicom,366,Addams Family Values,7e52067e9cb3e6a190272a9d1d75a9af,"Addams Family Values (USA) (En,Fr,De).sfc",nointro,,usa,"Addams Family Values (USA) (En,Fr,De).zip",1392265
SNES/Super Famicom,926,Gods,310eed9404c446d12ba479a158f38beb,Gods (USA).sfc,nointro,,usa,Gods (USA).zip,593134
SNES/Super Famicom,2905,Cannon Fodder,8a61ea1d3b53375aae00cc69367dec7e,Cannon Fodder (Europe).sfc,nointro,,europe,Cannon Fodder (Europe).zip,713672
SNES/Super Famicom,2602,Majuuou,c48199b6996211ac200b8b2daafc18ef,Majuu Ou (Japan).sfc,nointro,,japan,Majuu Ou (Japan).zip,853726
SNES/Super Famicom,555,Shin Kidou Senki Gundam W: Endless Duel,e2c3cc007c2c1c358bfe50ead5c8b9ac,Shin Kidou Senki Gundam W - Endless Duel (Japan).sfc,nointro,,japan,Shin Kidou Senki Gundam W - Endless Duel (Japan).zip,1209402
SNES/Super Famicom,1215,Super E.D.F.: Earth Defense Force,c0e5d653d0bec492117fa4f53cfcb619,Earth Defense Force (USA).sfc,nointro,,usa,Earth Defense Force (USA).zip,554139
SNES/Super Famicom,1244,Super Valis IV,84285a12fda6a466df3490a3726724a1,Super Valis IV (USA).sfc,nointro,,usa,Super Valis IV (USA).zip,688827
SNES/Super Famicom,3230,Mario's Early Years: Preschool Fun,32b01a3af01aaaf7c65ba5d193e00050,Mario's Early Years - Preschool Fun (USA).sfc,nointro,,usa,Mario's Early Years - Preschool Fun (USA).zip,869419
SNES/Super Famicom,2817,Super Buster Bros.,cd3b82704652014771ad1b86798676a2,Super Buster Bros. (USA) (Rev 1).sfc,nointro,,usa,Super Buster Bros. (USA) (Rev 1).zip,362520
SNES/Super Famicom,1037,Monopoly,c9b52f5fbd52c36076506c33ebf526cd,Monopoly (USA).sfc,nointro,,usa,Monopoly (USA).zip,307820
SNES/Super Famicom,443,Brain Lord,bda740a4574c4c0bdb955d5c57ddb3df,Brain Lord (USA).sfc,nointro,,usa,Brain Lord (USA).zip,704405
SNES/Super Famicom,374,Aero the Acro-Bat,055fb50b90ea0ef5946cbc191f3d2900,Aero the Acro-Bat (USA).sfc,nointro,,usa,Aero the Acro-Bat (USA).zip,722316
SNES/Super Famicom,1391,Trials of Mana,c9829d76e25f8c4bf459cf77a8306825,Trials of Mana (World) (Collection of Mana).sfc,nointro,,world,Trials of Mana (World).zip,2852705
SNES/Super Famicom,1150,Shaq-Fu,9ad77707da7c7e4913a1644b3b6cdfd8,Shaq-Fu (USA).sfc,nointro,,usa,Shaq-Fu (USA).zip,1631049
SNES/Super Famicom,1099,Pitfall: The Mayan Adventure,02cae4c360567cd228e4dc951be6cb85,Pitfall - The Mayan Adventure (USA).sfc,nointro,,usa,Pitfall - The Mayan Adventure (USA).zip,1554453
SNES/Super Famicom,1158,The Simpsons: Bart's Nightmare,5f8c3fd37130d9b80f1d98d1b7034161,"Simpsons, The - Bart's Nightmare (USA).sfc",nointro,,usa,"Simpsons, The - Bart's Nightmare (USA).zip",676890
SNES/Super Famicom,9790,Dr. Mario,dd6661bd75ad233c0778477ad82e19fc,Dr. Mario (Japan) (En) (NP).sfc,nointro,,japan,Dr. Mario (Japan) (En) (NP).zip,104178
SNES/Super Famicom,3234,The Mask,c918a40bb2b3f44f3468d6a1ba0a5f88,"Mask, The (USA).sfc",nointro,,usa,"Mask, The (USA).zip",1348241
SNES/Super Famicom,412,Barbie: Super Model,fdecc2c3cb3c351dad5d54da7999d3c0,Barbie Super Model (USA).sfc,nointro,,usa,Barbie Super Model (USA).zip,488516
SNES/Super Famicom,967,Judge Dredd,ce0dd38e1ab7752fd736d526788b5bd1,Judge Dredd (USA).sfc,nointro,,usa,Judge Dredd (USA).zip,1418673
SNES/Super Famicom,993,Lemmings,ecf0db12f88db32c4a129ff11af7f73d,Lemmings (USA) (Rev 1).sfc,nointro,,usa,Lemmings Rev 1 (1992)(Sunsoft)(US).zip,563039
SNES/Super Famicom,3374,The Pirates of Dark Water,e57ff9a6f8a23935a1171f871c0ce68f,"Pirates of Dark Water, The (USA).sfc",nointro,,usa,"Pirates of Dark Water, The (1994)(Sunsoft)(US).zip",672550
SNES/Super Famicom,1302,Ys III: Wanderers from Ys,c8236962fd9f85f6d1961934166d6bd5,Ys III - Wanderers from Ys (USA).sfc,nointro,,usa,Ys III - Wanderers from Ys (USA).zip,549439
SNES/Super Famicom,8702,Strike Gunner S.T.G,6041d861ae1e590dee99e45a3eeabd49,Strike Gunner S.T.G (USA).sfc,nointro,,usa,Strike Gunner S.T.G (USA).zip,414898
SNES/Super Famicom,949,Inspector Gadget,8dc92a769fee1c11ba1219d884830f57,Inspector Gadget (USA).sfc,nointro,,usa,Inspector Gadget (USA).zip,486453
SNES/Super Famicom,940,Hook,1a0a3a079db7a848ee019161cbdb1788,Hook (USA).sfc,nointro,,usa,Hook (USA).zip,494571
SNES/Super Famicom,627,Dragon: The Bruce Lee Story,103152554973d6db6e53013eb10c383f,Dragon - The Bruce Lee Story (USA).sfc,nointro,,usa,Dragon_–_The_Bruce_Lee_Story.zip,1605487
SNES/Super Famicom,1392,Star Ocean,d686ba6df942084216393ada009126dc,Star Ocean (Japan).sfc,nointro,,japan,Star Ocean (Japan).zip,5304903
SNES/Super Famicom,1424,Super Star Wars: The Empire Strikes Back,9e9286f8971abe77f34b0fcda8391e8f,Super Star Wars - The Empire Strikes Back (USA).sfc,nointro,,usa,Super Star Wars - The Empire Strikes Back (USA).zip,1287346
SNES/Super Famicom,1210,Super Bowling,50a1a66163020c19cde18685a928a556,Super Bowling (USA).sfc,nointro,,usa,Super Bowling (USA).zip,205020
SNES/Super Famicom,1102,Pocky & Rocky 2,3cfa988d8b0bab8c04af70f24fb7ee90,Pocky & Rocky 2 (USA).sfc,nointro,,usa,Pocky & Rocky 2 (USA).zip,936248
SNES/Super Famicom,429,Beethoven's 2nd,4adfa292778a82285d80554ea6ed3497,Beethoven - The Ultimate Canine Caper! (USA).sfc,nointro,,usa,Beethoven - The Ultimate Canine Caper! (USA).zip,315038
SNES/Super Famicom,1346,Yoshi's Cookie,b08d6dc455cbed53799c7495ea71b08c,Yoshi's Cookie (USA).sfc,nointro,,usa,Yoshi's Cookie (USA).zip,289580
SNES/Super Famicom,3808,Super Off Road,0c1cc5369a31c988858a087598bab9c3,Super Off Road (USA).sfc,nointro,,usa,Super Off Road (USA).zip,229133
SNES/Super Famicom,6231,Dragon Quest III: Soshite Densetsu e...,7c7c7db73b0608a184cc5e1d73d7695b,Dragon Quest III - Soshite Densetsu e... (Japan).sfc,nointro,,japan,Dragon Quest III - Soshite Densetsu e... (Japan).zip,2438344
SNES/Super Famicom,1353,Pinocchio,085aef23df7c45e5eab8209345ece4ca,Pinocchio (USA).sfc,nointro,,usa,Pinocchio (USA).zip,1839027
SNES/Super Famicom,968,The Jungle Book,cf539bef183bcb97c192562bb1cb29ec,"Jungle Book, The (USA).sfc",nointro,,usa,"Jungle Book, The (USA).zip",1295273
SNES/Super Famicom,1213,Super Chase H.Q.,8596f1bdbabf96aa39fd29b24917b916,Super Chase H.Q. (USA).sfc,nointro,,usa,Super Chase H.Q. (USA).zip,495001
SNES/Super Famicom,1354,Tiny Toon Adventures: Wacky Sports Challenge,3d946c89e1b62223a505f367babac5da,Tiny Toon Adventures - Wacky Sports Challenge (USA).sfc,nointro,,usa,Tiny Toon Adventures - Wacky Sports Challenge (USA).zip,852751
SNES/Super Famicom,1040,Mr. Do!,d56a5b300959ab7109e7d854c916fa49,Mr. Do! (USA).sfc,nointro,,usa,Mr. Do! (USA).zip,137137
SNES/Super Famicom,1180,Venom and Spider-Man: Separation Anxiety,07f817a784c393b381db699a046fa4a9,Venom - Spider-Man - Separation Anxiety (USA).sfc,nointro,,usa,Venom - Spider-Man - Separation Anxiety (USA).zip,1310961
SNES/Super Famicom,3226,Mario is Missing!,2a2152976e503eaacd9815f44c262d73,Mario Is Missing! (USA).sfc,nointro,,usa,Mario_Is_Missing!.zip,925487
SNES/Super Famicom,3363,Picross NP Vol. 2,38de95c1e45b718fa97a8648b0c60993,Picross NP Vol. 2 (Japan) (Rev 1) (NP).sfc,nointro,,japan,Picross NP Vol. 2 Rev 1 (1999)(Nintendo)(JP).zip,526261
SNES/Super Famicom,3166,Krusty's Super Fun House,1b977c1e3af2666a1d348cc0b9cc4a94,Krusty's Super Fun House (USA) (Rev 1).sfc,nointro,,usa,Krusty's Super Fun House (USA) (Rev 1).zip,325338
SNES/Super Famicom,1197,Super Adventure Island II,b4e732b3d742af1791605bcd7aa4a1c4,Super Adventure Island II (USA).sfc,nointro,,usa,Super Adventure Island II (USA).zip,794115
SNES/Super Famicom,911,Firepower 2000,650e587408e8691c511e831de5f606dc,Firepower 2000 (USA).sfc,nointro,,usa,Firepower 2000 (USA).zip,485479
SNES/Super Famicom,1287,The Twisted Tales of Spike McFang,80d1144dc2d6f7ad5bbbcb1dd448b6cf,"Twisted Tales of Spike McFang, The (USA).sfc",nointro,,usa,"Twisted Tales of Spike McFang, The (1994)(Bullet-Proof Software - Naxat - RED)(US).zip",763772
SNES/Super Famicom,3206,Magic Knight Rayearth,c8fd6fb87f202db2b3dbbccfe1fdaa24,Magic Knight Rayearth (Japan).sfc,nointro,,japan,Magic Knight Rayearth (1995)(Tomy)(JP).zip,891363
