id,title,description,icon,boxArt,titleScreen,screenshot,rating
10003,"Super Mario 64","Super Mario 64 is a 1996 platform game developed and published by Nintendo for the Nintendo 64. It is the first Super Mario game to feature 3D gameplay, combining traditional Super Mario gameplay, visual style, and characters in a large open world. In the game, Bowser invades Princess Peach's castle, kidnaps her, and hides the castle's sources of protection, the Power Stars, in many different worlds inside magical paintings. As Mario, the player traverses levels and collects Power Stars to unlock areas of Princess Peach's castle, to reach Bowser and rescue Princess Peach.","https://media.retroachievements.org/Images/112471.png","https://media.retroachievements.org/Images/048358.png","https://media.retroachievements.org/Images/048653.png","https://media.retroachievements.org/Images/048652.png","5"
10082,"Super Smash Bros.","Super Smash Bros. is a series of platform fighting video games published by Nintendo. Created by Masahiro Sakurai, the Super Smash Bros. series is a crossover featuring many characters from other video game series created by Nintendo and other developers. Its gameplay is distinct from traditional fighting games, with players aiming to knock each other off of stages after accumulating damage with numerous attacks. The games have also featured a variety of side modes, including single-player story modes.","https://media.retroachievements.org/Images/121474.png","https://media.retroachievements.org/Images/091209.png","https://media.retroachievements.org/Images/010637.png","https://media.retroachievements.org/Images/010638.png","4.8"
10113,"The Legend of Zelda: Ocarina of Time","The Legend of Zelda: Ocarina of Time is a 1998 action-adventure game developed and published by Nintendo for the Nintendo 64. It was the first Legend of Zelda game with 3D graphics. It was released in Japan and North America in November 1998 and in PAL regions the following month.","https://media.retroachievements.org/Images/022051.png","https://media.retroachievements.org/Images/048366.png","https://media.retroachievements.org/Images/010929.png","https://media.retroachievements.org/Images/010930.png","4.7"
10210,"Banjo-Kazooie","Banjo-Kazooie is a platform game series developed by the British studio Rare. The games focus on the two title characters―Banjo, a male brown bear; and Kazooie, a large female breegull who is typically seen riding in Banjo's backpack―both of whom are controlled by the player. The games generally involve the pair in conflict with the evil witch Gruntilda Winkybunion. The eponymous first game in the series was released in 1998 to critical acclaim and was followed by Banjo-Tooie (2000), Banjo-Kazooie: Nuts & Bolts (2008), Banjo-Kazooie: Grunty's Revenge (2003), and Banjo-Pilot (2005), a spinoff kart racing game.","https://media.retroachievements.org/Images/091553.png","https://media.retroachievements.org/Images/065117.png","https://media.retroachievements.org/Images/011034.png","https://media.retroachievements.org/Images/011031.png","4.7"
10679,"The Legend of Zelda: Majora's Mask","The Legend of Zelda: Majora's Mask is a 2000 action-adventure game developed and published by Nintendo for the Nintendo 64. It is the second game in The Legend of Zelda series to use 3D graphics, following Ocarina of Time (1998). Designed by a creative team led by Eiji Aonuma, Yoshiaki Koizumi, and Shigeru Miyamoto, Majora's Mask was completed in less than two years. It features enhanced graphics and several gameplay changes, but reuses elements and character models from Ocarina of Time, a creative decision made necessary by time constraints.","https://media.retroachievements.org/Images/045842.png","https://media.retroachievements.org/Images/048359.png","https://media.retroachievements.org/Images/015426.png","https://media.retroachievements.org/Images/015427.png","4.7"
10075,"Donkey Kong 64","Donkey Kong 64 is a 1999 platform game developed by Rare and published by Nintendo for the Nintendo 64. It is the first Donkey Kong game to feature 3D gameplay. As the gorilla Donkey Kong, the player explores themed levels to collect items and rescue his kidnapped family members from King K. Rool. The player completes minigames and puzzles as five playable Kong characters—each with their own special abilities—to receive bananas and other collectibles. In multiplayer modes, up to four players can compete in deathmatch and last man standing games.","https://media.retroachievements.org/Images/110715.png","https://media.retroachievements.org/Images/070527.png","https://media.retroachievements.org/Images/024244.png","https://media.retroachievements.org/Images/024245.png","4.7"
10246,"Kirby 64: The Crystal Shards","Kirby 64: The Crystal Shards is a 2000 platform game developed by HAL Laboratory and published by Nintendo for the Nintendo 64 (N64). It is the first Kirby game to feature 3D computer graphics and follows Kirby as he attempts to reassemble a sacred crystal shattered by Dark Matter. Gameplay is viewed from a 2.5D perspective and is similar to previous Kirby titles; the player traverses levels and obtains powers by eating enemies. Kirby 64 introduces Power Combos, the ability to mix powers to create more powerful ones. In a multiplayer mode, up to four players can compete in three minigames.","https://media.retroachievements.org/Images/073571.png","https://media.retroachievements.org/Images/048365.png","https://media.retroachievements.org/Images/011126.png","https://media.retroachievements.org/Images/011127.png","4.7"
10202,"Diddy Kong Racing","Diddy Kong Racing is a 1997 kart racing game developed and published by Rare for the Nintendo 64. The game revolves around Diddy Kong and his friends' attempt to defeat the intergalactic antagonist, a wizard pig named Wizpig, through winning a series of races. The player takes control of any of the featured characters throughout the game. Diddy Kong Racing features five worlds with four racetracks each, and the ability to drive a car, hovercraft, or pilot an aeroplane.","https://media.retroachievements.org/Images/040625.png","https://media.retroachievements.org/Images/040626.png","https://media.retroachievements.org/Images/011105.png","https://media.retroachievements.org/Images/011106.png","4.7"
10073,"GoldenEye 007","GoldenEye 007 is a 1997 first-person shooter game developed by Rare and published by Nintendo for the Nintendo 64. It is based on the 1995 James Bond film GoldenEye, with the player controlling the secret agent James Bond to prevent a criminal syndicate from using a satellite weapon. They navigate a series of levels to complete objectives, such as recovering or destroying objects, while shooting enemies. In a multiplayer mode, up to four players compete in several deathmatch scenarios via split-screen.","https://media.retroachievements.org/Images/022585.png","https://media.retroachievements.org/Images/066357.png","https://media.retroachievements.org/Images/011101.png","https://media.retroachievements.org/Images/011103.png","4.7"
10248,"Star Fox 64","Star Fox 64, known as Lylat Wars in the PAL regions, is a 1997 rail shooter game developed and published by Nintendo for the Nintendo 64. It is the second installment in the Star Fox series and a reboot of the original Star Fox for the Super Nintendo Entertainment System.","https://media.retroachievements.org/Images/093951.png","https://media.retroachievements.org/Images/048362.png","https://media.retroachievements.org/Images/014375.png","https://media.retroachievements.org/Images/014379.png","4.6"
10173,"Yoshi's Story","Yoshi's Story is a 1997 platform game published and developed by Nintendo for the Nintendo 64. It was released in Japan in December 1997, and worldwide the following year. The game has been subsequently re-released on the Wii, Wii U, and Nintendo Switch.","https://media.retroachievements.org/Images/044181.png","https://media.retroachievements.org/Images/048368.png","https://media.retroachievements.org/Images/011212.png","https://media.retroachievements.org/Images/011211.png","4.6"
10263,"Mario Party","Mario Party is a series of party video games created by Hudson Soft and owned by Nintendo. It features characters from the Mario franchise in which up to four local players or computer-controlled characters compete in a board game interspersed with minigames. Designed by Shigeru Miyamoto, and directed by Kenji Kikuchi, the games are currently developed by Nintendo Cube and published by Nintendo, being previously developed by Hudson Soft. The series is known for its party game elements, including the often unpredictable multiplayer game modes that allow play with up to four, and sometimes eight, human players or CPUs.","https://media.retroachievements.org/Images/040160.png","https://media.retroachievements.org/Images/011086.png","https://media.retroachievements.org/Images/011084.png","https://media.retroachievements.org/Images/011085.png","4.5"
10617,"Wave Race 64","Wave Race 64 is a 1996 racing video game developed and published by Nintendo for the Nintendo 64. It is the second entry in the Wave Race series following the 1992 Game Boy game Wave Race. Gameplay involves the player racing on a personal watercraft on a variety of courses while successfully manoeuvring the vehicle around various buoys. A multiplayer mode where two players can compete against each other on a chosen course is also included. The game supports the Controller Pak, which allows players to transfer saved data from one game cartridge to another. The game is presented in a letterboxed 14:9 aspect ratio.","https://media.retroachievements.org/Images/019034.png","https://media.retroachievements.org/Images/019035.png","https://media.retroachievements.org/Images/019036.png","https://media.retroachievements.org/Images/019037.png","4.5"
10667,"Castlevania","Castlevania, known in Japan as Akumajō Dracula, is a gothic horror action-adventure video game series and media franchise created by Hitoshi Akamatsu and published by Konami. The series is largely set in the castle of Count Dracula, who wages an eternal war against humanity and comes into conflict with the world's vampire hunters, principally including the Belmont clan, wielders of the mystical whip known as the ""Vampire Killer.""","https://media.retroachievements.org/Images/091411.png","https://media.retroachievements.org/Images/070351.png","https://media.retroachievements.org/Images/070353.png","https://media.retroachievements.org/Images/070352.png","4.5"
10133,"F-Zero X","F-Zero X is a 1998 racing game developed and published by Nintendo for the Nintendo 64. It is the sequel to the original F-Zero (1990), and the first F-Zero game with 3D graphics. It has a steep learning curve and its gameplay experience is similar to that of the original. The F-Zero X Expansion Kit, an expansion pack for the 64DD featuring 12 more tracks and track and vehicle editors, was released in Japan in 2000.","https://media.retroachievements.org/Images/046476.png","https://media.retroachievements.org/Images/048360.png","https://media.retroachievements.org/Images/014763.png","https://media.retroachievements.org/Images/014764.png","4.5"
10211,"Banjo-Tooie","Banjo-Tooie is a 2000 platform game developed by Rare and published by Nintendo for the Nintendo 64 console. It is the second game in the Banjo-Kazooie series and the sequel to Banjo-Kazooie. The game follows the returning protagonists Banjo and Kazooie as they attempt to stop the plans of the witch Gruntilda and two of her sisters, who intend to vaporise the inhabitants of the game's island setting. The game features worlds significantly larger than those of its predecessor, requiring the player to complete challenges such as solving puzzles, jumping over obstacles, collecting items, and defeating opponents. It also includes a Widescreen format, and a multiplayer mode in which up to four players can compete in several minigames repurposed from the main campaign.","https://media.retroachievements.org/Images/091555.png","https://media.retroachievements.org/Images/096336.png","https://media.retroachievements.org/Images/018548.png","https://media.retroachievements.org/Images/019194.png","4.5"
10181,"Pokémon Stadium","Pokémon Stadium is a 1999 strategy video game developed and published by Nintendo for the Nintendo 64. The gameplay revolves around a 3D turn-based battling system using the 151 Pokémon from the Game Boy games Pokémon Red, Blue, and Yellow, with several in-game challenges for players to overcome. The game includes four ""Cups"", each of which is a series of three-on-three Pokémon battles against an ordered lineup of opponents. The ""Gym Leader Castle"" mode involves battles against several boss opponents who appeared in the Game Boy games. Pokémon Stadium also features mini-games and numerous features available through its compatibility with Pokémon Red, Blue, and Yellow. Using the Transfer Pak accessory that was bundled with the game, players are able to view, organize, store, trade, and battle using Pokémon uploaded from Pokémon Red, Blue, and Yellow.","https://media.retroachievements.org/Images/026595.png","https://media.retroachievements.org/Images/010940.png","https://media.retroachievements.org/Images/011020.png","https://media.retroachievements.org/Images/011021.png","4.5"
10270,"Pokémon Puzzle League","Pokémon Puzzle League is a puzzle video game in the Puzzle League series developed by Nintendo Software Technology and published by Nintendo for the Nintendo 64. Released in North America on September 25, 2000, and in Europe on March 2, 2001, its Puzzle League-based gameplay has a focus on puzzle-based strategy in the game's grid-based format. To advance to new levels, players are required to combat the game's trainers and gym leaders, similar to the ones featured in Pokémon Red, Blue, and Yellow. One of several games based on the Pokémon anime, it features lead protagonist Ash Ketchum, his Pikachu, his companions Brock and Misty, the Kanto Gym Leaders, and other characters from the series.","https://media.retroachievements.org/Images/109181.png","https://media.retroachievements.org/Images/014333.png","https://media.retroachievements.org/Images/016162.png","https://media.retroachievements.org/Images/016163.png","4.5"
10648,"Star Wars: Rogue Squadron","Star Wars: Rogue Squadron or Star Wars: Rogue Squadron 3D is an arcade-style flight action game co-developed by Factor 5 and LucasArts. The first of the Rogue Squadron trilogy, it was published by LucasArts and Nintendo and released for Microsoft Windows and Nintendo 64 in December 1998. The game's story was influenced by the Star Wars: X-wing – Rogue Squadron comics and is set in the fictional Star Wars galaxy, taking place primarily between events in the films Star Wars and The Empire Strikes Back. The player controls Luke Skywalker, commander of the elite X-wing pilots known as Rogue Squadron. As the game progresses, Skywalker and Rogue Squadron fight the Galactic Empire in 16 missions across various planets.","https://media.retroachievements.org/Images/111879.png","https://media.retroachievements.org/Images/019616.png","https://media.retroachievements.org/Images/019617.png","https://media.retroachievements.org/Images/045695.png","4.5"
10259,"Mario Golf","  There have been numerous sports games featuring Mario characters, based, among others, on tennis, golf, baseball, soccer, and various sports featured in the Olympic Games.","https://media.retroachievements.org/Images/027468.png","https://media.retroachievements.org/Images/011029.png","https://media.retroachievements.org/Images/011027.png","https://media.retroachievements.org/Images/011028.png","4.4"
10110,"Perfect Dark","Perfect Dark is a 2000 first-person shooter game developed and published by Rare for the Nintendo 64. The first game of the Perfect Dark series, it follows Joanna Dark, an agent of the Carrington Institute research centre, as she attempts to stop an extraterrestrial conspiracy by rival corporation dataDyne. The game features a campaign mode where the player must complete a series of levels to progress through the story, as well as a range of multiplayer options, including a co-operative mode and traditional deathmatch settings with computer-controlled bots.","https://media.retroachievements.org/Images/107798.png","https://media.retroachievements.org/Images/011065.png","https://media.retroachievements.org/Images/011062.png","https://media.retroachievements.org/Images/011064.png","4.4"
10264,"Mario Party 2","Mario Party 2 is a 1999 party video game developed by Hudson Soft and published by Nintendo for the Nintendo 64. The second game in the Mario Party series, it was released in Japan on December 17, 1999, North America on January 24, 2000, and in PAL regions on October 13, 2000. The game received mostly positive reviews from critics, who praised the improvements over the original, as well as the multiplayer and minigames, but criticized the lack of originality, while graphics received a mixed to positive response.","https://media.retroachievements.org/Images/040217.png","https://media.retroachievements.org/Images/014654.png","https://media.retroachievements.org/Images/014651.png","https://media.retroachievements.org/Images/028446.png","4.4"
10162,"Blast Corps","Blast Corps is an action game developed by Rare and published by Nintendo for the Nintendo 64. The player uses vehicles to destroy buildings in the path of a runaway nuclear missile carrier. In the game's 57 levels, the player solves puzzles by transferring between vehicles to move objects and bridge gaps. It was released in March 1997 in Japan and North America. A wider release followed at the end of that year.","https://media.retroachievements.org/Images/125239.png","https://media.retroachievements.org/Images/014502.png","https://media.retroachievements.org/Images/010784.png","https://media.retroachievements.org/Images/010787.png","4.4"
17500,"~Hack~ B3313","Super Mario 64 is a 1996 platform game developed and published by Nintendo for the Nintendo 64. It is the first Super Mario game to feature 3D gameplay, combining traditional Super Mario gameplay, visual style, and characters in a large open world. In the game, Bowser invades Princess Peach's castle, kidnaps her, and hides the castle's sources of protection, the Power Stars, in many different worlds inside magical paintings. As Mario, the player traverses levels and collects Power Stars to unlock areas of Princess Peach's castle, to reach Bowser and rescue Princess Peach.","https://media.retroachievements.org/Images/068471.png","https://media.retroachievements.org/Images/068468.png","https://media.retroachievements.org/Images/068470.png","https://media.retroachievements.org/Images/068469.png","4.4"
15964,"~Hack~ Smash Remix","Mortal Kombat is an American media franchise centered on a series of fighting video games originally developed by Midway Games in 1992.","https://media.retroachievements.org/Images/121623.png","https://media.retroachievements.org/Images/101880.png","https://media.retroachievements.org/Images/035261.png","https://media.retroachievements.org/Images/035258.png","4.4"
10108,"Mario Party 3","Mario Party 3 is a 2000 party video game developed by Hudson Soft and published by Nintendo for the Nintendo 64. The third installment in the Mario Party series, it was first released in Japan on December 7, 2000, in North America on May 7, 2001, in Australia on September 3, 2001, and in Europe on November 16, 2001. As with the previous installments, the player chooses between eight playable characters: Mario, Luigi, Princess Peach, Yoshi, Wario, and Donkey Kong from the first two games, alongside newcomers Princess Daisy and Waluigi. The game introduces duel maps, where two players try to lower each other's stamina to zero using non-player characters such as Chain Chomps.","https://media.retroachievements.org/Images/040226.png","https://media.retroachievements.org/Images/011082.png","https://media.retroachievements.org/Images/011080.png","https://media.retroachievements.org/Images/026385.png","4.4"
10153,"Star Wars: Shadows of the Empire","Star Wars: Shadows of the Empire is a 1996 multimedia project created by Lucasfilm. The idea was to create a story set between the films The Empire Strikes Back and Return of the Jedi, and to explore all commercial possibilities of a full motion picture release without actually making a film. The venture was intended to reinvigorate interest in the franchise ahead of the theatrical Special Editions of the Star Wars trilogy released the following year.","https://media.retroachievements.org/Images/055047.png","https://media.retroachievements.org/Images/010757.png","https://media.retroachievements.org/Images/010755.png","https://media.retroachievements.org/Images/010756.png","4.4"
12984,"The New Tetris","The New Tetris is a 1999 puzzle video game developed by H2O Entertainment and Blue Planet Software and published by Nintendo for the Nintendo 64. An entry in the Tetris series, it showcases scenic fly-bys of structures, such as the Sphinx, the Pantheon, Saint Basil's Cathedral, a Mayan temple, and others, rendered in real-time. Achieving this level of quality was relatively challenging for the Nintendo 64 hardware. The New Tetris features a multiplayer mode with up to four players and an electronic dance music soundtrack by Neil Voss, who also composed the music for Tetrisphere.","https://media.retroachievements.org/Images/052609.png","https://media.retroachievements.org/Images/018277.png","https://media.retroachievements.org/Images/018278.png","https://media.retroachievements.org/Images/018279.png","4.4"
10238,"Road Rash 64","Road Rash 64 is a 1999 racing game developed by Pacific Coast Power and Light and published by THQ for the Nintendo 64. The game is the fifth of seven entries in the Road Rash series of video games, the only entry to be published by THQ and the only entry to be released for the Nintendo 64 platform.","https://media.retroachievements.org/Images/083611.png","https://media.retroachievements.org/Images/044926.png","https://media.retroachievements.org/Images/044928.png","https://media.retroachievements.org/Images/044927.png","4.4"
10258,"Pokémon Stadium 2","Pokémon Stadium 2, known in Japan as Pokémon Stadium Gold & Silver, is a strategy video game developed and published by Nintendo for the Nintendo 64. It is the third game in the Pokémon Stadium series, following prior releases Pocket Monsters Stadium and Pokémon Stadium. It features all 251 Pokémon from the first and second generations of the franchise, and allows for players to battle either with other players or against computer-controlled opponents. Like its predecessor, Pokémon Stadium 2 is compatible with the Transfer Pak accessory, allowing players to use Pokémon trained in the three original Game Boy Pokémon games and the three Game Boy Color games.","https://media.retroachievements.org/Images/115110.png","https://media.retroachievements.org/Images/011026.png","https://media.retroachievements.org/Images/011022.png","https://media.retroachievements.org/Images/011024.png","4.4"
10077,"Resident Evil 2","Resident Evil 2 is a 1998 survival horror video game developed and published by Capcom for the PlayStation. It is the second main installment in the Resident Evil series. The player controls rookie cop Leon S. Kennedy and college student Claire Redfield, who must escape Raccoon City after its citizens are transformed into zombies by a biological weapon two months after the events of the original Resident Evil. The gameplay focuses on exploration, puzzles, and combat; the main difference from its predecessor are the branching paths, with each player character having unique storylines, partners and obstacles.","https://media.retroachievements.org/Images/069061.png","https://media.retroachievements.org/Images/016137.png","https://media.retroachievements.org/Images/010870.png","https://media.retroachievements.org/Images/010872.png","4.4"
27577,"~Hack~ Shotgun Mario 64","Celeste 64: Fragments of the Mountain is a 2024 3D platformer video game developed and published by Canadian indie studio Extremely OK Games for Linux, macOS and Microsoft Windows. The game was developed during a week-long game jam, in which it released in celebration of the sixth anniversary of the 2018 video game Celeste. The game released January 29, 2024, acting as semi-sequel to that game and a continuation to its narrative.","https://media.retroachievements.org/Images/086766.png","https://media.retroachievements.org/Images/105646.png","https://media.retroachievements.org/Images/087056.png","https://media.retroachievements.org/Images/087055.png","4.4"
10085,"Cruis'n USA","Cruis'n USA is a racing video game developed by TV Games Inc. and published by Nintendo. It was first released in arcades in 1994 by Midway Games, with a port to the Nintendo 64 developed by Leland Interactive Media released in 1996. It is the first game in the Cruis'n series, and features races set in locations across the Continental United States.","https://media.retroachievements.org/Images/044270.png","https://media.retroachievements.org/Images/010998.png","https://media.retroachievements.org/Images/010995.png","https://media.retroachievements.org/Images/010996.png","4.4"
10116,"Mortal Kombat 4","Mortal Kombat 4 is a 1997 fighting game developed and published by Midway for arcades. It is the fourth main installment in the Mortal Kombat franchise, and a sequel to 1995's Mortal Kombat 3. It is also the first title in the series to use 3D computer graphics, as well as the last in the series to have an arcade release. The game was ported to the PlayStation, Nintendo 64, Microsoft Windows, and Game Boy Color in 1998, followed by an updated version, titled Mortal Kombat Gold, for the Dreamcast in 1999.","https://media.retroachievements.org/Images/123570.png","https://media.retroachievements.org/Images/042460.png","https://media.retroachievements.org/Images/042458.png","https://media.retroachievements.org/Images/012068.png","4.4"
10148,"Army Men: Sarge's Heroes","Army Men: Sarge's Heroes is a 1999 third-person shooter video game and the fourth entry in The 3DO Company's Army Men series, which are based on the green plastic figures of the same name. Its Nintendo 64 and PlayStation versions were developed and published by The 3DO Company. The port for the Dreamcast was developed by Saffire and published by Midway, while another for Microsoft Windows was published by GT Interactive.","https://media.retroachievements.org/Images/107432.png","https://media.retroachievements.org/Images/079976.png","https://media.retroachievements.org/Images/015292.png","https://media.retroachievements.org/Images/015293.png","4.3"
10256,"Mickey's Speedway USA","Mickey's Speedway USA is a kart racing game developed by Rare and published by Nintendo for the Nintendo 64 and Game Boy Color. It is Rare and Nintendo's second collaboration with Disney Interactive following Mickey's Racing Adventure (1999), and features characters from the Mickey Mouse universe racing across the United States. The Nintendo 64 game released in November 2000 to mixed reception, while the Game Boy Color version followed in March 2001.","https://media.retroachievements.org/Images/112014.png","https://media.retroachievements.org/Images/018506.png","https://media.retroachievements.org/Images/028670.png","https://media.retroachievements.org/Images/028671.png","4.3"
10309,"Glover","Glover is a 1998 puzzle-platformer developed by Interactive Studios and published by Hasbro Interactive for the Nintendo 64 and Windows in 1998, and for the PlayStation in 1999. The game follows a magical, four-fingered glove named Glover in his quest to restore the Crystal Kingdom by retrieving crystals that were lost.","https://media.retroachievements.org/Images/069876.png","https://media.retroachievements.org/Images/025061.png","https://media.retroachievements.org/Images/025064.png","https://media.retroachievements.org/Images/099202.png","4.3"
10120,"Bomberman 64","Bomberman 64 is a video game developed and published by Hudson Soft as ""Baku Bomberman"" in Japan, and published by Nintendo as ""Bomberman 64"" in North America and Europe for the Nintendo 64. In Japan the ""Bomberman 64"" name was chosen for another game, the fourth Japanese Bomberman entry in the series. The 1997 game was released in Europe and North America in November and December 1997, respectively. While the game never saw a release on the Wii's Virtual Console service, it was released on the Wii U Virtual Console in both Europe and North America in March 2017 followed by Japan in June 2017.","https://media.retroachievements.org/Images/053933.png","https://media.retroachievements.org/Images/011136.png","https://media.retroachievements.org/Images/011137.png","https://media.retroachievements.org/Images/011138.png","4.3"
10328,"South Park","South Park is an American animated sitcom created by Trey Parker and Matt Stone for Comedy Central. The series revolves around four boys—Stan Marsh, Kyle Broflovski, Eric Cartman, and Kenny McCormick—and their adventures in and around the titular Colorado town. South Park also features many recurring characters. The series became infamous for its profanity and dark, surreal humor that satirizes a large range of subject matter.","https://media.retroachievements.org/Images/088517.png","https://media.retroachievements.org/Images/011926.png","https://media.retroachievements.org/Images/011927.png","https://media.retroachievements.org/Images/011928.png","4.3"
10157,"Harvest Moon 64","Harvest Moon 64, released in Japan as Bokujō Monogatari 2 (牧場物語2), is a 1999 farm simulation video game developed by Victor Interactive Software for the Nintendo 64 console. It was published by Victor Interactive in Japan and by Natsume Inc. in North America. It is the third game in the Story of Seasons series.","https://media.retroachievements.org/Images/109404.png","https://media.retroachievements.org/Images/010767.png","https://media.retroachievements.org/Images/010765.png","https://media.retroachievements.org/Images/010766.png","4.3"
10093,"Hexen","Hexen: Beyond Heretic is a 1995 first-person shooter video game developed by Raven Software and published by id Software for MS-DOS. It is the sequel to 1994's Heretic, and the second game in Raven Software's ""Serpent Riders"" trilogy, which culminated with Hexen II. The title comes from the German noun Hexen, which means ""witches"", and/or the verb hexen, which means ""to cast a spell"". Game producer John Romero stated that a third, unreleased game in this series was to be called Hecatomb.","https://media.retroachievements.org/Images/055046.png","https://media.retroachievements.org/Images/014510.png","https://media.retroachievements.org/Images/010999.png","https://media.retroachievements.org/Images/011000.png","4.3"
16231,"Donald Duck: Goin' Quackers","Donald Duck: Goin' Quackers is a 2000 platform game developed and published by Ubi Soft for various consoles and Windows-based personal computers. A version with the same title was released for the Game Boy Color, before it was retitled Donald Duck Advance for the Game Boy Advance. Reviews praised the music, backgrounds and animations, noting the short length and low difficulty as more fun for children.","https://media.retroachievements.org/Images/113851.png","https://media.retroachievements.org/Images/033332.png","https://media.retroachievements.org/Images/033330.png","https://media.retroachievements.org/Images/033331.png","4.3"
10080,"Doom 64","Doom 64 is a 1997 first-person shooter game developed and published by Midway Games for the Nintendo 64. It is the second spin-off in id Software's Doom series after Final Doom (1996), and the fourth game in the series overall.","https://media.retroachievements.org/Images/010650.png","https://media.retroachievements.org/Images/066513.png","https://media.retroachievements.org/Images/010646.png","https://media.retroachievements.org/Images/010647.png","4.3"
10166,"Cruis'n World","Cruis'n World is a 1996 racing game developed by Midway Games and published by Nintendo. It is the sequel to the 1994 arcade racer Cruis'n USA. A port for the Nintendo 64 developed by Eurocom was released in 1998, and was the best received of the Cruis'n ports.","https://media.retroachievements.org/Images/073208.png","https://media.retroachievements.org/Images/064742.png","https://media.retroachievements.org/Images/010788.png","https://media.retroachievements.org/Images/010789.png","4.3"
10081,"Mystical Ninja Starring Goemon","Mystical Ninja Starring Goemon is a 1997 platform action-adventure game developed by Konami Computer Entertainment Osaka and published by Konami for the Nintendo 64. The second Ganbare Goemon game released in North America and Europe, and the twelfth mainline installment overall, follows The Legend of the Mystical Ninja and features hybrid elements of platform games and action-adventure games.","https://media.retroachievements.org/Images/094020.png","https://media.retroachievements.org/Images/050419.png","https://media.retroachievements.org/Images/016081.png","https://media.retroachievements.org/Images/016082.png","4.3"
30,"Jet Force Gemini","Jet Force Gemini is a 1999 third-person shooter game developed and published by Rare for the Nintendo 64. The game follows the story of three members of a galactic law enforcement team as they try to stop a horde of drones led by an insectoid called Mizar. It features a single-player mode where the player must explore a galaxy and save Tribals, a race of survivors who have been enslaved and imprisoned by Mizar, and places strong emphasis on shooting large numbers of enemies while dodging their attacks. The game includes a multiplayer mode where two to four players can compete in traditional deathmatch games.","https://media.retroachievements.org/Images/112099.png","https://media.retroachievements.org/Images/051950.png","https://media.retroachievements.org/Images/020099.png","https://media.retroachievements.org/Images/017046.png","4.3"
10546,"~Hack~ Super Mario 74","Super Mario 64 is a 1996 platform game developed and published by Nintendo for the Nintendo 64. It is the first Super Mario game to feature 3D gameplay, combining traditional Super Mario gameplay, visual style, and characters in a large open world. In the game, Bowser invades Princess Peach's castle, kidnaps her, and hides the castle's sources of protection, the Power Stars, in many different worlds inside magical paintings. As Mario, the player traverses levels and collects Power Stars to unlock areas of Princess Peach's castle, to reach Bowser and rescue Princess Peach.","https://media.retroachievements.org/Images/085735.png","https://media.retroachievements.org/Images/017494.png","https://media.retroachievements.org/Images/017493.png","https://media.retroachievements.org/Images/085736.png","4.3"
10912,"Hot Wheels: Turbo Racing","Hot Wheels Turbo Racing is a racing video game released for the Nintendo 64 and PlayStation in 1999. It features 40 cars based on the Hot Wheels series of toys. It also features Kyle Petty's 1999 NASCAR stock car, as it was sponsored by Hot Wheels. The game features music from artists like Primus, Metallica, The Reverend Horton Heat and Mix Master Mike.","https://media.retroachievements.org/Images/073192.png","https://media.retroachievements.org/Images/022299.png","https://media.retroachievements.org/Images/022300.png","https://media.retroachievements.org/Images/022301.png","4.3"
10331,"WWF No Mercy","WWE No Mercy, also known as NXT No Mercy since 2023, is a professional wrestling event produced by WWE, a professional wrestling promotion based in Connecticut. The first No Mercy was held on May 16, 1999, in Manchester, England, and was the only No Mercy event produced in the United Kingdom. A second No Mercy was then held in October that year in Cleveland, Ohio, United States. Beginning with this second event, No Mercy became the annual October pay-per-view (PPV) until 2008. The event was then discontinued and replaced by Hell in a Cell in 2009. After eight years, No Mercy was reinstated in October 2016. However, No Mercy was again discontinued after the September 2017 event, as WWE reduced the amount of yearly PPVs held after they had ended the production of brand-exclusive PPVs following WrestleMania 34 in 2018. In 2023, WWE again revived the event, this time for its developmental brand, NXT, in September.","https://media.retroachievements.org/Images/054255.png","https://media.retroachievements.org/Images/012048.png","https://media.retroachievements.org/Images/012047.png","https://media.retroachievements.org/Images/012049.png","4.3"
10135,"007: The World Is Not Enough","The World Is Not Enough is a 2000 first-person shooter video game developed by Eurocom and published by Electronic Arts. It is based on the 1999 film of the same name. It was released for the Nintendo 64 in North America on October 17, 2000 and in Europe on December 8, 2000. The game was also released for the PlayStation in November. The game features a single-player campaign in which players assume the role of secret agent James Bond as he fights to stop a terrorist from triggering a nuclear meltdown in the waters of Istanbul. It includes a split-screen multiplayer mode where up to four players can compete in different types of deathmatch and objective-based games.","https://media.retroachievements.org/Images/071854.png","https://media.retroachievements.org/Images/071811.png","https://media.retroachievements.org/Images/023342.png","https://media.retroachievements.org/Images/023344.png","4.3"
10329,"Rampage 2: Universal Tour","Rampage 2: Universal Tour is a 1999 action game developed by Avalanche Software and published by Midway. It is the third game in the Rampage series and a sequel to 1997's Rampage World Tour.","https://media.retroachievements.org/Images/098726.png","https://media.retroachievements.org/Images/014515.png","https://media.retroachievements.org/Images/011934.png","https://media.retroachievements.org/Images/041267.png","4.3"
10871,"Magical Tetris Challenge","Magical Tetris Challenge is a 1998 puzzle video game developed and published by Capcom for arcades. It was ported to the Nintendo 64, Game Boy Color and PlayStation. It is a version of Tetris featuring Disney characters. It is one of the few Nintendo 64 games to be entirely in 2D, in addition to being Capcom's first game for the console. The Japanese arcade cabinet and cover art was done by Kenichi Sudo, while the North American cover art was done by Robert Griggs.","https://media.retroachievements.org/Images/047644.png","https://media.retroachievements.org/Images/014730.png","https://media.retroachievements.org/Images/014731.png","https://media.retroachievements.org/Images/014732.png","4.3"
10199,"Snowboard Kids","Snowboard Kids , is a snowboarding video game for the Nintendo 64. It was developed by Racdym and published by Atlus. Many reviewers compared its style to that of the Mario Kart series. An enhanced port, Snowboard Kids Plus, was released in Japan in January 1999 for the PlayStation.","https://media.retroachievements.org/Images/085925.png","https://media.retroachievements.org/Images/014516.png","https://media.retroachievements.org/Images/010970.png","https://media.retroachievements.org/Images/010971.png","4.3"
10448,"WCW/nWo Revenge","WCW/nWo Revenge is a professional wrestling video game developed by Asmik Ace Entertainment and AKI Corporation and released by THQ in 1998 for the Nintendo 64 game console. It is the sequel to 1997's WCW vs. nWo: World Tour. Like its predecessor, Revenge features AKI's proprietary grappling system; as well as heavily improved graphics, a championship mode, and a large roster of wrestlers.","https://media.retroachievements.org/Images/082170.png","https://media.retroachievements.org/Images/027568.png","https://media.retroachievements.org/Images/044132.png","https://media.retroachievements.org/Images/044133.png","4.3"
10298,"Tarzan","Tarzan is a fictional character, a feral child raised in the Congo Basin by the Mangani great apes; he later experiences civilization, only to reject it and return to the wild as a heroic adventurer.","https://media.retroachievements.org/Images/059289.png","https://media.retroachievements.org/Images/011925.png","https://media.retroachievements.org/Images/077248.png","https://media.retroachievements.org/Images/077249.png","4.3"
10509,"~Hack~ Super Mario 64: Randomizer","Super Mario 64 is a 1996 platform game developed and published by Nintendo for the Nintendo 64. It is the first Super Mario game to feature 3D gameplay, combining traditional Super Mario gameplay, visual style, and characters in a large open world. In the game, Bowser invades Princess Peach's castle, kidnaps her, and hides the castle's sources of protection, the Power Stars, in many different worlds inside magical paintings. As Mario, the player traverses levels and collects Power Stars to unlock areas of Princess Peach's castle, to reach Bowser and rescue Princess Peach.","https://media.retroachievements.org/Images/117531.png","https://media.retroachievements.org/Images/093710.png","https://media.retroachievements.org/Images/093707.png","https://media.retroachievements.org/Images/093708.png","4.3"
12733,"~Hack~ Super Mario 64: Last Impact","Super Mario 64 is a 1996 platform game developed and published by Nintendo for the Nintendo 64. It is the first Super Mario game to feature 3D gameplay, combining traditional Super Mario gameplay, visual style, and characters in a large open world. In the game, Bowser invades Princess Peach's castle, kidnaps her, and hides the castle's sources of protection, the Power Stars, in many different worlds inside magical paintings. As Mario, the player traverses levels and collects Power Stars to unlock areas of Princess Peach's castle, to reach Bowser and rescue Princess Peach.","https://media.retroachievements.org/Images/069710.png","https://media.retroachievements.org/Images/018306.png","https://media.retroachievements.org/Images/039419.png","https://media.retroachievements.org/Images/017467.png","4.3"
10115,"Mega Man 64","Mega Man Legends is a 1997 action-adventure game released by Capcom. It is the first game in the Mega Man Legends sub-series of Mega Man games from Capcom, and the second major 3D polygonal Mega Man title in the franchise, following Mega Man: Battle & Chase. It was released for the PlayStation in 1997 in Japan, and in 1998 in North America. A Nintendo 64 port was released in 2000 with the same title, but it was renamed Mega Man 64 for the North American release in 2001. It was also ported to Windows in 2001, and to the PlayStation Portable in 2005, the latter only in Japan. Its most recent release was as a PS one Classic on the North American PlayStation Network in 2015.","https://media.retroachievements.org/Images/010690.png","https://media.retroachievements.org/Images/010689.png","https://media.retroachievements.org/Images/010687.png","https://media.retroachievements.org/Images/010688.png","4.3"
10559,"~Hack~ The Legend of Banjo-Kazooie: The Jiggies of Time","Banjo-Kazooie is a 1998 platform game developed by Rare and published by Nintendo for the Nintendo 64. Controlling the player characters, the bear Banjo and the bird Kazooie, the player attempts to save Banjo's kidnapped sister Tooty from the witch Gruntilda. The player explores nine nonlinear worlds to gather items and progress. Using Banjo and Kazooie's traversal and combat abilities, they complete challenges such as solving puzzles, jumping over obstacles, and defeating bosses.","https://media.retroachievements.org/Images/112578.png","https://media.retroachievements.org/Images/035827.png","https://media.retroachievements.org/Images/035819.png","https://media.retroachievements.org/Images/035823.png","4.3"
10118,"Toy Story 2: Buzz Lightyear to the Rescue!","Toy Story 2: Buzz Lightyear to the Rescue is a 1999 platform game developed by Traveller's Tales and published by Activision and Disney Interactive. Based on Disney/Pixar's 1999 computer animated film Toy Story 2, it was released for the Nintendo 64, PlayStation, Microsoft Windows, and Macintosh in late 1999, while a Dreamcast version followed in 2000. The computer versions were released under the title Disney/Pixar's Action Game, Toy Story 2. A different version, a side-scrolling platform game titled Toy Story 2, was also released for the Game Boy Color in 1999.","https://media.retroachievements.org/Images/103350.png","https://media.retroachievements.org/Images/049037.png","https://media.retroachievements.org/Images/019557.png","https://media.retroachievements.org/Images/019556.png","4.3"
10285,"Bomberman Hero","Bomberman Hero is a platform video game developed by A.I Co., Ltd. and published by Hudson Soft for the Nintendo 64. It is the second Bomberman game to be released on the system, following Bomberman 64 (1997). It is notable for being a dramatic deviation from previous Bomberman titles, featuring predominant platforming gameplay as opposed to the series' traditional top-down strategy gameplay.","https://media.retroachievements.org/Images/074332.png","https://media.retroachievements.org/Images/011147.png","https://media.retroachievements.org/Images/011148.png","https://media.retroachievements.org/Images/011146.png","4.3"
10182,"Turok: Dinosaur Hunter","Turok: Dinosaur Hunter is a first-person shooter video game developed by Iguana Entertainment and published by Acclaim Entertainment. It was released in 1997 in North America and Europe for the Nintendo 64 and Microsoft Windows, and is an adaptation of the Valiant Comics comic book series of the same name. The player controls Turok, a Native American warrior who must stop the evil Campaigner from conquering the universe with an ancient and powerful weapon.","https://media.retroachievements.org/Images/020130.png","https://media.retroachievements.org/Images/011072.png","https://media.retroachievements.org/Images/011068.png","https://media.retroachievements.org/Images/011075.png","4.3"
10337,"Spider-Man","Spider-Man is a superhero in American comic books published by Marvel Comics. Created by writer-editor Stan Lee and artist Steve Ditko, he first appeared in the anthology comic book Amazing Fantasy #15 in the Silver Age of Comic Books. Widely regarded as one of the most popular and commercially successful superheroes, he has been featured in comic books, television shows, films, video games, novels, and plays.","https://media.retroachievements.org/Images/107338.png","https://media.retroachievements.org/Images/012410.png","https://media.retroachievements.org/Images/019554.png","https://media.retroachievements.org/Images/019555.png","4.3"
10136,"1080° Snowboarding","1080° Snowboarding is a snowboarding video game developed and published by Nintendo for the Nintendo 64 in 1998. In the game, players control one of five snowboarders from a third-person perspective, using a combination of buttons to jump and perform tricks across eight levels.","https://media.retroachievements.org/Images/011233.png","https://media.retroachievements.org/Images/034964.png","https://media.retroachievements.org/Images/011234.png","https://media.retroachievements.org/Images/011235.png","4.3"
10129,"Fighting Force 64","Fighting Force is a beat 'em up video game developed by Core Design and published in 1997 by Eidos Interactive for PlayStation and Windows. A Nintendo 64 version was published by Crave Entertainment in 1999. The Japanese version for the PlayStation was published by Electronic Arts Victor. Announced by Core shortly after the success of Tomb Raider, Fighting Force was highly anticipated but met with mixed reviews. It was followed by Fighting Force 2.","https://media.retroachievements.org/Images/063155.png","https://media.retroachievements.org/Images/014507.png","https://media.retroachievements.org/Images/011045.png","https://media.retroachievements.org/Images/011046.png","4.3"
10124,"Tony Hawk's Pro Skater","Tony Hawk's Pro Skater, released as Tony Hawk's Skateboarding in the United Kingdom, Australia, New Zealand, and parts of Europe, is a 1999 skateboarding video game developed by Neversoft and published by Activision. It is the first installment in the Tony Hawk's series. It was released for the PlayStation on September 29, 1999 and was later ported to the Nintendo 64, Game Boy Color, Dreamcast, and N-Gage.","https://media.retroachievements.org/Images/115224.png","https://media.retroachievements.org/Images/071343.png","https://media.retroachievements.org/Images/017042.png","https://media.retroachievements.org/Images/017044.png","4.3"
16504,"~Hack~ The Legend of Zelda: The Missing Link","The Legend of Zelda is a video game series created by Japanese game designers Shigeru Miyamoto and Takashi Tezuka. It is primarily developed and published by Nintendo, but some installments and re-releases have been outsourced to Flagship, Grezzo, and Tantalus Media.","https://media.retroachievements.org/Images/036028.png","https://media.retroachievements.org/Images/036009.png","https://media.retroachievements.org/Images/035982.png","https://media.retroachievements.org/Images/036010.png","4.3"
10269,"Rayman 2: The Great Escape","Rayman 2: The Great Escape is a 1999 platform game developed by Ubi Pictures and published by Ubi Soft for the Nintendo 64, Windows, Dreamcast and PlayStation. The game centers on the titular character Rayman, who is tasked with saving the fantastical land of the Fairy Glade from an army of robotic pirates led by Admiral Razorbeard.","https://media.retroachievements.org/Images/064754.png","https://media.retroachievements.org/Images/014327.png","https://media.retroachievements.org/Images/091524.png","https://media.retroachievements.org/Images/091523.png","4.3"
17494,"~Hack~ Banjo-Kazooie: Nostalgia 64","Banjo-Kazooie is a 1998 platform game developed by Rare and published by Nintendo for the Nintendo 64. Controlling the player characters, the bear Banjo and the bird Kazooie, the player attempts to save Banjo's kidnapped sister Tooty from the witch Gruntilda. The player explores nine nonlinear worlds to gather items and progress. Using Banjo and Kazooie's traversal and combat abilities, they complete challenges such as solving puzzles, jumping over obstacles, and defeating bosses.","https://media.retroachievements.org/Images/112116.png","https://media.retroachievements.org/Images/112226.png","https://media.retroachievements.org/Images/111802.png","https://media.retroachievements.org/Images/111803.png","4.3"
10347,"Quake 64","Quake is a 1996 first-person shooter video game developed by id Software and published by GT Interactive. The first game in the Quake series, it was originally released for MS-DOS and Windows, followed by Classic Mac OS, Linux, and Saturn in 1997 and Nintendo 64 in 1998.","https://media.retroachievements.org/Images/020238.png","https://media.retroachievements.org/Images/036508.png","https://media.retroachievements.org/Images/036506.png","https://media.retroachievements.org/Images/036507.png","4.3"
10216,"Quest 64","Quest 64 is a role-playing video game (RPG) developed by Imagineer for the Nintendo 64. It was released in North America in June 1998 by THQ, Europe in September 1998 by Konami and Japan in July 1999 by Imagineer. It is the first role-playing video game released for the system in North America.","https://media.retroachievements.org/Images/066089.png","https://media.retroachievements.org/Images/014514.png","https://media.retroachievements.org/Images/011871.png","https://media.retroachievements.org/Images/011872.png","4.3"
10168,"LEGO Racers","Lego Racers is a 1999 Lego-themed kart racing video game developed by High Voltage Software and published by Lego Media for Microsoft Windows, followed by console ports to Nintendo 64 and PlayStation. Set in the fictional ""Legoland"" universe, the single-player mode follows various minifigure characters competing in a racing competition created by a fictional racing champion called Rocket Racer.","https://media.retroachievements.org/Images/063603.png","https://media.retroachievements.org/Images/010796.png","https://media.retroachievements.org/Images/010794.png","https://media.retroachievements.org/Images/010795.png","4.3"
10685,"Sesame Street: Elmo's Letter Adventure"," There have been a variety of Sesame Street video games released for video game platforms. Most of the Sesame Street video games were published and developed by NewKidCo.","https://media.retroachievements.org/Images/116921.png","https://media.retroachievements.org/Images/047409.png","https://media.retroachievements.org/Images/042796.png","https://media.retroachievements.org/Images/045349.png","4.3"
20279,"~Hack~ The Preservation Project"," The Nintendo 64 is a video game console released by Nintendo in 1996. The console was a moderate success with 32.93 millions units sold; it was three times as much as one competitor, the Sega Saturn, but only a third of the sales of its other competitor, the original PlayStation. Third party game developers cancelled multiple games for the system, with commonly-cited reasons including its lower sales numbers compared to the PlayStation, its unconventional controller, and Nintendo's decision to stick with the game cartridge format, which was more costly to produce and featured far less storage than the PlayStation's CD-ROMs. Additionally, the brief lifespan and commercial failure of the 64DD, a Japan-only Nintendo 64 add-on, led to many of its games being cancelled, reworked for release on the standard Nintendo 64, or ported to its successor, the GameCube. This list documents games that were announced for the Nintendo 64 at some point, but did not end up being released for it in any capacity. It also documents cancelled 64DD games, as well as unreleased 64DD-specific versions of other Nintendo 64 games.","https://media.retroachievements.org/Images/121472.png","https://media.retroachievements.org/Images/067966.png","https://media.retroachievements.org/Images/067968.png","https://media.retroachievements.org/Images/067969.png","4.3"
14897,"~Hack~ Super Mario 64: Splitscreen Multiplayer","The following is a list of video games that feature cooperative gameplay, either as a primary or secondary gameplay mode.","https://media.retroachievements.org/Images/112472.png","https://media.retroachievements.org/Images/029212.png","https://media.retroachievements.org/Images/029862.png","https://media.retroachievements.org/Images/029925.png","4.2"
10198,"Goemon's Great Adventure","Goemon's Great Adventure, known as Mystical Ninja 2 Starring Goemon in Europe, is a video game developed and released by Konami for the Nintendo 64 on December 23, 1998. It is the fourth game in the Ganbare Goemon series released in North America and Europe, as well as the fourteenth and latest overall mainline installment, following Mystical Ninja Starring Goemon, released two years earlier. Featuring platform gameplay in 2.5D, it returns the series to a side-scrolling format.","https://media.retroachievements.org/Images/047181.png","https://media.retroachievements.org/Images/011156.png","https://media.retroachievements.org/Images/011149.png","https://media.retroachievements.org/Images/011152.png","4.2"
10186,"Ridge Racer 64","Ridge Racer 64 is a 2000 racing video game developed by Nintendo Software Technology and published by Nintendo for the Nintendo 64. It is the first title of Namco's Ridge Racer series to not be on arcades or a PlayStation console, with Namco licensing the series to Nintendo to develop the game. In 2004, the game was remade for the Nintendo DS as Ridge Racer DS, which uses the system's features such as the touch-screen and wireless multi-player. Additionally, Gina Cavalli from R: Racing Evolution replaced Reiko Nagase as the mascot in the DS version. The N64 version received its first official re-release on the Nintendo Classics service on January 31, 2025; followed by a Japanese release in May 16, 2025.","https://media.retroachievements.org/Images/115803.png","https://media.retroachievements.org/Images/015092.png","https://media.retroachievements.org/Images/017050.png","https://media.retroachievements.org/Images/017051.png","4.2"
11569,"~Hack~ Super Mario 64: Chaos Edition","Super Mario 64 is a 1996 platform game developed and published by Nintendo for the Nintendo 64. It is the first Super Mario game to feature 3D gameplay, combining traditional Super Mario gameplay, visual style, and characters in a large open world. In the game, Bowser invades Princess Peach's castle, kidnaps her, and hides the castle's sources of protection, the Power Stars, in many different worlds inside magical paintings. As Mario, the player traverses levels and collects Power Stars to unlock areas of Princess Peach's castle, to reach Bowser and rescue Princess Peach.","https://media.retroachievements.org/Images/111702.png","https://media.retroachievements.org/Images/038525.png","https://media.retroachievements.org/Images/038524.png","https://media.retroachievements.org/Images/038523.png","4.2"
10159,"Castlevania: Legacy of Darkness","Castlevania: Legacy of Darkness is a 1999 action-adventure game developed and published by Konami for the Nintendo 64. A prequel and expanded version of Castlevania, also released on the Nintendo 64 earlier the same year, it contains a revision of the original game with improved graphics, added villains, and alternate versions of some levels.","https://media.retroachievements.org/Images/091412.png","https://media.retroachievements.org/Images/071793.png","https://media.retroachievements.org/Images/071794.png","https://media.retroachievements.org/Images/071795.png","4.2"
10326,"Bust-A-Move '99","Puzzle Bobble 3 is an action puzzle video game developed by Taito. The second sequel to Puzzle Bobble, it was released for arcades in September 1996 and later ported to the Sega Saturn, PlayStation, Game Boy, Nintendo 64 and Microsoft Windows. Like its predecessors, the player is tasked with shooting balls at groups of balls, creating groups of three or more, which are then removed from play. Further ports for the Nintendo Switch, PlayStation 4 and Xbox One were released in February 2023 by City Connection alongside Puzzle Bobble 2.","https://media.retroachievements.org/Images/097072.png","https://media.retroachievements.org/Images/012269.png","https://media.retroachievements.org/Images/011931.png","https://media.retroachievements.org/Images/011932.png","4.2"
10170,"Beetle Adventure Racing!","Beetle Adventure Racing! is a racing game released for the Nintendo 64 in 1999. It was developed by Paradigm Entertainment and EA Canada, and published by Electronic Arts. Each vehicle in the game is a Volkswagen New Beetle, which was released the previous year. The gameplay involves racing other players on unlocked tracks, finding and destroying crates, and collecting colored ladybugs while battling other players. The single-player championship offers three circuits and a secret bonus circuit with new vehicles and tracks available upon completion.","https://media.retroachievements.org/Images/000000.png","https://media.retroachievements.org/Images/066421.png","https://media.retroachievements.org/Images/010802.png","https://media.retroachievements.org/Images/010803.png","4.2"
17312,"~Hack~ Breaking the Barrier","The history of video games began in the 1950s and 1960s as computer scientists began designing simple games and simulations on minicomputers and mainframes. Spacewar! was developed by Massachusetts Institute of Technology (MIT) student hobbyists in 1962 as one of the first such games on a video display. The first consumer video game hardware was released in the early 1970s. The first home video game console was the Magnavox Odyssey, and the first arcade video games were Computer Space and Pong. After its home console conversions, numerous companies sprang up to capture Pong's success in both the arcade and the home by cloning the game, causing a series of boom and bust cycles due to oversaturation and lack of innovation.","https://media.retroachievements.org/Images/040841.png","https://media.retroachievements.org/Images/045649.png","https://media.retroachievements.org/Images/040838.png","https://media.retroachievements.org/Images/040839.png","4.2"
22859,"Clay Fighter 63 1/3","ClayFighter 63⅓ is a 1997 fighting game developed and published by Interplay Productions for the Nintendo 64. It is the third installment in the ClayFighter series. The title is a parody of the 64 suffix common in Nintendo 64 games, and a reference to Naked Gun 33 1/3.","https://media.retroachievements.org/Images/072015.png","https://media.retroachievements.org/Images/071834.png","https://media.retroachievements.org/Images/071832.png","https://media.retroachievements.org/Images/071833.png","4.2"
10457,"Cruis'n Exotica","Cruis'n Exotica is a 1999 racing game developed and published by Midway Games for arcades. The game is a sequel to Cruis'n World and is the third entry in Nintendo's Cruis'n series. A port to the Nintendo 64 developed by Gratuitous Games was released in 2000, along with a Game Boy Color version developed by Crawfish Interactive.","https://media.retroachievements.org/Images/054763.png","https://media.retroachievements.org/Images/054293.png","https://media.retroachievements.org/Images/054291.png","https://media.retroachievements.org/Images/054292.png","4.2"
10586,"Clay Fighter: Sculptor's Cut","ClayFighter 63⅓ is a 1997 fighting game developed and published by Interplay Productions for the Nintendo 64. It is the third installment in the ClayFighter series. The title is a parody of the 64 suffix common in Nintendo 64 games, and a reference to Naked Gun 33 1/3.","https://media.retroachievements.org/Images/069062.png","https://media.retroachievements.org/Images/047500.png","https://media.retroachievements.org/Images/069056.png","https://media.retroachievements.org/Images/069057.png","4.2"
10459,"Sesame Street: Elmo's Number Journey"," There have been a variety of Sesame Street video games released for video game platforms. Most of the Sesame Street video games were published and developed by NewKidCo.","https://media.retroachievements.org/Images/115204.png","https://media.retroachievements.org/Images/042079.png","https://media.retroachievements.org/Images/045281.png","https://media.retroachievements.org/Images/067494.png","4.2"
10271,"Re-Volt","Re-Volt is a 1999 racing video game designed by Paul Phippen and Simon Harrison. It was developed by Acclaim Studios London and published by Acclaim Entertainment for Microsoft Windows, Nintendo 64, PlayStation and Dreamcast.","https://media.retroachievements.org/Images/124206.png","https://media.retroachievements.org/Images/024510.png","https://media.retroachievements.org/Images/024511.png","https://media.retroachievements.org/Images/024512.png","4.2"
14658,"~Hack~ Super Mario 64 Land","Super Mario 64 is a 1996 platform game developed and published by Nintendo for the Nintendo 64. It is the first Super Mario game to feature 3D gameplay, combining traditional Super Mario gameplay, visual style, and characters in a large open world. In the game, Bowser invades Princess Peach's castle, kidnaps her, and hides the castle's sources of protection, the Power Stars, in many different worlds inside magical paintings. As Mario, the player traverses levels and collects Power Stars to unlock areas of Princess Peach's castle, to reach Bowser and rescue Princess Peach.","https://media.retroachievements.org/Images/027511.png","https://media.retroachievements.org/Images/029595.png","https://media.retroachievements.org/Images/027803.png","https://media.retroachievements.org/Images/027818.png","4.2"
32649,"~Hack~ Mario in the Multiverse","Eternal Darkness: Sanity's Requiem is a 2002 survival horror game developed by Silicon Knights and published by Nintendo for the GameCube. It was produced and directed by Denis Dyack. The game follows the story of several characters across a period of two millennia and four different locations on Earth, as they contend with an ancient evil who seeks to enslave humanity. The gameplay distinguishes itself with unique ""sanity effects"", visual and audial effects that confuse the player and often break the fourth wall.","https://media.retroachievements.org/Images/105955.png","https://media.retroachievements.org/Images/105954.png","https://media.retroachievements.org/Images/105951.png","https://media.retroachievements.org/Images/105952.png","4.2"
10119,"Sin and Punishment","Sin and Punishment is a rail shooter video game co-developed by Treasure and Nintendo for the Nintendo 64, and released in Japan in 2000. Its story takes place in the near future of 2007 when war breaks out as humanity is struggling with a global famine. The player takes on the roles of Saki and Airan as they fight to save Earth from destruction. The game employs a unique scheme that uses both the D-pad and control stick on the Nintendo 64 controller, allowing players to maneuver the character while simultaneously aiming the targeting reticle. To progress the game, the player must shoot at enemies and projectiles while dodging attacks to survive.","https://media.retroachievements.org/Images/093936.png","https://media.retroachievements.org/Images/065251.png","https://media.retroachievements.org/Images/015875.png","https://media.retroachievements.org/Images/015876.png","4.2"
10407,"Buck Bumble","Buck Bumble is a 1998 third-person shooter video game developed by Argonaut Software and published by UbiSoft for the Nintendo 64. A special Buck Bumble rumble pack was packaged with the UK version. The game's premise centers around anthropomorphic insects that were created as a result of a chemical spill in London, which are split into two factions at war.","https://media.retroachievements.org/Images/036016.png","https://media.retroachievements.org/Images/046370.png","https://media.retroachievements.org/Images/036017.png","https://media.retroachievements.org/Images/036018.png","4.2"
10114,"Mortal Kombat Trilogy","Mortal Kombat Trilogy is a 1996 fighting game released by Midway as the second and final update to Mortal Kombat 3 for the PlayStation, Nintendo 64, Sega Saturn and PCs. Further versions were also released for the Game.com and R-Zone. It features a similar basic gameplay system and the same story as Ultimate Mortal Kombat 3, but adds characters and stages restored from Mortal Kombat and Mortal Kombat II. New additions to the game included the ""Aggressor"" bar and the Brutality mechanic. The game was met with mixed to positive reviews upon release.","https://media.retroachievements.org/Images/019539.png","https://media.retroachievements.org/Images/010683.png","https://media.retroachievements.org/Images/017832.png","https://media.retroachievements.org/Images/017833.png","4.2"
14671,"~Hack~ Paper Mario: Black Pit","Mario Party is a series of party video games created by Hudson Soft and owned by Nintendo. It features characters from the Mario franchise in which up to four local players or computer-controlled characters compete in a board game interspersed with minigames. Designed by Shigeru Miyamoto, and directed by Kenji Kikuchi, the games are currently developed by Nintendo Cube and published by Nintendo, being previously developed by Hudson Soft. The series is known for its party game elements, including the often unpredictable multiplayer game modes that allow play with up to four, and sometimes eight, human players or CPUs.","https://media.retroachievements.org/Images/045967.png","https://media.retroachievements.org/Images/068171.png","https://media.retroachievements.org/Images/045585.png","https://media.retroachievements.org/Images/045587.png","4.2"
14157,"~Hack~ Waluigi's Taco Stand","","https://media.retroachievements.org/Images/024242.png","https://media.retroachievements.org/Images/025120.png","https://media.retroachievements.org/Images/024240.png","https://media.retroachievements.org/Images/025121.png","4.2"
17582,"~Hack~ Super Mario 64: Sonic Edition Plus","The Super Nintendo Entertainment System, known in Japan as the Super Famicom (SFC), is a home video game console developed and marketed by Nintendo. It was released in Japan on November 21, 1990, in North America on August 23, 1991, and internationally throughout 1992. It was Nintendo's second programmable home console, following the Nintendo Entertainment System (NES). A fourth-generation console, the SNES primarily competed with Sega's Genesis in the console war, a fierce battle for market share in the United States and Europe.","https://media.retroachievements.org/Images/104136.png","https://media.retroachievements.org/Images/101856.png","https://media.retroachievements.org/Images/043422.png","https://media.retroachievements.org/Images/043423.png","4.2"
10158,"Destruction Derby 64","Destruction Derby 64 is a vehicular combat racing video game developed by Looking Glass Studios and published by THQ, under license from Psygnosis. It is the third installment in the Destruction Derby series, released on 30 September 1999 in North America and 12 October 1999 in Europe for the Nintendo 64.","https://media.retroachievements.org/Images/010834.png","https://media.retroachievements.org/Images/014504.png","https://media.retroachievements.org/Images/010770.png","https://media.retroachievements.org/Images/010771.png","4.2"
17838,"~Hack~ All Bosses","Banjo-Kazooie is a 1998 platform game developed by Rare and published by Nintendo for the Nintendo 64. Controlling the player characters, the bear Banjo and the bird Kazooie, the player attempts to save Banjo's kidnapped sister Tooty from the witch Gruntilda. The player explores nine nonlinear worlds to gather items and progress. Using Banjo and Kazooie's traversal and combat abilities, they complete challenges such as solving puzzles, jumping over obstacles, and defeating bosses.","https://media.retroachievements.org/Images/070137.png","https://media.retroachievements.org/Images/051334.png","https://media.retroachievements.org/Images/045636.png","https://media.retroachievements.org/Images/045637.png","4.2"
10272,"StarCraft 64","StarCraft is a real-time strategy video game developed and published by Blizzard Entertainment for Microsoft Windows. The first installment of the video game series of the same name, it was released in 1998. A Classic Mac OS version was released in 1999, and a Nintendo 64 port co-developed with Mass Media and published by Nintendo was released in 2000.","https://media.retroachievements.org/Images/051791.png","https://media.retroachievements.org/Images/014423.png","https://media.retroachievements.org/Images/014360.png","https://media.retroachievements.org/Images/014424.png","4.2"
29579,"~Hack~ SM64: Decades Later","Super Mario 64 is a 1996 platform game developed and published by Nintendo for the Nintendo 64. It is the first Super Mario game to feature 3D gameplay, combining traditional Super Mario gameplay, visual style, and characters in a large open world. In the game, Bowser invades Princess Peach's castle, kidnaps her, and hides the castle's sources of protection, the Power Stars, in many different worlds inside magical paintings. As Mario, the player traverses levels and collects Power Stars to unlock areas of Princess Peach's castle, to reach Bowser and rescue Princess Peach.","https://media.retroachievements.org/Images/098021.png","https://media.retroachievements.org/Images/097971.png","https://media.retroachievements.org/Images/097731.png","https://media.retroachievements.org/Images/097732.png","4.2"
10137,"A Bug's Life","A Bug's Life is a 1998 American animated comedy film produced by Pixar Animation Studios for Walt Disney Pictures. It was directed by John Lasseter, written by Andrew Stanton, Donald McEnery, and Bob Shaw, from a story conceived by Lasseter, Stanton, and Joe Ranft, and stars the voices of Dave Foley, Kevin Spacey, Julia Louis-Dreyfus, and Hayden Panettiere. In the film, a misfit anthropomorphic ant named Flik looks for ""tough warriors"" to save his ant colony from a protection racket run by a gang of grasshoppers. However, the ""warriors"" he brings back are a troupe of Circus Bugs. The film's plot was initially inspired by Aesop's fable The Ant and the Grasshopper.","https://media.retroachievements.org/Images/067485.png","https://media.retroachievements.org/Images/058191.png","https://media.retroachievements.org/Images/058226.png","https://media.retroachievements.org/Images/058225.png","4.2"
10489,"Namco Museum 64","Namco Museum is a series of video game compilations developed and published by Bandai Namco Entertainment for home video game consoles. The first title in the series, Namco Museum Vol. 1, was released for the PlayStation in 1995. Entries in the series have been released for multiple platforms, including the Game Boy Advance, PlayStation 2, PlayStation Portable, Nintendo DS and Xbox 360. the latest being Namco Museum Archives Vol. 2, released in 2020.","https://media.retroachievements.org/Images/072246.png","https://media.retroachievements.org/Images/018291.png","https://media.retroachievements.org/Images/018834.png","https://media.retroachievements.org/Images/018835.png","4.2"
10394,"Ms. Pac-Man Maze Madness","Ms. Pac-Man Maze Madness is a 2000 maze video game developed and published by Namco Hometek for the PlayStation. It was later released for the Nintendo 64, Dreamcast, and Game Boy Advance. A remake of General Computer Corporation's Ms. Pac-Man (1982), players control the titular character in her quest to stop a witch named Mesmerelda from stealing the Gems of Virtue. The game was well-received upon release, with critics applauding its simplicity and faithfulness to the arcade original. A sequel was in development around 2006 but was cancelled for unknown reasons.","https://media.retroachievements.org/Images/065894.png","https://media.retroachievements.org/Images/065944.png","https://media.retroachievements.org/Images/024915.png","https://media.retroachievements.org/Images/024916.png","4.2"
12767,"~Hack~ Super Mario 64: Ocarina of Time","Mario Kart 64 is a 1996 kart racing game for the Nintendo 64 (N64). Developed and published by Nintendo, it is the second installment in the Mario Kart series after 1992's Super Mario Kart. The game retains the gameplay of its predecessor: the player, controlling a Mario franchise character, races opponents around tracks based on locales from the Super Mario platform games. Tracks contain obstacles to slow the player down and item boxes which give the player power-ups to aid in their progress. Mario Kart 64 contains different single-player and local multiplayer game modes, including a Grand Prix racing mode and a last man standing battle mode.","https://media.retroachievements.org/Images/112585.png","https://media.retroachievements.org/Images/042736.png","https://media.retroachievements.org/Images/016779.png","https://media.retroachievements.org/Images/016865.png","4.2"
10452,"Bio F.R.E.A.K.S.","Bio F.R.E.A.K.S. is a 3D fighting video game released by Midway in 1998. It was originally planned for arcades. Prototypes of the game were tested at arcades, but the final arcade release was canceled and the game was later released for the PlayStation, Nintendo 64 and Microsoft Windows.","https://media.retroachievements.org/Images/064331.png","https://media.retroachievements.org/Images/067721.png","https://media.retroachievements.org/Images/067720.png","https://media.retroachievements.org/Images/067719.png","4.2"
17700,"~Hack~ Mario Party 64","Mario Party is a 1998 party video game developed by Hudson Soft and published by Nintendo for the Nintendo 64. The game was targeted at a young audience. Mario creator Shigeru Miyamoto served as development supervisor. The game was released in Japan on December 18, 1998, North America on February 8, 1999, and in PAL regions on March 9, 1999. It received mostly positive critical reviews for its multiplayer mode, concept, and music; disapproval of its slow pacing; and mixed reviews of its graphics. It is the first installment in the Mario Party series and was followed by Mario Party 2 in 1999. The game received its first official re-release on the Nintendo Classics service in 2022. Content from this game was remastered as part of Mario Party: The Top 100 for the Nintendo 3DS, Mario Party Superstars and Super Mario Party Jamboree for the Nintendo Switch.","https://media.retroachievements.org/Images/044563.png","https://media.retroachievements.org/Images/045838.png","https://media.retroachievements.org/Images/044366.png","https://media.retroachievements.org/Images/044367.png","4.2"
10683,"Hybrid Heaven","Hybrid Heaven is a 1999 action role playing game developed by Konami Computer Entertainment Osaka and published by Konami for Nintendo 64. This game is most notable for its peculiar mix of genres: it has aspects of both role-playing video games and action-adventure games. It is also one of the few Nintendo 64 titles to support a widescreen mode.","https://media.retroachievements.org/Images/020806.png","https://media.retroachievements.org/Images/066798.png","https://media.retroachievements.org/Images/066799.png","https://media.retroachievements.org/Images/066865.png","4.2"
12732,"~Hack~ Super Mario 64: Sapphire","Nintendo has developed eight home video game consoles and multiple portable consoles for use with external media, as well as dedicated consoles and other hardware for their consoles. As of September 19, 2025, Nintendo has sold over 869.95 million hardware units.","https://media.retroachievements.org/Images/025042.png","https://media.retroachievements.org/Images/023484.png","https://media.retroachievements.org/Images/023485.png","https://media.retroachievements.org/Images/023486.png","4.2"
10646,"Scooby-Doo! Classic Creep Capers","Scooby-Doo! Classic Creep Capers is an adventure game published by THQ for the Nintendo 64 and Game Boy Color, based on the Hanna-Barbera cartoon Scooby-Doo, Where Are You!. The Nintendo 64 version, developed by Terraglyph Interactive Studios, was released in November 2000, while the Game Boy Color version was developed by Digital Eclipse Software, and released in February 2001. A PlayStation version, identical to the Nintendo 64 version, had been in development by Terraglyph Interactive Studios but was later cancelled.","https://media.retroachievements.org/Images/082474.png","https://media.retroachievements.org/Images/023155.png","https://media.retroachievements.org/Images/023156.png","https://media.retroachievements.org/Images/023157.png","4.2"
13831,"~Hack~ Super Mario Bros. 64","Super Mario 64 is a 1996 platform game developed and published by Nintendo for the Nintendo 64. It is the first Super Mario game to feature 3D gameplay, combining traditional Super Mario gameplay, visual style, and characters in a large open world. In the game, Bowser invades Princess Peach's castle, kidnaps her, and hides the castle's sources of protection, the Power Stars, in many different worlds inside magical paintings. As Mario, the player traverses levels and collects Power Stars to unlock areas of Princess Peach's castle, to reach Bowser and rescue Princess Peach.","https://media.retroachievements.org/Images/067928.png","https://media.retroachievements.org/Images/022410.png","https://media.retroachievements.org/Images/069194.png","https://media.retroachievements.org/Images/069125.png","4.2"
10172,"Tetrisphere","Tetrisphere is a puzzle video game developed by H2O Entertainment and published by Nintendo for the Nintendo 64. It was released in North America on August 11, 1997, and in PAL regions in February 1998. The game, originally titled Phear, was initially intended for release on the Atari Jaguar in early 1995 but was reworked into a Tetris game for the N64 after Nintendo, a licensee for The Tetris Company, obtained the publishing rights.","https://media.retroachievements.org/Images/060090.png","https://media.retroachievements.org/Images/052884.png","https://media.retroachievements.org/Images/052882.png","https://media.retroachievements.org/Images/052883.png","4.2"
33246,"~Hack~ BAZR","The Lega Calcio Serie A, commonly known as Lega Serie A, is the league that runs the major professional football competitions in Italy, most prominently the Serie A; the top division of Italian football.","https://media.retroachievements.org/Images/111634.png","https://media.retroachievements.org/Images/115414.png","https://media.retroachievements.org/Images/109782.png","https://media.retroachievements.org/Images/111545.png","4.2"
22000,"~Hack~ Chao Bandstand","La Femme Nikita is a Canadian action-drama television series based on the French film of the same name by Luc Besson. The series stars Peta Wilson as the titular character. It was co-produced by Jay Firestone of Fireworks Entertainment and Warner Bros. Domestic Television Distribution. It was created and adapted for television by Joel Surnow and Robert Cochran. The series was telecast in the United States on the USA Network cable channel on Monday, January 13, 1997 at 10pm, and ran for five seasons until March 4, 2001. The series was also aired in Canada on the over-the-air CTV Television Network. La Femme Nikita was the highest-rated drama on American basic cable during its first two seasons. It was also distributed in some other countries.","https://media.retroachievements.org/Images/066224.png","https://media.retroachievements.org/Images/066319.png","https://media.retroachievements.org/Images/066125.png","https://media.retroachievements.org/Images/066126.png","4.1"
23761,"~Hack~ The Legend of Zelda: The Sealed Palace","Nintendo is a Japanese multinational video game company headquartered in Kyoto. It develops, publishes, and manufactures both video games and video game consoles. The history of Nintendo began in 1889 when craftsman Fusajiro Yamauchi founded the company to produce handmade hanafuda playing cards. After venturing into various lines of business and becoming a public company, Nintendo began producing toys in the 1960s, and later video games.","https://media.retroachievements.org/Images/071750.png","https://media.retroachievements.org/Images/091011.png","https://media.retroachievements.org/Images/071723.png","https://media.retroachievements.org/Images/071724.png","4.1"
10614,"Shadowgate 64: Trials of the Four Towers","Shadowgate 64: Trials of the Four Towers, also known simply as Shadowgate 64, is a 1999 adventure game developed by TNS Co., Ltd. and Infinite Ventures and published by Kemco for Nintendo 64. It is a sequel to the original Shadowgate.","https://media.retroachievements.org/Images/037093.png","https://media.retroachievements.org/Images/033044.png","https://media.retroachievements.org/Images/033042.png","https://media.retroachievements.org/Images/033043.png","4.1"
10392,"South Park Rally","South Park Rally is a kart-style racing video game released in early 2000 based on the American animated sitcom South Park published by Acclaim Entertainment and released for the PlayStation, Microsoft Windows, Nintendo 64, and Dreamcast. Gameplay follows the player in a competitive racing championship set in the fictional town of South Park. Players are given the options for multiplayer, arcade, or championship modes, but only the championship unlocks extra features. Competition begins in South Park's 1st Rally, a circuit race around four checkpoints in the downtown area of South Park. Races get gradually more diverse, with more locations, racers, and elements added as the game progresses.","https://media.retroachievements.org/Images/071842.png","https://media.retroachievements.org/Images/016564.png","https://media.retroachievements.org/Images/016562.png","https://media.retroachievements.org/Images/016563.png","4.1"
10121,"Duke Nukem 64","Duke Nukem 3D is a 1996 first-person shooter game developed by 3D Realms and published by FormGen for MS-DOS. It is a sequel to the platform games Duke Nukem and Duke Nukem II, published by 3D Realms.","https://media.retroachievements.org/Images/020240.png","https://media.retroachievements.org/Images/098495.png","https://media.retroachievements.org/Images/010775.png","https://media.retroachievements.org/Images/010895.png","4.1"
17367,"~Hack~ Roblox 64","The video game industry in the United States is one of the fastest-growing entertainment industries in the country. The American video game industry is the largest video game industry in the world. According to a 2020 study released by the Entertainment Software Association (ESA), the yearly economic output of the American video game industry in 2019 was $90.3 billion, supporting over 429,000 American jobs. With an average yearly salary of about $121,000, the latter figure includes over 143,000 individuals who are directly employed by the video game business. Additionally, activities connected to the video game business generate $12.6 billion in federal, state, and local taxes each year. The World Economic Forum estimates that, by 2025, the American gaming industry will reach $42.3 billion while the worldwide gaming industry will possibly reach US$270 billion. The United States is one of the nations with the largest influence in the video game industry, with video games representing a significant part of its economy.","https://media.retroachievements.org/Images/041148.png","https://media.retroachievements.org/Images/051326.png","https://media.retroachievements.org/Images/041142.png","https://media.retroachievements.org/Images/041147.png","4.1"
25613,"~Hack~ SM64: Beyond the Cursed Mirror","","https://media.retroachievements.org/Images/081966.png","https://media.retroachievements.org/Images/084189.png","https://media.retroachievements.org/Images/084190.png","https://media.retroachievements.org/Images/084191.png","4.1"
17812,"~Hack~ Mario and the Mystic Purple Stars","The following is a comprehensive index of all games released in 2025, sorted chronologically by release date, and divided by quarter. Information regarding developer, publisher, operating system, genre and type of release is provided where available","https://media.retroachievements.org/Images/048694.png","https://media.retroachievements.org/Images/056054.png","https://media.retroachievements.org/Images/048727.png","https://media.retroachievements.org/Images/045451.png","4.1"
19551,"~Hack~ Super Mario 64: Through the Ages","Super Mario 64 is a 1996 platform game developed and published by Nintendo for the Nintendo 64. It is the first Super Mario game to feature 3D gameplay, combining traditional Super Mario gameplay, visual style, and characters in a large open world. In the game, Bowser invades Princess Peach's castle, kidnaps her, and hides the castle's sources of protection, the Power Stars, in many different worlds inside magical paintings. As Mario, the player traverses levels and collects Power Stars to unlock areas of Princess Peach's castle, to reach Bowser and rescue Princess Peach.","https://media.retroachievements.org/Images/104561.png","https://media.retroachievements.org/Images/059039.png","https://media.retroachievements.org/Images/057647.png","https://media.retroachievements.org/Images/057646.png","4.1"
10607,"Chameleon Twist","Chameleon Twist is a 1997 video game developed by Japan System Supply, published by Japan System Supply in Japan, and published by Sunsoft in North America and Europe for the Nintendo 64.","https://media.retroachievements.org/Images/029672.png","https://media.retroachievements.org/Images/015027.png","https://media.retroachievements.org/Images/015028.png","https://media.retroachievements.org/Images/015058.png","4.1"
10530,"WCW vs. nWo: World Tour","WCW vs. nWo: World Tour is a professional wrestling video game released in 1997 for the Nintendo 64 game console. Released at the peak of World Championship Wrestling's (WCW) dominance in the Monday Night War, World Tour was THQ's first foray into the N64 wrestling scene and is a semi-sequel to the lesser known WCW vs. the World for the PlayStation. It is the second best-selling wrestling game for the N64 console.","https://media.retroachievements.org/Images/015111.png","https://media.retroachievements.org/Images/015110.png","https://media.retroachievements.org/Images/015068.png","https://media.retroachievements.org/Images/044134.png","4.1"
10627,"South Park: Chef's Luv Shack","South Park: Chef's Luv Shack is a 2D game show-style party video game and is a sequel to the 1998 video game South Park, itself based on the American animated sitcom of the same name. Developed by Acclaim Studios Austin and published by Acclaim Entertainment, it was released in 1999 for the Dreamcast, Microsoft Windows, PlayStation and Nintendo 64. Its gameplay involves minigames and the ability to play against other players in a challenge for the most points. It also involves trivia questions about South Park and other topics.","https://media.retroachievements.org/Images/071670.png","https://media.retroachievements.org/Images/057196.png","https://media.retroachievements.org/Images/057194.png","https://media.retroachievements.org/Images/057195.png","4.1"
10171,"Tetris 64","Tetris 64 is a 1998 puzzle video game developed by Amtex and published by SETA for the Nintendo 64. Released exclusively in Japan, it came packaged with the ""Bio Sensor"", a unique accessory which alters the gameplay based on the player's heart rate.","https://media.retroachievements.org/Images/098365.png","https://media.retroachievements.org/Images/025506.png","https://media.retroachievements.org/Images/025503.png","https://media.retroachievements.org/Images/025504.png","4.1"
14447,"~Hack~ Super Mario 64: The Green Comet","Paper Mario is a video game series and part of the Mario franchise, developed by Intelligent Systems and published by Nintendo. It combines elements from the role-playing, action-adventure, and puzzle genres. Players control a paper cutout version of Mario, usually with allies, on a quest to defeat the antagonist. The series consists of six games and one spin-off; the first, Paper Mario (2000), was released for the Nintendo 64, and the most recent, a 2024 remake of 2004's Paper Mario: The Thousand-Year Door, for the Nintendo Switch.","https://media.retroachievements.org/Images/047936.png","https://media.retroachievements.org/Images/047671.png","https://media.retroachievements.org/Images/047627.png","https://media.retroachievements.org/Images/047629.png","4.1"
13113,"Puyo Puyo Sun 64","Puyo Puyo Sun  is the third installment of the Puyo Puyo series, and the sequel to Puyo Puyo 2, made in 1996 by Compile. After the highly acclaimed success of its predecessor, Compile took a slightly more retro approach, so players had a more original feel to the game over that of 2.","https://media.retroachievements.org/Images/121321.png","https://media.retroachievements.org/Images/056034.png","https://media.retroachievements.org/Images/018984.png","https://media.retroachievements.org/Images/018985.png","4.1"
11647,"~Hack~ Super Mario 64: The Green Stars","Super Mario 64 is a 1996 platform game developed and published by Nintendo for the Nintendo 64. It is the first Super Mario game to feature 3D gameplay, combining traditional Super Mario gameplay, visual style, and characters in a large open world. In the game, Bowser invades Princess Peach's castle, kidnaps her, and hides the castle's sources of protection, the Power Stars, in many different worlds inside magical paintings. As Mario, the player traverses levels and collects Power Stars to unlock areas of Princess Peach's castle, to reach Bowser and rescue Princess Peach.","https://media.retroachievements.org/Images/052022.png","https://media.retroachievements.org/Images/026852.png","https://media.retroachievements.org/Images/023255.png","https://media.retroachievements.org/Images/023256.png","4.1"
10127,"Duke Nukem: Zero Hour","Duke Nukem: Zero Hour is a 1999 third-person shooter game in the Duke Nukem series, developed by Eurocom and published by GT Interactive for the Nintendo 64. The game uses a relatively large 32 megabyte cartridge and can also use the Expansion Pak to improve graphics, though this slows down the frame rate. It features a 4-player split-screen multiplayer mode that uses a first-person view.","https://media.retroachievements.org/Images/066261.png","https://media.retroachievements.org/Images/011039.png","https://media.retroachievements.org/Images/011035.png","https://media.retroachievements.org/Images/068219.png","4.1"
10223,"Gex 3: Deep Cover Gecko","Gex 3: Deep Cover Gecko is a 1999 platform game developed by Crystal Dynamics and published by Eidos Interactive for the PlayStation. It is part of the Gex video game series, and was released in 1999, followed by ports for the Nintendo 64. Its protagonist, Gex, is a wisecracking, pop culture enthusiast voiced by Danny John-Jules in the UK and European releases and comedian Dana Gould, reprising his role from former Gex games, for the American release. The gameplay is set in Gex's secret hideout, Mission Control a overworld, which is overseen by Gex's butler, Alfred the Turtle. Playboy model Marliece Andrada plays Gex's kidnapped companion, Agent Xtra, the only live-action character, who is featured in brief full-motion video sequences on the PlayStation version. The plot follows Gex's return to the Media Dimension to rescue Agent Xtra from Rez, Gex's arch-nemesis from the previous games.","https://media.retroachievements.org/Images/109678.png","https://media.retroachievements.org/Images/014508.png","https://media.retroachievements.org/Images/010964.png","https://media.retroachievements.org/Images/010962.png","4.1"
25610,"~Hack~ Paper Mario: TTYD64","","https://media.retroachievements.org/Images/083844.png","https://media.retroachievements.org/Images/085911.png","https://media.retroachievements.org/Images/085912.png","https://media.retroachievements.org/Images/085913.png","4.1"
22459,"~Hack~ The Quest For Milk 64","Conker's Bad Fur Day is a 2001 platform game developed by Rare and published by Rare in North America and by THQ in Europe for the Nintendo 64. The game follows Conker, a greedy, hard-drinking red squirrel who must return home to his girlfriend, Berri, after an evening of heavily drinking at the local pub. Most of the game requires the player to complete a linear sequence of challenges that involve jumping over obstacles, solving puzzles, and fighting enemies. A multiplayer mode in which up to four players can compete against each other in seven different game types is also included. It is the second installment in the Conker series, after Conker's Pocket Tales (1999).","https://media.retroachievements.org/Images/114410.png","https://media.retroachievements.org/Images/068397.png","https://media.retroachievements.org/Images/068394.png","https://media.retroachievements.org/Images/068396.png","4.1"
29843,"~Hack~ The Legend of Zelda: Ultimate Trial","Link is a character and the protagonist of Nintendo's video game franchise The Legend of Zelda. He was created by Japanese video game designer Shigeru Miyamoto. Link was introduced as the hero of the original The Legend of Zelda video game in 1986 and has appeared in a total of 21 entries in the series, as well as a number of spin-offs. Common elements in the series include Link travelling through Hyrule whilst exploring dungeons, battling creatures, and solving puzzles until he eventually defeats the series' primary antagonist, Ganon, and saves Princess Zelda.","https://media.retroachievements.org/Images/097877.png","https://media.retroachievements.org/Images/000002.png","https://media.retroachievements.org/Images/097736.png","https://media.retroachievements.org/Images/097786.png","4.1"
10587,"Monopoly","A monopoly is a market in which one person or company is the only supplier of a particular good or service. A monopoly is characterized by a lack of economic competition to produce a particular thing, a lack of viable substitute goods, and the possibility of a high monopoly price well above the seller's marginal cost that leads to a high monopoly profit. The verb monopolise or monopolize refers to the process by which a company gains the ability to raise prices or exclude competitors. In economics, a monopoly is a single seller. In law, a monopoly is a business entity that has significant market power, that is, the power to charge overly high prices, which is associated with unfair price raises. Although monopolies may be big businesses, size is not a characteristic of a monopoly. A small business may still have the power to raise prices in a small industry.","https://media.retroachievements.org/Images/078339.png","https://media.retroachievements.org/Images/017514.png","https://media.retroachievements.org/Images/017515.png","https://media.retroachievements.org/Images/017517.png","4.1"
27401,"~Homebrew~ Portal 64","Mario Kart 64 is a 1996 kart racing game for the Nintendo 64 (N64). Developed and published by Nintendo, it is the second installment in the Mario Kart series after 1992's Super Mario Kart. The game retains the gameplay of its predecessor: the player, controlling a Mario franchise character, races opponents around tracks based on locales from the Super Mario platform games. Tracks contain obstacles to slow the player down and item boxes which give the player power-ups to aid in their progress. Mario Kart 64 contains different single-player and local multiplayer game modes, including a Grand Prix racing mode and a last man standing battle mode.","https://media.retroachievements.org/Images/109991.png","https://media.retroachievements.org/Images/086166.png","https://media.retroachievements.org/Images/086164.png","https://media.retroachievements.org/Images/086165.png","4.1"
17507,"~Hack~ Kirby 64: Whispy's Trials","","https://media.retroachievements.org/Images/124333.png","https://media.retroachievements.org/Images/113748.png","https://media.retroachievements.org/Images/052714.png","https://media.retroachievements.org/Images/098039.png","4.1"
10255,"Shadow Man","Shadow Man is a 1999 action-adventure video game developed by Acclaim Studios Teesside and published by Acclaim Entertainment. It is based on the Shadow Man comic book series published by Valiant Comics. The game was released for Nintendo 64, Microsoft Windows, and PlayStation on August 31, 1999, with a Dreamcast version following on December 1.","https://media.retroachievements.org/Images/055462.png","https://media.retroachievements.org/Images/012742.png","https://media.retroachievements.org/Images/012746.png","https://media.retroachievements.org/Images/012747.png","4.1"
27596,"~Hack~ Wario's Hint Art","Wario Land 3, known in Japan as Wario Land 3: Mysterious Music Box, is a 2000 platform game developed by Nintendo R&D1 and published by Nintendo for the Game Boy Color. The game's plot centers around Wario who must free a mysterious figure who is trapped inside a music box. The game was released in Japan on March 21, 2000, Europe on April 14, 2000, and North America on May 30, 2000.","https://media.retroachievements.org/Images/106495.png","https://media.retroachievements.org/Images/106190.png","https://media.retroachievements.org/Images/100000.png","https://media.retroachievements.org/Images/100001.png","4.1"
10429,"Fighters Destiny","Fighters Destiny, known in Japan as Fighting Cup, is a 1998 video game developed by Genki alongside Opus Corp and Anchor Inc for the Nintendo 64. It closely models the 3D fighting game standards of the time but integrates a unique point scoring system. The game's generic characters and unoriginal presentation have been panned by critics, but reviewers praised its point system and consider it to be one of the best fighting games on the Nintendo 64. It was followed by a sequel, Fighter Destiny 2, released in 2000.","https://media.retroachievements.org/Images/120787.png","https://media.retroachievements.org/Images/066556.png","https://media.retroachievements.org/Images/080486.png","https://media.retroachievements.org/Images/080487.png","4.1"
34305,"~Hack~ Mario Breaks EVERY BONE IN HIS BODY","The 1990s was the third decade in the industry's history. It was a decade of marked innovation in video gaming. It was a decade of transition from sprite-based graphics to full-fledged 3D graphics and it gave rise to several genres of video games including, but not limited to, the first-person shooter, real-time strategy, survival horror, and MMO. Arcade games, although still very popular in the early 1990s, began to decline as home consoles became more common. The fourth, fifth and sixth generation of video game consoles went on sale, including the Sega Genesis, Super Nintendo, Sega Saturn, PlayStation, Nintendo 64, Game Boy Color and the Sega Dreamcast. Notable games released in the 1990s included Super Mario World, Sonic the Hedgehog, Street Fighter II, Mortal Kombat, Doom, Wolfenstein 3D, Quake, Final Fantasy VII, Half-Life, Super Mario 64, Pokémon Red, Blue, and Yellow, GoldenEye 007, The Legend of Zelda: Ocarina of Time, Super Metroid, Castlevania: Symphony of the Night, Metal Gear Solid, Resident Evil, StarCraft, Tomb Raider, Gran Turismo, Super Mario Kart, Crash Bandicoot, Spyro the Dragon, Tony Hawk's Pro Skater, Age of Empires, Civilization, Myst, and Soulcalibur.","https://media.retroachievements.org/Images/115448.png","https://media.retroachievements.org/Images/115453.png","https://media.retroachievements.org/Images/115450.png","https://media.retroachievements.org/Images/115451.png","4.1"
10330,"Bomberman 64: The Second Attack!","Bomberman 64: The Second Attack! is a 1999 action video game, the sequel to 1997's Bomberman 64.","https://media.retroachievements.org/Images/111878.png","https://media.retroachievements.org/Images/111789.png","https://media.retroachievements.org/Images/036034.png","https://media.retroachievements.org/Images/036033.png","4.1"
10517,"Top Gear Rally","Top Gear Rally is a 1997 racing video game developed by Boss Game Studios and released for the Nintendo 64. A follow-up to Kemco's original Top Gear game, it features a championship mode where a single player must complete six seasons of two to four races, as well as a multiplayer mode where two players may compete against each other via a split-screen display. The game's tracks combine both road and off-road surfaces and can be played in different weather conditions, including night, fog, rain, and snow. Players may customize their car with different tire grips and adjust its suspension stiffness and steering sensitivity. An option that allows players to custom paint their cars is also included.","https://media.retroachievements.org/Images/055460.png","https://media.retroachievements.org/Images/017964.png","https://media.retroachievements.org/Images/017965.png","https://media.retroachievements.org/Images/017963.png","4.1"
10486,"Mission: Impossible","Mission: Impossible is an American multimedia franchise based on a fictional secret espionage agency known as the Impossible Missions Force (IMF). The 1966 TV series ran for seven seasons and was revived in 1988 for two seasons. It inspired a series of theatrical motion pictures starring Tom Cruise beginning in 1996.","https://media.retroachievements.org/Images/077322.png","https://media.retroachievements.org/Images/046537.png","https://media.retroachievements.org/Images/034941.png","https://media.retroachievements.org/Images/034939.png","4.1"
10515,"Tom and Jerry in Fists of Furry","Tom and Jerry in Fists of Furry is a fighting video game for the Nintendo 64 and Microsoft Windows. It was developed by VIS Interactive and published by NewKidCo on November 12, 2000. It is based on the animated short film series of Tom and Jerry.","https://media.retroachievements.org/Images/026284.png","https://media.retroachievements.org/Images/018274.png","https://media.retroachievements.org/Images/026283.png","https://media.retroachievements.org/Images/018273.png","4.1"
14486,"~Hack~ Zelda 64: Dawn & Dusk","Nintendo is a Japanese multinational video game company headquartered in Kyoto. It develops, publishes, and manufactures both video games and video game consoles. The history of Nintendo began in 1889 when craftsman Fusajiro Yamauchi founded the company to produce handmade hanafuda playing cards. After venturing into various lines of business and becoming a public company, Nintendo began producing toys in the 1960s, and later video games.","https://media.retroachievements.org/Images/050121.png","https://media.retroachievements.org/Images/049481.png","https://media.retroachievements.org/Images/027005.png","https://media.retroachievements.org/Images/027004.png","4.1"
18183,"~Hack~ The Legend of Zelda: Ocarina of Time - Spaceworld '97 BETA Experience","The 64DD is a peripheral developed by Nintendo to expand the capabilities of the Nintendo 64 with rewritable magnetic disks and online connectivity. Announced in 1995 before the Nintendo 64's 1996 launch, it faced multiple delays before its release in Japan on December 11, 1999. The ""64"" references both the Nintendo 64 console and the 64 MB storage capacity of the disks, while ""DD"" stands for ""disk drive"" or ""dynamic drive"". Despite its innovative features, it struggled to gain traction and was discontinued after a short-lived run in Japan.","https://media.retroachievements.org/Images/050300.png","https://media.retroachievements.org/Images/050291.png","https://media.retroachievements.org/Images/050293.png","https://media.retroachievements.org/Images/050299.png","4.1"
10149,"Army Men: Sarge's Heroes 2","Army Men: Sarge's Heroes 2 is a 2000 third-person shooter video game developed and published by The 3DO Company for the Nintendo 64, Game Boy Color, PlayStation, and PlayStation 2. The game is a direct sequel to Army Men: Sarge's Heroes (1999). Unlike the previous game which was more dark in tone, this game has more of a lighthearted storyline.","https://media.retroachievements.org/Images/100395.png","https://media.retroachievements.org/Images/010749.png","https://media.retroachievements.org/Images/034959.png","https://media.retroachievements.org/Images/079537.png","4.1"
22554,"~Hack~ Mario Aimlessly Drives a Car Around the City 64","Donald Miller was an American serial killer who murdered one woman and later four gay men in Los Angeles County, California, from 1977 to 1981. He was convicted and sentenced to death for four of these killings in 1983, but died awaiting execution in 2005.","https://media.retroachievements.org/Images/068443.png","https://media.retroachievements.org/Images/104871.png","https://media.retroachievements.org/Images/069036.png","https://media.retroachievements.org/Images/069035.png","4.1"
17857,"~Hack~ Star Revenge 0: Galaxy of Origins","Star Wars: Rogue Squadron or Star Wars: Rogue Squadron 3D is an arcade-style flight action game co-developed by Factor 5 and LucasArts. The first of the Rogue Squadron trilogy, it was published by LucasArts and Nintendo and released for Microsoft Windows and Nintendo 64 in December 1998. The game's story was influenced by the Star Wars: X-wing – Rogue Squadron comics and is set in the fictional Star Wars galaxy, taking place primarily between events in the films Star Wars and The Empire Strikes Back. The player controls Luke Skywalker, commander of the elite X-wing pilots known as Rogue Squadron. As the game progresses, Skywalker and Rogue Squadron fight the Galactic Empire in 16 missions across various planets.","https://media.retroachievements.org/Images/083814.png","https://media.retroachievements.org/Images/062871.png","https://media.retroachievements.org/Images/062869.png","https://media.retroachievements.org/Images/062870.png","4.1"
10333,"San Francisco Rush 2049","San Francisco Rush 2049 is a 1999 racing video game developed and manufactured by Atari Games for arcades, later ported to home systems. It is the third game in the Rush series as the sequel to San Francisco Rush: Extreme Racing and Rush 2: Extreme Racing USA as well as the last to be set in the city of San Francisco. An updated version with fixes and more tracks was later released subtitled Tournament Edition.","https://media.retroachievements.org/Images/064758.png","https://media.retroachievements.org/Images/044716.png","https://media.retroachievements.org/Images/044718.png","https://media.retroachievements.org/Images/044717.png","4.1"
14664,"~Hack~ Super Mario and the Cursed Castles","Paper Mario is a video game series and part of the Mario franchise, developed by Intelligent Systems and published by Nintendo. It combines elements from the role-playing, action-adventure, and puzzle genres. Players control a paper cutout version of Mario, usually with allies, on a quest to defeat the antagonist. The series consists of six games and one spin-off; the first, Paper Mario (2000), was released for the Nintendo 64, and the most recent, a 2024 remake of 2004's Paper Mario: The Thousand-Year Door, for the Nintendo Switch.","https://media.retroachievements.org/Images/027589.png","https://media.retroachievements.org/Images/027590.png","https://media.retroachievements.org/Images/027539.png","https://media.retroachievements.org/Images/027541.png","4.1"
19486,"~Hack~ Banjo-Kazooie: Gruntilda's Mask","Banjo-Kazooie is a 1998 platform game developed by Rare and published by Nintendo for the Nintendo 64. Controlling the player characters, the bear Banjo and the bird Kazooie, the player attempts to save Banjo's kidnapped sister Tooty from the witch Gruntilda. The player explores nine nonlinear worlds to gather items and progress. Using Banjo and Kazooie's traversal and combat abilities, they complete challenges such as solving puzzles, jumping over obstacles, and defeating bosses.","https://media.retroachievements.org/Images/061483.png","https://media.retroachievements.org/Images/061480.png","https://media.retroachievements.org/Images/061484.png","https://media.retroachievements.org/Images/061485.png","4.1"
10087,"Rampage: World Tour","Rampage World Tour is a 1997 action video game developed by Game Refuge and published by Midway Games for arcades. It is the sequel to 1986's Rampage, and was designed by Brian Colin and Jeff Nauman, who designed the original game. Ports were released for the PlayStation, Sega Saturn, Nintendo 64, Game Boy Color, and Microsoft Windows. It was re-released on Midway Arcade Treasures 2 and included in Rampage: Total Destruction.","https://media.retroachievements.org/Images/072387.png","https://media.retroachievements.org/Images/010671.png","https://media.retroachievements.org/Images/010668.png","https://media.retroachievements.org/Images/010669.png","4.1"
16509,"~Hack~ The Legend of Zelda: Master of Time","The Legend of Zelda: Ocarina of Time is a 1998 action-adventure game developed and published by Nintendo for the Nintendo 64. It was the first Legend of Zelda game with 3D graphics. It was released in Japan and North America in November 1998 and in PAL regions the following month.","https://media.retroachievements.org/Images/040364.png","https://media.retroachievements.org/Images/036149.png","https://media.retroachievements.org/Images/040363.png","https://media.retroachievements.org/Images/040365.png","4.1"
10532,"Wipeout 64","Wipeout 64 is a 1998 racing video game developed by Psygnosis and published by Midway Games for the Nintendo 64. It is the third game in the Wipeout series and remains the only one published on a Nintendo console. At the time of the game's release, developer Psygnosis had been owned for five years by Sony Computer Entertainment, for whose hardware all subsequent Wipeout games have been released exclusively.","https://media.retroachievements.org/Images/052007.png","https://media.retroachievements.org/Images/018263.png","https://media.retroachievements.org/Images/052005.png","https://media.retroachievements.org/Images/052006.png","4.1"
23760,"~Hack~ The Magical Lands","Glover is a 1998 puzzle-platformer developed by Interactive Studios and published by Hasbro Interactive for the Nintendo 64 and Windows in 1998, and for the PlayStation in 1999. The game follows a magical, four-fingered glove named Glover in his quest to restore the Crystal Kingdom by retrieving crystals that were lost.","https://media.retroachievements.org/Images/071887.png","https://media.retroachievements.org/Images/071121.png","https://media.retroachievements.org/Images/071153.png","https://media.retroachievements.org/Images/071154.png","4.1"
10926,"Mortal Kombat Mythologies: Sub-Zero","Mortal Kombat Mythologies: Sub-Zero is a 1997 action-adventure game developed and published by Midway for the PlayStation and Nintendo 64. A spin-off of the Mortal Kombat franchise, it is the first installment not to be a fighting game. Set before the first game in the series, it follows Bi-Han, the elder Sub-Zero, in his quest to find Shinnok's amulet. It also serves as a prequel to Mortal Kombat 4, which was released the same year, introducing characters and story elements that would be used by the fourth main installment. Mythologies is the final game in the series to use digitized actors.","https://media.retroachievements.org/Images/036553.png","https://media.retroachievements.org/Images/037889.png","https://media.retroachievements.org/Images/037890.png","https://media.retroachievements.org/Images/038037.png","4.1"
10360,"San Francisco Rush: Extreme Racing","San Francisco Rush: Extreme Racing is a 1996 racing video game developed and published by Atari Games for arcades. It was ported to home consoles under the Midway label, beginning with the Nintendo 64 in 1997 and the PlayStation and Windows in 1998. An updated version named San Francisco Rush The Rock: Alcatraz Edition was released with more tracks and cars. It was a critical and commercial hit, and became the first in the Rush series, followed by San Francisco Rush 2049 (1999), bounded by the non-arcade Rush 2: Extreme Racing USA (1998).","https://media.retroachievements.org/Images/023348.png","https://media.retroachievements.org/Images/023345.png","https://media.retroachievements.org/Images/023346.png","https://media.retroachievements.org/Images/023347.png","4.1"
25317,"~Hack~ Only Up! 64","WWF WrestleMania 2000 is a professional wrestling video game released in 1999 on the Nintendo 64 (N64) console. It was based on the World Wrestling Federation's annual pay-per-view, WrestleMania. Despite the fact that this game is based upon WrestleMania 2000, the game was released five months prior to the actual PPV itself, therefore resulting in the game using the stage design from the 1999 event, WrestleMania XV, instead. Released at the height of the WWF's Attitude Era, WrestleMania 2000 was the first WWF game released by THQ. The WWF ended its long relationship with Acclaim Entertainment after witnessing the video game success of its competitor, World Championship Wrestling (WCW), on behalf of THQ. WrestleMania 2000 shares its game engine with the Japan-only release Virtual Pro Wrestling 2: Ōdō Keishō.","https://media.retroachievements.org/Images/079526.png","https://media.retroachievements.org/Images/000002.png","https://media.retroachievements.org/Images/079523.png","https://media.retroachievements.org/Images/079524.png","4.1"
17468,"~Hack~ Mario's Vacation Course","Super Mario is a platform game series developed and published by Nintendo and starring their mascot, Mario. The series was created by Japanese game designer Shigeru Miyamoto and is the flagship series of the greater Mario franchise. At least one Super Mario game has been released for every major Nintendo video game console. A limited number of Super Mario games have also released on non-Nintendo gaming platforms.","https://media.retroachievements.org/Images/074071.png","https://media.retroachievements.org/Images/000002.png","https://media.retroachievements.org/Images/071199.png","https://media.retroachievements.org/Images/071200.png","4.1"
10307,"Space Station Silicon Valley","Space Station Silicon Valley is a platform video game developed by DMA Design and published by Take-Two Interactive. It was originally released for the Nintendo 64 in October 1998. An adaptation of the game for Game Boy Color was developed by Tarantula Studios and released in 1999. A PlayStation port, developed by Runecraft, was released in 2000, under the name Evo's Space Adventures. Players control Evo, a robot reduced to a crawling microchip after a ship crash, and are tasked with taking control of animals to solve puzzles and defeat enemies.","https://media.retroachievements.org/Images/113172.png","https://media.retroachievements.org/Images/066072.png","https://media.retroachievements.org/Images/011372.png","https://media.retroachievements.org/Images/011371.png","4.1"
20051,"~Hack~ Gourmet Guy's 1000 IQ Food Quiz","   The Japanese children's manga series Doraemon was written and illustrated by Fujiko F. Fujio. In December 1969, it was serialized in various children's manga magazines published by Shogakukan.","https://media.retroachievements.org/Images/059727.png","https://media.retroachievements.org/Images/059733.png","https://media.retroachievements.org/Images/059730.png","https://media.retroachievements.org/Images/059732.png","4.1"
10265,"Body Harvest","Body Harvest is a 1998 action-adventure video game developed by DMA Design and published by Gremlin Interactive for the Nintendo 64. It was intended to be a launch title for the system, but was delayed due to its original publisher, Nintendo, having issues with the game's violent themes; they eventually dropped the game, leaving DMA to find a new publisher. Gremlin would later acquire the rights to the game and released it in Europe, while Midway Games released it in North America.","https://media.retroachievements.org/Images/051739.png","https://media.retroachievements.org/Images/011091.png","https://media.retroachievements.org/Images/011089.png","https://media.retroachievements.org/Images/011090.png","4.1"
10473,"Killer Instinct Gold","Killer Instinct Gold is a 1996 fighting game developed by Rare and published by Nintendo for the Nintendo 64. It is based on the arcade game Killer Instinct 2. Players control characters who fight on a 2D plane set against a 3D background. Players press buttons to punch and kick their opponent in chains of successive hits, known as combos. Large combo successions lead to stronger attacks and brutal, stylistic finisher moves underscored by an announcer. Characters—including a gargoyle, a ninja, and a femme fatale—fight in settings such as a jungle and a spaceship. Killer Instinct Gold includes the arcade release's characters, combos, and 3D, pre-rendered environments, but excludes its full-motion video sequences and some voice-overs due to restrictions of the cartridge media format. The Gold release adds a training mode, camera views, and improved audiovisuals.","https://media.retroachievements.org/Images/073831.png","https://media.retroachievements.org/Images/080754.png","https://media.retroachievements.org/Images/017261.png","https://media.retroachievements.org/Images/017262.png","4.1"
14695,"~Hack~ ~Demo~ The Legend of Peach","Princess Peach is a character in Nintendo's Mario franchise. She was created by Shigeru Miyamoto and introduced in the 1985 original Super Mario Bros. game as Princess Toadstool. She is the princess regnant and head of state of the Mushroom Kingdom, where she resides in her castle along with Toads. Since her debut, she has appeared in the majority of Mario video games as the main female character and the romantic interest of Mario.","https://media.retroachievements.org/Images/116456.png","https://media.retroachievements.org/Images/111396.png","https://media.retroachievements.org/Images/111399.png","https://media.retroachievements.org/Images/111400.png","4.1"
19490,"~Hack~ Banjo-Kazooie: How the Gruntch Stole Christmas","","https://media.retroachievements.org/Images/087092.png","https://media.retroachievements.org/Images/087061.png","https://media.retroachievements.org/Images/087058.png","https://media.retroachievements.org/Images/087063.png","4.1"
16760,"~Hack~ Another Mario Adventure","Paper Mario is a 2000 role-playing video game developed by Intelligent Systems and published by Nintendo for the Nintendo 64 home video game console. Paper Mario is the first game in the Paper Mario series. First released in Japan in 2000 and then internationally in 2001, Paper Mario was later re-released for Nintendo's Wii Virtual Console in July 2007, the Wii U Virtual Console in April 2015, and the Nintendo Classics service on December 10, 2021.","https://media.retroachievements.org/Images/060684.png","https://media.retroachievements.org/Images/060566.png","https://media.retroachievements.org/Images/060540.png","https://media.retroachievements.org/Images/060541.png","4.1"
14036,"~Hack~ Star Revenge 1: Star Takeover","This is a list of video games considered controversial. The list includes games that have earned controversies for violence, sexual content, racism, and review bombing from fans. Some of the video games on this list have been banned or regionally censored.","https://media.retroachievements.org/Images/078809.png","https://media.retroachievements.org/Images/024306.png","https://media.retroachievements.org/Images/023627.png","https://media.retroachievements.org/Images/023709.png","4.1"
14331,"~Hack~ Super Mario Fallen Stars","Super Mario is a platform game series developed and published by Nintendo and starring their mascot, Mario. The series was created by Japanese game designer Shigeru Miyamoto and is the flagship series of the greater Mario franchise. At least one Super Mario game has been released for every major Nintendo video game console. A limited number of Super Mario games have also released on non-Nintendo gaming platforms.","https://media.retroachievements.org/Images/025176.png","https://media.retroachievements.org/Images/025005.png","https://media.retroachievements.org/Images/025000.png","https://media.retroachievements.org/Images/025002.png","4.1"
10520,"Turok 2: Seeds of Evil","Turok 2: Seeds of Evil is a first-person shooter video game developed by Iguana Entertainment and published by Acclaim Entertainment. It was released for the Nintendo 64 console in 1998 and ported to Microsoft Windows computers in 1999. Seeds of Evil is the second game in the Turok video game series and a sequel to Turok: Dinosaur Hunter. The game follows the story of a Turok and his efforts to stop a powerful alien entity from escaping the confines of his Lightship. A different game set in the same fictional universe, also titled Turok 2: Seeds of Evil, was released for the Game Boy Color alongside the Nintendo 64 game.","https://media.retroachievements.org/Images/015809.png","https://media.retroachievements.org/Images/015806.png","https://media.retroachievements.org/Images/015807.png","https://media.retroachievements.org/Images/015808.png","4"
34006,"~Hack~ Hero of Law","The Legend of Zelda is a video game series created by Japanese game designers Shigeru Miyamoto and Takashi Tezuka. It is primarily developed and published by Nintendo, but some installments and re-releases have been outsourced to Flagship, Grezzo, and Tantalus Media.","https://media.retroachievements.org/Images/115365.png","https://media.retroachievements.org/Images/115407.png","https://media.retroachievements.org/Images/115041.png","https://media.retroachievements.org/Images/115283.png","4"
30717,"~Hack~ The Legend of Zelda: Time Lost","The Legend of Zelda: Ocarina of Time is a 1998 action-adventure game developed and published by Nintendo for the Nintendo 64. It was the first Legend of Zelda game with 3D graphics. It was released in Japan and North America in November 1998 and in PAL regions the following month.","https://media.retroachievements.org/Images/101484.png","https://media.retroachievements.org/Images/106009.png","https://media.retroachievements.org/Images/101289.png","https://media.retroachievements.org/Images/101475.png","4"
20029,"~Hack~ Cooking Princess","Homebrew is a term for software produced by hobbyists for proprietary video game consoles, which are not intended to be user-programmable.","https://media.retroachievements.org/Images/060611.png","https://media.retroachievements.org/Images/060612.png","https://media.retroachievements.org/Images/059905.png","https://media.retroachievements.org/Images/059906.png","4"
10165,"Indiana Jones and the Infernal Machine","Indiana Jones and the Infernal Machine is a 1999 action-adventure video game developed and published by LucasArts. The first 3D installment in the series, its gameplay focuses on solving puzzles, fighting enemies, and completing various platforming sections. The story is set in 1947, after the events of Indiana Jones and the Iron Phoenix, and puts the eponymous protagonist, the adventurer Indiana Jones, against the Soviet Union. In a race for a mythological Babylonian power source, he joins forces with the Central Intelligence Agency and collects four pieces of the Infernal Machine, an ancient device that allegedly opens a portal to another dimension.","https://media.retroachievements.org/Images/099146.png","https://media.retroachievements.org/Images/023930.png","https://media.retroachievements.org/Images/099144.png","https://media.retroachievements.org/Images/099145.png","4"
14663,"~Hack~ Super Mario 64: Peach's Memory","Super Mario 64 is a 1996 platform game developed and published by Nintendo for the Nintendo 64. It is the first Super Mario game to feature 3D gameplay, combining traditional Super Mario gameplay, visual style, and characters in a large open world. In the game, Bowser invades Princess Peach's castle, kidnaps her, and hides the castle's sources of protection, the Power Stars, in many different worlds inside magical paintings. As Mario, the player traverses levels and collects Power Stars to unlock areas of Princess Peach's castle, to reach Bowser and rescue Princess Peach.","https://media.retroachievements.org/Images/027669.png","https://media.retroachievements.org/Images/027670.png","https://media.retroachievements.org/Images/027538.png","https://media.retroachievements.org/Images/027664.png","4"
17501,"~Hack~ Star Revenge 1.5: Star Takeover Redone","Paramount Pictures Corporation, commonly known as Paramount Pictures or simply Paramount, is an American film production and distribution company and the flagship namesake subsidiary of Paramount Skydance. Founded on May 8, 1912, it is the sixth-oldest global film studio and the second-oldest in the United States behind Universal Pictures, and it is one of the Big Five studios located within the city limits of Los Angeles.","https://media.retroachievements.org/Images/058012.png","https://media.retroachievements.org/Images/000002.png","https://media.retroachievements.org/Images/058010.png","https://media.retroachievements.org/Images/058011.png","4"
11437,"~Hack~ Super Mario 64: Halloween Mayhem","   Consolevania is a Scottish internet television with a magazine format, dedicated to video game reviews, gaming features, and comedy sketches based on gaming culture. The show's format was adapted for mainstream television as the BBC Scotland show videoGaiden, featuring the same creative team, while episodes of Consolevania continued to be produced and distributed online as time permitted.","https://media.retroachievements.org/Images/064972.png","https://media.retroachievements.org/Images/025048.png","https://media.retroachievements.org/Images/025045.png","https://media.retroachievements.org/Images/025046.png","4"
14739,"~Hack~ Paper Mario: Master Quest","Paper Mario is a video game series and part of the Mario franchise, developed by Intelligent Systems and published by Nintendo. It combines elements from the role-playing, action-adventure, and puzzle genres. Players control a paper cutout version of Mario, usually with allies, on a quest to defeat the antagonist. The series consists of six games and one spin-off; the first, Paper Mario (2000), was released for the Nintendo 64, and the most recent, a 2024 remake of 2004's Paper Mario: The Thousand-Year Door, for the Nintendo Switch.","https://media.retroachievements.org/Images/101844.png","https://media.retroachievements.org/Images/028298.png","https://media.retroachievements.org/Images/028297.png","https://media.retroachievements.org/Images/105225.png","4"
17748,"~Hack~ Super Mario Sunshine 64","Super Mario 64 is a 1996 platform game developed and published by Nintendo for the Nintendo 64. It is the first Super Mario game to feature 3D gameplay, combining traditional Super Mario gameplay, visual style, and characters in a large open world. In the game, Bowser invades Princess Peach's castle, kidnaps her, and hides the castle's sources of protection, the Power Stars, in many different worlds inside magical paintings. As Mario, the player traverses levels and collects Power Stars to unlock areas of Princess Peach's castle, to reach Bowser and rescue Princess Peach.","https://media.retroachievements.org/Images/046584.png","https://media.retroachievements.org/Images/045309.png","https://media.retroachievements.org/Images/044855.png","https://media.retroachievements.org/Images/045660.png","4"
10652,"~Hack~ Paper Mario: Pro Mode","Paper Mario is a 2000 role-playing video game developed by Intelligent Systems and published by Nintendo for the Nintendo 64 home video game console. Paper Mario is the first game in the Paper Mario series. First released in Japan in 2000 and then internationally in 2001, Paper Mario was later re-released for Nintendo's Wii Virtual Console in July 2007, the Wii U Virtual Console in April 2015, and the Nintendo Classics service on December 10, 2021.","https://media.retroachievements.org/Images/112153.png","https://media.retroachievements.org/Images/024945.png","https://media.retroachievements.org/Images/024940.png","https://media.retroachievements.org/Images/024946.png","4"
13387,"~Hack~ Banjo-Kazooie: Gruntylvania","","https://media.retroachievements.org/Images/084682.png","https://media.retroachievements.org/Images/000002.png","https://media.retroachievements.org/Images/084679.png","https://media.retroachievements.org/Images/084680.png","4"
35528,"~Hack~ The Slideverse","","https://media.retroachievements.org/Images/119651.png","https://media.retroachievements.org/Images/119649.png","https://media.retroachievements.org/Images/119648.png","https://media.retroachievements.org/Images/119647.png","4"
10126,"Tony Hawk's Pro Skater 3","Tony Hawk's Pro Skater 3 is a 2001 skateboarding video game and the third installment in the Tony Hawk's series. It was published by Activision under the Activision O2 label in 2001 for the PlayStation, PlayStation 2, Game Boy Color and GameCube. In 2002, it was published for the Xbox, Game Boy Advance, Windows, Mac OS, and the Nintendo 64. It was the final official release for the Nintendo 64 and the only game that was released for the system in 2002, the first game released for the PlayStation 2 supporting online play and was a launch title for the GameCube in North America and PAL regions.","https://media.retroachievements.org/Images/047928.png","https://media.retroachievements.org/Images/011060.png","https://media.retroachievements.org/Images/011057.png","https://media.retroachievements.org/Images/011058.png","4"
10471,"~Hack~ The Legend of Banjo-Kazooie: The Bear Waker Deluxe"," This is a list of Xbox 360 games (A-L) that were released via retail disc, digital download or as part of the Xbox Live Arcade program.","https://media.retroachievements.org/Images/046318.png","https://media.retroachievements.org/Images/044076.png","https://media.retroachievements.org/Images/101485.png","https://media.retroachievements.org/Images/044103.png","4"
11530,"Dance Dance Revolution: Disney Dancing Museum"," The Dance Dance Revolution series started in 1998 and has grown to a large set of games in the franchise. This list of Dance Dance Revolution games documents games released, including systems, formats, and regions for which the games were released.","https://media.retroachievements.org/Images/044306.png","https://media.retroachievements.org/Images/018372.png","https://media.retroachievements.org/Images/018373.png","https://media.retroachievements.org/Images/018374.png","4"
14625,"~Hack~ Mario's Little Odyssey","Super Mario is a platform game series developed and published by Nintendo and starring their mascot, Mario. The series was created by Japanese game designer Shigeru Miyamoto and is the flagship series of the greater Mario franchise. At least one Super Mario game has been released for every major Nintendo video game console. A limited number of Super Mario games have also released on non-Nintendo gaming platforms.","https://media.retroachievements.org/Images/027295.png","https://media.retroachievements.org/Images/042738.png","https://media.retroachievements.org/Images/027273.png","https://media.retroachievements.org/Images/027284.png","4"
14694,"~Hack~ Super Melee Adventure 64","Super Smash Bros. is a 1999 crossover fighting game developed by HAL Laboratory and published by Nintendo for the Nintendo 64. It is the first game in the Super Smash Bros. series and was released in Japan on January 21, 1999; in North America on April 26, 1999; and in Europe on November 19, 1999. It was later released for the iQue Player in China on November 15, 2005.","https://media.retroachievements.org/Images/027887.png","https://media.retroachievements.org/Images/027888.png","https://media.retroachievements.org/Images/027817.png","https://media.retroachievements.org/Images/027886.png","4"
10466,"Forsaken 64","Forsaken is a 1998 shooter video game developed by Probe Entertainment and published by Acclaim Entertainment. It was released for Microsoft Windows and PlayStation, with a port to the Nintendo 64 developed by Iguana UK releasing the same year as Forsaken 64.","https://media.retroachievements.org/Images/047208.png","https://media.retroachievements.org/Images/025502.png","https://media.retroachievements.org/Images/025499.png","https://media.retroachievements.org/Images/097783.png","4"
10125,"Tony Hawk's Pro Skater 2","Tony Hawk's Pro Skater 2 is a 2000 skateboarding video game developed by Neversoft for PlayStation and Natsume for Game Boy Color. Published by Activision, it is the second installment in the Tony Hawk's series of sports games, and was released for the PlayStation in 2000, with subsequent ports to Windows and Dreamcast alongside a distinct version for Game Boy Color the same year. In 2001, the game was ported to Mac OS, Mac OS X, Nintendo 64, and Xbox, alongside a separate version for Game Boy Advance by Vicarious Visions. The game was later ported to Windows Mobile and Windows Phone devices in 2006 and to iPhone OS devices in 2010.","https://media.retroachievements.org/Images/041741.png","https://media.retroachievements.org/Images/011051.png","https://media.retroachievements.org/Images/011049.png","https://media.retroachievements.org/Images/011050.png","4"
10332,"WWF WrestleMania 2000","WrestleMania 2000, also known as WrestleMania 16, was a professional wrestling pay-per-view (PPV) event produced by the World Wrestling Federation. It was the 16th annual WrestleMania, and took place on April 2, 2000, at the Arrowhead Pond of Anaheim in Anaheim, California. This was the second WrestleMania at this venue, after WrestleMania XII in 1996. A total of nine matches were contested on the event's card.","https://media.retroachievements.org/Images/012052.png","https://media.retroachievements.org/Images/012053.png","https://media.retroachievements.org/Images/012051.png","https://media.retroachievements.org/Images/012055.png","4"
29859,"~Hack~ Banjo-Kongzooie","","https://media.retroachievements.org/Images/098053.png","https://media.retroachievements.org/Images/103163.png","https://media.retroachievements.org/Images/097925.png","https://media.retroachievements.org/Images/097927.png","4"
15805,"~Prototype~ Tamiya Racing 64","Over the years, the Tamiya Corporation has created a huge number of notable product lines. This article attempts to list them.","https://media.retroachievements.org/Images/031575.png","https://media.retroachievements.org/Images/031578.png","https://media.retroachievements.org/Images/031576.png","https://media.retroachievements.org/Images/031577.png","4"
10430,"Rugrats: Scavenger Hunt","Rugrats: Scavenger Hunt is a 1999 party video game developed by Realtime Associates and published by THQ for the Nintendo 64. The game is based on the Nickelodeon animated television series Rugrats. It features the original voices from the Rugrats cast reprising their roles as Tommy Pickles, Chuckie Finster, and Phil and Lil DeVille as well as supporting characters Grandpa Lou, Didi and Stu Pickles, Susie Carmichael, Reptar, and series antagonist Angelica Pickles.","https://media.retroachievements.org/Images/063753.png","https://media.retroachievements.org/Images/026391.png","https://media.retroachievements.org/Images/026392.png","https://media.retroachievements.org/Images/026394.png","4"
31886,"~Hack~ Banjo-Kazooie: New Snow Glow Village","The following is a list of albums, EPs, and mixtapes released in the second half of 2021. These albums are (1) original, i.e. excluding reissues, remasters, and compilations of previously released recordings, and (2) notable, defined as having received significant coverage from reliable sources independent of the subject.","https://media.retroachievements.org/Images/105740.png","https://media.retroachievements.org/Images/105737.png","https://media.retroachievements.org/Images/105738.png","https://media.retroachievements.org/Images/105739.png","4"
10561,"~Hack~ Luigi's Mansion 64","Nintendo Classics is a line of emulated retro games distributed by Nintendo for the Nintendo Switch and Nintendo Switch 2. Launched in 2018, subscribers of the Nintendo Switch Online service have access to games for the Nintendo Entertainment System (NES), Super Nintendo Entertainment System (SNES), Game Boy (GB) and Game Boy Color (GBC). A more expensive subscription tier, titled ""Expansion Pack"", was introduced in 2021. Through this tier, players can also access Nintendo 64 (N64), Sega Genesis (GEN), Game Boy Advance (GBA), and Virtual Boy (VB) games, with GameCube (GCN) exclusively available on Nintendo Switch 2. Each console's library is accessed through a dedicated app, with new games being added on an irregular basis. Games are accessible as long as the user has an active subscription, and a user must connect to the internet at least once a week to continue to access services while offline.","https://media.retroachievements.org/Images/049691.png","https://media.retroachievements.org/Images/049385.png","https://media.retroachievements.org/Images/049382.png","https://media.retroachievements.org/Images/049383.png","4"
10325,"WWF War Zone","WWF War Zone is a professional wrestling video game developed by Iguana West and released by Acclaim Entertainment in 1998 for the PlayStation, Nintendo 64, and Game Boy. The game features wrestlers from the World Wrestling Federation (WWF) and was the first graphical 3D game based on the WWF.","https://media.retroachievements.org/Images/070694.png","https://media.retroachievements.org/Images/070695.png","https://media.retroachievements.org/Images/070692.png","https://media.retroachievements.org/Images/070693.png","4"
10574,"Custom Robo","Custom Robo is an action role-playing video game series developed by Noise and published by Nintendo.","https://media.retroachievements.org/Images/062605.png","https://media.retroachievements.org/Images/015978.png","https://media.retroachievements.org/Images/015977.png","https://media.retroachievements.org/Images/015997.png","4"
30934,"~Hack~ Banjo-Kazooie: Bubbling Bog Brewery Redone","","https://media.retroachievements.org/Images/103195.png","https://media.retroachievements.org/Images/000002.png","https://media.retroachievements.org/Images/102464.png","https://media.retroachievements.org/Images/102465.png","4"
16228,"~Hack~ SimpleFlips' 8th Hacking Competition: Creepypasta","","https://media.retroachievements.org/Images/033337.png","https://media.retroachievements.org/Images/033338.png","https://media.retroachievements.org/Images/033463.png","https://media.retroachievements.org/Images/033316.png","4"
19485,"~Hack~ Banjo-Kazooie: Cheato's Challenges","Banjo-Kazooie is a 1998 platform game developed by Rare and published by Nintendo for the Nintendo 64. Controlling the player characters, the bear Banjo and the bird Kazooie, the player attempts to save Banjo's kidnapped sister Tooty from the witch Gruntilda. The player explores nine nonlinear worlds to gather items and progress. Using Banjo and Kazooie's traversal and combat abilities, they complete challenges such as solving puzzles, jumping over obstacles, and defeating bosses.","https://media.retroachievements.org/Images/063461.png","https://media.retroachievements.org/Images/066509.png","https://media.retroachievements.org/Images/063460.png","https://media.retroachievements.org/Images/063406.png","4"
36253,"~Hack~ Mario Adventure 2","Paper Mario is a 2000 role-playing video game developed by Intelligent Systems and published by Nintendo for the Nintendo 64 home video game console. Paper Mario is the first game in the Paper Mario series. First released in Japan in 2000 and then internationally in 2001, Paper Mario was later re-released for Nintendo's Wii Virtual Console in July 2007, the Wii U Virtual Console in April 2015, and the Nintendo Classics service on December 10, 2021.","https://media.retroachievements.org/Images/123212.png","https://media.retroachievements.org/Images/121743.png","https://media.retroachievements.org/Images/120316.png","https://media.retroachievements.org/Images/120319.png","4"