id,title,description,icon,boxArt,titleScreen,screenshot,rating
3537,"God of War: Chains of Olympus","God of War: Chains of Olympus is a 2008 action-adventure game developed by Ready at Dawn, and published by Sony Computer Entertainment (SCE). It was first released for the PlayStation Portable (PSP) handheld console on March 4, 2008. The game is the fourth installment in the God of War series, the third chronologically, and a prequel to the original God of War. It is loosely based on Greek mythology and set in ancient Greece, with vengeance as its central motif. The player controls Kratos, a Spartan warrior who serves the Olympian gods. Kratos is guided by the goddess Athena, who instructs him to find the Sun God Helios, as the Dream God Morpheus has caused many of the gods to slumber in Helios' absence. With the power of the Sun and the aid of the Titan Atlas, Morpheus and the Queen of the Underworld Persephone intend to destroy the Pillar of the World and in turn Olympus.","https://media.retroachievements.org/Images/120499.png","https://media.retroachievements.org/Images/047385.png","https://media.retroachievements.org/Images/085036.png","https://media.retroachievements.org/Images/085037.png","5"
17976,"Monster Hunter Portable 3rd","Monster Hunter Portable 3rd is a 2010 action role-playing game developed and published by Capcom for the PlayStation Portable. It is the third handheld installment in the Monster Hunter franchise. Like its predecessor, Monster Hunter Freedom 2, Portable 3rd is an original title that adapts the core content of Monster Hunter Tri into a new single player campaign, adding supplemental original content. The game introduces regions, monsters, and a revised Felyne combat system.","https://media.retroachievements.org/Images/107426.png","https://media.retroachievements.org/Images/077217.png","https://media.retroachievements.org/Images/048874.png","https://media.retroachievements.org/Images/063063.png","4.9"
3727,"Dante's Inferno","Inferno is the first part of the Italian writer Dante Alighieri's 14th-century narrative poem The Divine Comedy, followed by Purgatorio and Paradiso. The Inferno describes the journey of a fictionalised version of Dante himself through Hell, guided by the ancient Roman poet Virgil. In the poem, Hell is depicted as nine concentric circles of torment located within the Earth; it is the realm [...] of those who have rejected spiritual values by yielding to bestial appetites or violence, or by perverting their human intellect to fraud or malice against their fellowmen. As an allegory, the Divine Comedy represents the journey of the soul toward God, with the Inferno describing the recognition and rejection of sin.","https://media.retroachievements.org/Images/089534.png","https://media.retroachievements.org/Images/095582.png","https://media.retroachievements.org/Images/048592.png","https://media.retroachievements.org/Images/048594.png","4.9"
3538,"God of War: Ghost of Sparta","God of War: Ghost of Sparta is a 2010 action-adventure game developed by Ready at Dawn and published by Sony Computer Entertainment (SCE). It was first released for the PlayStation Portable (PSP) handheld console on November 2, 2010. The game is the sixth installment in the God of War series and the fifth chronologically. Loosely based on Greek mythology, Ghost of Sparta is set in ancient Greece with vengeance as its central motif. The player controls the protagonist Kratos, the God of War. Kratos is still haunted by the visions of his mortal past and decides to explore his origins. In Atlantis, he finds his mother Callisto, who claims that his brother Deimos is still alive. Kratos journeys to the Domain of Death to rescue his brother. After initial resentment from Deimos, the brothers team up to battle the God of Death, Thanatos, Deimos' captor.","https://media.retroachievements.org/Images/120500.png","https://media.retroachievements.org/Images/047382.png","https://media.retroachievements.org/Images/085039.png","https://media.retroachievements.org/Images/085038.png","4.9"
3161,"LittleBigPlanet","LittleBigPlanet is a puzzle platform video game series created and produced by British developer Media Molecule and published by Sony Interactive Entertainment. Most games in the series put a strong emphasis on user-generated content and are based on the series' tagline Play, Create, Share. The tagline represents the three core elements of the series: playing alone or with others locally or online, creating new content using the in-game creation tools, and sharing creations and discoveries online with other players.","https://media.retroachievements.org/Images/093947.png","https://media.retroachievements.org/Images/046833.png","https://media.retroachievements.org/Images/032912.png","https://media.retroachievements.org/Images/032913.png","4.8"
3582,"Mega Man: Powered Up","Mega Man Powered Up is a 2006 platform game developed and published by Capcom. It was released for the PlayStation Portable (PSP) handheld game console in March 2006. It is a remake of the original Mega Man game, released in 1987 for the Nintendo Entertainment System (NES). Players control the eponymous star Mega Man, who must stop Dr. Wily from conquering the world using eight robots called Robot Masters.","https://media.retroachievements.org/Images/047296.png","https://media.retroachievements.org/Images/048162.png","https://media.retroachievements.org/Images/046678.png","https://media.retroachievements.org/Images/046679.png","4.8"
3515,"Dissidia 012: Duodecim Final Fantasy","This is a list of games for Sony's PlayStation Portable (PSP) handheld game console made available to download from the PlayStation Store. The ability to download and play these titles has varied among titles between the platforms of PSP, PlayStation Vita (PSV), PlayStation TV (PSTV), PlayStation 4 (PS4), and PlayStation 5 (PS5). Titles released on the latter two are the original games software emulated. If a downloadable PSP game has been purchased for a device released prior to the PS4, the title is automatically added to the user's library on all devices for which there is a release.","https://media.retroachievements.org/Images/049140.png","https://media.retroachievements.org/Images/049156.png","https://media.retroachievements.org/Images/049307.png","https://media.retroachievements.org/Images/049308.png","4.8"
10387,"Crisis Core: Final Fantasy VII","Crisis Core: Final Fantasy VII is a 2007 action role-playing game developed and published by Square Enix for the PlayStation Portable. The game serves as a prequel to the 1997 title Final Fantasy VII and is part of the metaseries Compilation of Final Fantasy VII, which includes other products related to the original game.","https://media.retroachievements.org/Images/056892.png","https://media.retroachievements.org/Images/047808.png","https://media.retroachievements.org/Images/047806.png","https://media.retroachievements.org/Images/048168.png","4.8"
3732,"Monster Hunter Freedom Unite","Monster Hunter Freedom 2 is a 2007 action role-playing game developed and published by Capcom for the PlayStation Portable. It is the second handheld installment in the Monster Hunter franchise. Marketed as a sequel to Monster Hunter Freedom, Freedom 2 is an original title that adapts the core content of Monster Hunter 2 into a new single player campaign, adding supplemental original content.","https://media.retroachievements.org/Images/047405.png","https://media.retroachievements.org/Images/043631.png","https://media.retroachievements.org/Images/043628.png","https://media.retroachievements.org/Images/043629.png","4.8"
3219,"Mega Man Maverick Hunter X","This is a list of video game remakes and remasters and includes remakes as well as remasters of video games. It does not include clones and enhanced ports.","https://media.retroachievements.org/Images/047042.png","https://media.retroachievements.org/Images/046646.png","https://media.retroachievements.org/Images/054839.png","https://media.retroachievements.org/Images/046937.png","4.8"
3186,"Tekken 6","Tekken 6  is a 2007 fighting game developed and published by Namco Bandai Games. It is the sixth main and seventh overall installment in the Tekken franchise. It was released on arcades in November 2007 as the first game running on the PlayStation 3-based System 357 arcade board. A year later, the game received an update, subtitled Bloodline Rebellion; both versions also saw a limited release in North America. A home version based on the update was released for the PlayStation 3 and Xbox 360 in October 2009; this was the first time a main installment was produced for a non-Sony console. A port to the PlayStation Portable was also released shortly after.","https://media.retroachievements.org/Images/086823.png","https://media.retroachievements.org/Images/065820.png","https://media.retroachievements.org/Images/065819.png","https://media.retroachievements.org/Images/065818.png","4.7"
3471,"Metal Slug: Anthology","Metal Slug is a series of run and gun video games first released on Neo-Geo arcade machines and game consoles created by SNK. It was also ported to other consoles, such as the Sega Saturn, the PlayStation, the Neo-Geo Pocket Color and more recently, the Game Boy Advance, PlayStation 2, iPhone, iPod Touch, Xbox, Xbox 360 and Nintendo DS. There is also an anthology of the first 7 games in the main series available for the Wii, PlayStation Portable, PlayStation 2 and Windows. In 2009, the first three games were officially ported by Games Load to Windows.","https://media.retroachievements.org/Images/048777.png","https://media.retroachievements.org/Images/048770.png","https://media.retroachievements.org/Images/048772.png","https://media.retroachievements.org/Images/116696.png","4.7"
3910,"Dragon Ball Z: Shin Budokai","Dragon Ball Z: Shin Budokai is a fighting video game part of the Dragon Ball Z franchise, and was released on March 7, 2006, developed by Dimps. The story mode is based on the events of the Dragon Ball Z movie Fusion Reborn. The players follow the events of the story in which they encounter many Dragon Ball Z characters, including Goku and Vegeta. The choices that you make determine how the story evolves.","https://media.retroachievements.org/Images/104258.png","https://media.retroachievements.org/Images/049707.png","https://media.retroachievements.org/Images/049708.png","https://media.retroachievements.org/Images/049772.png","4.7"
3185,"Burnout Legends","This is a list of video game remakes and remasters and includes remakes as well as remasters of video games. It does not include clones and enhanced ports.","https://media.retroachievements.org/Images/059681.png","https://media.retroachievements.org/Images/048414.png","https://media.retroachievements.org/Images/059709.png","https://media.retroachievements.org/Images/059711.png","4.7"
3891,"Shin Megami Tensei: Persona","Persona, previously marketed as Shin Megami Tensei: Persona outside of Japan, is a video game franchise primarily developed by Atlus and owned by Sega. Centered around a series of Japanese role-playing video games, Persona is a spin-off from Atlus' Megami Tensei franchise. The first entry in the series, Revelations: Persona, was released in 1996 for the PlayStation. The series has seen several more games since, with the most recent main entry being 2024's Persona 3 Reload, a remake of the 2006 game Persona 3.","https://media.retroachievements.org/Images/077388.png","https://media.retroachievements.org/Images/053386.png","https://media.retroachievements.org/Images/053385.png","https://media.retroachievements.org/Images/053384.png","4.7"
3509,"Jeanne D'Arc","Joan of Arc is a patron saint of France, honored as a defender of the French nation for her role in the siege of Orléans and her insistence on the coronation of Charles VII of France during the Hundred Years' War. Claiming to be acting under divine guidance, she became a military leader who gained recognition as a savior of France.","https://media.retroachievements.org/Images/049641.png","https://media.retroachievements.org/Images/046840.png","https://media.retroachievements.org/Images/046843.png","https://media.retroachievements.org/Images/046841.png","4.7"
10533,"Metal Gear Solid: Peace Walker","Metal Gear Solid: Peace Walker is a 2010 stealth game developed by Kojima Productions and published by Konami. It is the seventh Metal Gear game written, directed, and designed by Hideo Kojima, and the fifth installment of the Metal Gear Solid series, as well as the fourth Metal Gear game made specifically for the PlayStation Portable, following Metal Gear Solid: Portable Ops. A remastered version of the game titled Metal Gear Solid: Peace Walker — HD Edition was later released for the PlayStation 3 and Xbox 360 as part of the Metal Gear Solid HD Collection in North America and Europe and as a stand-alone retail release in Japan. The HD Edition of the game will be included in the Metal Gear Solid: Master Collection Vol. 2 compilation for Nintendo Switch, Nintendo Switch 2, PlayStation 5, Windows, and Xbox Series X/S on August 27, 2026.","https://media.retroachievements.org/Images/103151.png","https://media.retroachievements.org/Images/046912.png","https://media.retroachievements.org/Images/046915.png","https://media.retroachievements.org/Images/118054.png","4.7"
3215,"Final Fantasy","Final Fantasy is a 1987 role-playing video game developed and published by Square for the Nintendo Entertainment System. It is the first game in Square's Final Fantasy series, created by Hironobu Sakaguchi. The story follows four youths called the Warriors of Light, who each carry one of their world's four elemental crystals which have been darkened by the four Elemental Fiends. Together, they quest to defeat these evil forces, restore light to the crystals, and save their world.","https://media.retroachievements.org/Images/070784.png","https://media.retroachievements.org/Images/047908.png","https://media.retroachievements.org/Images/048785.png","https://media.retroachievements.org/Images/048786.png","4.7"
3971,"Grand Theft Auto: Vice City Stories","Grand Theft Auto: Vice City Stories is a 2006 action-adventure game developed by Rockstar Leeds and Rockstar North, and published by Rockstar Games. The tenth entry in the Grand Theft Auto series, the game was initially released as a PlayStation Portable exclusive in October 2006. A PlayStation 2 port was released in March 2007. Set within the fictional Vice City in 1984, the game is a prequel to 2002's Grand Theft Auto: Vice City and follows the exploits of ex-soldier Victor Vic Vance, a minor character originally featured in said game. The story centres around Vic's attempts to build up a criminal empire alongside his brother Lance. With the initial intention of raising money for his sick brother Pete's medication, Vic comes into conflict with rival gangs, drug lords and other enemies.","https://media.retroachievements.org/Images/089903.png","https://media.retroachievements.org/Images/048648.png","https://media.retroachievements.org/Images/064345.png","https://media.retroachievements.org/Images/050445.png","4.7"
10525,"Patapon","Patapon is a 2007 rhythm video game developed by Pyramid and Japan Studio and published by Sony Computer Entertainment for the PlayStation Portable. The game's unique genre was described to be a combination of rhythm and strategy. Its concept and design were conceived when game designer Hiroyuki Kotani discovered the Patapon designs from French artist Rolito's personal website. The name Patapon was created by Rolito and was inspired by an old French song for children. Kotani chose the name because it sounded similar to marching and drumming. The game was released in Japan in December 2007 and in February 2008 in North America and Europe.","https://media.retroachievements.org/Images/047445.png","https://media.retroachievements.org/Images/047378.png","https://media.retroachievements.org/Images/058365.png","https://media.retroachievements.org/Images/058367.png","4.7"
3164,"Shin Megami Tensei: Persona 3 Portable","Persona 3, released outside Japan as Shin Megami Tensei: Persona 3, is a 2006 role-playing video game developed by Atlus. It is the fourth main installment in the Persona series, which is part of the larger Megami Tensei franchise. It was originally released for the PlayStation 2 in Japan in 2006 and in North America in 2007. It has received several enhanced re-releases and ports: Persona 3 FES, an extended version featuring a new playable epilogue and other changes, was released for the PlayStation 2 in Japan in 2007 and worldwide in 2008. A PlayStation Portable version, Persona 3 Portable, was released in Japan in 2009, North America in 2010, and Europe in 2011, and ported to the Nintendo Switch, PlayStation 4, Windows, Xbox One and Xbox Series X/S in 2023. Persona 3 Reload, a remake of the core game and epilogue, was released in February 2024 for Windows, PlayStation 4, PlayStation 5, Xbox One and Xbox Series X/S, with a Nintendo Switch 2 release occurring in October 2025.","https://media.retroachievements.org/Images/123004.png","https://media.retroachievements.org/Images/046681.png","https://media.retroachievements.org/Images/036344.png","https://media.retroachievements.org/Images/036345.png","4.7"
15626,"Gran Turismo: The Real Driving Simulator","Gran Turismo is a 1997 sim racing video game developed and published by Sony Computer Entertainment for the PlayStation. It was directed by Kazunori Yamauchi and produced by Shuhei Yoshida. It is the first game in the Gran Turismo series.","https://media.retroachievements.org/Images/115804.png","https://media.retroachievements.org/Images/054876.png","https://media.retroachievements.org/Images/054877.png","https://media.retroachievements.org/Images/054875.png","4.7"
3738,"Phantasy Star Portable","Phantasy Star Portable is an action role-playing game co-developed by Sonic Team and Alfa System, and published by Sega for the PlayStation Portable. Sega released the game to Japan in July 2008, and to other markets in 2009.","https://media.retroachievements.org/Images/053525.png","https://media.retroachievements.org/Images/053523.png","https://media.retroachievements.org/Images/049244.png","https://media.retroachievements.org/Images/053526.png","4.7"
18128,"Dragon Ball Z: Shin Budokai 2 - Another Road","This is a list of games for Sony's PlayStation Portable (PSP) handheld game console made available to download from the PlayStation Store. The ability to download and play these titles has varied among titles between the platforms of PSP, PlayStation Vita (PSV), PlayStation TV (PSTV), PlayStation 4 (PS4), and PlayStation 5 (PS5). Titles released on the latter two are the original games software emulated. If a downloadable PSP game has been purchased for a device released prior to the PS4, the title is automatically added to the user's library on all devices for which there is a release.","https://media.retroachievements.org/Images/089994.png","https://media.retroachievements.org/Images/050045.png","https://media.retroachievements.org/Images/049887.png","https://media.retroachievements.org/Images/049982.png","4.7"
3165,"Castlevania: The Dracula X Chronicles","Castlevania: The Dracula X Chronicles is a 2007 platform game developed and published by Konami for the PlayStation Portable. The game is a remake of Castlevania: Rondo of Blood (1993) with 2.5D graphics, and marks the first time that Rondo of Blood was released outside of Japan. The game includes the original Rondo of Blood localized into English, as well as a remastered version of Castlevania: Symphony of the Night (1997). The game was released in North America on October 23, 2007.","https://media.retroachievements.org/Images/085805.png","https://media.retroachievements.org/Images/072411.png","https://media.retroachievements.org/Images/072410.png","https://media.retroachievements.org/Images/072409.png","4.6"
3236,"Final Fantasy Tactics: The War of the Lions","Final Fantasy Tactics: The War of the Lions  is a 2007 tactical role-playing game developed and published by Square Enix for the PlayStation Portable (PSP). The game is an updated version of Final Fantasy Tactics made for the PlayStation, which was released in 1997.","https://media.retroachievements.org/Images/074335.png","https://media.retroachievements.org/Images/047083.png","https://media.retroachievements.org/Images/047085.png","https://media.retroachievements.org/Images/047084.png","4.6"
18160,"Crash of the Titans","Crash of the Titans is a 2007 platform game developed by Radical Entertainment and published by Vivendi Games for the PlayStation 2, PlayStation Portable, Wii and Xbox 360. The sixth mainline game in the Crash Bandicoot series, it was the last to be published by Vivendi Games before Activision merged with the company the following year. Amaze Entertainment developed two separate versions of the game: one for the Nintendo DS and one for the Game Boy Advance. The game is the fourteenth installment in the Crash Bandicoot video game series, and the sixth game in the main franchise.","https://media.retroachievements.org/Images/081112.png","https://media.retroachievements.org/Images/053808.png","https://media.retroachievements.org/Images/057912.png","https://media.retroachievements.org/Images/057911.png","4.6"
17978,"Ben 10: Protector of Earth","Ben 10: Protector of Earth is an action-adventure video game developed by High Voltage Software and published by D3 Publisher and is based on the animated television series Ben 10. This is the second Ben 10 game following the HyperScan game, is the first official game in the franchise, and it was released for the PlayStation 2, PlayStation Portable, the Nintendo DS and the Nintendo Wii in late 2007.","https://media.retroachievements.org/Images/123052.png","https://media.retroachievements.org/Images/050414.png","https://media.retroachievements.org/Images/048603.png","https://media.retroachievements.org/Images/049525.png","4.6"
6580,"Jetpack Joyride","Jetpack Joyride is a 2011 endless runner action game created by Halfbrick Studios. It was released for iOS devices on the App Store on September 1, 2011 and has been ported to other systems. It was released online as a Flash version on May 11, 2012; on Android on September 28; on PlayStation Portable on November 20 in North America and November 21 in Europe; on BlackBerry PlayBook on December 13, 2012; on PlayStation 3 and PlayStation Vita on December 21 in Europe and December 31 in North America; on BlackBerry 10 on March 6, 2013; and on Windows Phone 8 and Windows 8 on June 5. It was also released on PlayStation 4 on April 26, 2016. A mobile version using the keypad was released in 2021 for KaiOS devices.","https://media.retroachievements.org/Images/049686.png","https://media.retroachievements.org/Images/059897.png","https://media.retroachievements.org/Images/047051.png","https://media.retroachievements.org/Images/047065.png","4.6"
3556,"Kingdom Hearts: Birth by Sleep -Final Mix-","Hikari  is a song recorded by Japanese–American recording artist Hikaru Utada for their fourth studio and third Japanese language album, Deep River (2002). It was released on March 20, 2002, as the third single from the album in Japan. It was written and composed by Utada, whilst production and arrangement was handled by Utada, Teruzane Utada, and long-time collaborator Miyake Akira. The single, and a remix by Russell McNamara, was used as the official Japanese theme song for the 2002 action role-playing video game Kingdom Hearts, and appeared on its original soundtrack. Musically, Hikari is a pop folk song with lyrics about mysteries in life and human activities.","https://media.retroachievements.org/Images/111025.png","https://media.retroachievements.org/Images/051027.png","https://media.retroachievements.org/Images/051025.png","https://media.retroachievements.org/Images/051026.png","4.6"
3169,"Final Fantasy IV: The Complete Collection","Final Fantasy IV: The Complete Collection is a 2011 role-playing video game compilation co-developed by Square Enix and Bullets and published by Square Enix for the PlayStation Portable. The collection consists of enhanced ports of Final Fantasy IV (1991) and Final Fantasy IV: The After Years (2008), as well as a new scenario called Final Fantasy IV Interlude, which is set between the two games. It was released in Japan on March 24, 2011, before being released to other markets in April. It was also released as digital download.","https://media.retroachievements.org/Images/093953.png","https://media.retroachievements.org/Images/046881.png","https://media.retroachievements.org/Images/046886.png","https://media.retroachievements.org/Images/046884.png","4.6"
3199,"Tony Hawk's Underground 2: Remix","Tony Hawk's is a series of skateboarding video games published by Activision and endorsed by the American professional skateboarder of the same name. From 1999 to 2007, the series was primarily developed for home consoles by Neversoft with generally annual releases. In 2008, Activision transferred the franchise to Robomodo, which released several additions before Activision and Hawk's license expired in 2015, leaving the future of the series uncertain. In 2020, the series returned under Activision with a remake of the original two games in the series, and a remake of the third and fourth games in 2025 developed by Vicarious Visions and Iron Galaxy respectively.","https://media.retroachievements.org/Images/082839.png","https://media.retroachievements.org/Images/047104.png","https://media.retroachievements.org/Images/080317.png","https://media.retroachievements.org/Images/080318.png","4.6"
3214,"Assassin's Creed: Bloodlines","This is a list of video games considered controversial. The list includes games that have earned controversies for violence, sexual content, racism, and review bombing from fans. Some of the video games on this list have been banned or regionally censored.","https://media.retroachievements.org/Images/089689.png","https://media.retroachievements.org/Images/046657.png","https://media.retroachievements.org/Images/064365.png","https://media.retroachievements.org/Images/064364.png","4.6"
3203,"Tekken: Dark Resurrection","Tekken 5: Dark Resurrection , Tekken: Dark Resurrection for the PlayStation Portable version, is a 2005 fighting game and a standalone update to Tekken 5 (2004). The arcade version was released in Japan in December 2005 and later worldwide in February of 2006, while the PlayStation Portable version was released later that year in July 2006. It was also released as a downloadable game on the PlayStation 3 via the PlayStation Network online service in Japan in 2006 and the rest of the world in 2007. A sequel, Tekken 6 was released in 2007.","https://media.retroachievements.org/Images/086827.png","https://media.retroachievements.org/Images/048531.png","https://media.retroachievements.org/Images/090768.png","https://media.retroachievements.org/Images/090769.png","4.6"
3222,"Grand Theft Auto: Chinatown Wars","Grand Theft Auto (GTA) is an action-adventure video game series created by David Jones and Mike Dailly. Later titles were developed under the oversight of brothers Dan and Sam Houser, Leslie Benzies and Aaron Garbut. It is primarily developed by British development house Rockstar North, and published by its American parent company, Rockstar Games. The name of the series is a term for motor vehicle theft in the United States.","https://media.retroachievements.org/Images/098730.png","https://media.retroachievements.org/Images/048650.png","https://media.retroachievements.org/Images/081633.png","https://media.retroachievements.org/Images/081635.png","4.6"
18010,"LEGO Batman: The Videogame","Lego Batman: The Videogame is a 2008 action-adventure video game developed by Traveller's Tales and published by Warner Bros. Interactive Entertainment, released for the Xbox 360, PlayStation 3, PlayStation 2, PlayStation Portable, Wii, Nintendo DS, Microsoft Windows, and Mac OS X. The game is based on the DC Comics character Batman, as well as the eponymous Lego Batman toyline.","https://media.retroachievements.org/Images/063673.png","https://media.retroachievements.org/Images/051654.png","https://media.retroachievements.org/Images/051653.png","https://media.retroachievements.org/Images/051655.png","4.6"
5360,"Angry Birds","The Angry Birds Movie is a 2016 animated comedy film based on the Angry Birds video game series. It was directed by Clay Kaytis and Fergal Reilly, and written by Jon Vitti. It features the voices of Jason Sudeikis, Josh Gad, Danny McBride, Maya Rudolph, Kate McKinnon, Sean Penn, Tony Hale, Keegan-Michael Key, Bill Hader, and Peter Dinklage. The film follows Red, an outcast on an island of anthropomorphic flightless birds, as he suspects a newly arrived crew of pigs, led by Leonard, of plotting an evil plan, and attempts to put a stop to them with the help of his newfound friends Chuck and Bomb.","https://media.retroachievements.org/Images/062993.png","https://media.retroachievements.org/Images/063458.png","https://media.retroachievements.org/Images/063456.png","https://media.retroachievements.org/Images/063457.png","4.6"
18080,"Ridge Racer 2","Ridge Racer 2 is a 1994 arcade racing game developed and published by Namco for arcades. A sequel to Ridge Racer, it features more quality-of-life changes than substantial new content. One major addition is the ability to play with up to eight human players.","https://media.retroachievements.org/Images/086289.png","https://media.retroachievements.org/Images/050683.png","https://media.retroachievements.org/Images/050681.png","https://media.retroachievements.org/Images/050682.png","4.6"
3465,"Manhunt 2","Manhunt 2 is a 2007 stealth game by Rockstar Games. It was developed by Rockstar London for Microsoft Windows and PlayStation 2, Rockstar Leeds for the PlayStation Portable, and Rockstar Toronto for the Wii. It is the sequel to 2003's Manhunt and was released in North America on 29 October 2007, and in PAL territories from 31 October 2008. The game follows Daniel Lamb, a mental patient suffering from amnesia as he tries to uncover his identity, and Leo Kasper, a sociopathic assassin who guides Daniel in his journey.","https://media.retroachievements.org/Images/107696.png","https://media.retroachievements.org/Images/053187.png","https://media.retroachievements.org/Images/081962.png","https://media.retroachievements.org/Images/081963.png","4.6"
12798,"Tetris","Tetris is a puzzle video game created in 1985 by Alexey Pajitnov, a Soviet software engineer. In the game, falling tetromino shapes must be neatly sorted into a pile. Once a horizontal line of the board is filled in, the line disappears, granting points and preventing the pile from overflowing. Since its initial creation, this gameplay has been used in over 220 versions, released for over 70 platforms. Newer versions frequently implement additional game mechanics, some of which have become standard over time. As of December 2024, these versions collectively serve as the second-best-selling video game series with over 520 million sales, mostly on mobile devices.","https://media.retroachievements.org/Images/069977.png","https://media.retroachievements.org/Images/069628.png","https://media.retroachievements.org/Images/069622.png","https://media.retroachievements.org/Images/069626.png","4.5"
3224,"Wipeout Pure","Wipeout Pure is a 2005 racing video game developed by Studio Liverpool and published by Sony Computer Entertainment for the PlayStation Portable. It was released as a launch title for the platform in North America and PAL territories, in March and September respectively. The sixth installment of the Wipeout series, following Wipeout Fusion (2002), the game takes place in the year 2197, exactly 100 years after the events of Wipeout 2097 (1996), and revolves around players competing in the FX300 anti-gravity racing league.","https://media.retroachievements.org/Images/049610.png","https://media.retroachievements.org/Images/053039.png","https://media.retroachievements.org/Images/049725.png","https://media.retroachievements.org/Images/049726.png","4.5"
3192,"Crash Tag Team Racing","Crash Tag Team Racing is a 2005 kart racing and platform game developed by Radical Entertainment and published by Vivendi Universal Games for the PlayStation 2 (PS2), Xbox, GameCube, and PlayStation Portable (PSP). A version for the Nintendo DS by Sensory Sweep Studios was cancelled near its completion. It is the third racing game in the Crash Bandicoot video game series, following Crash Nitro Kart (2003). The game's story takes place in a racing-based theme park, in which Crash Bandicoot must recover its missing Power Gems to claim the park's ownership.","https://media.retroachievements.org/Images/074990.png","https://media.retroachievements.org/Images/053807.png","https://media.retroachievements.org/Images/053958.png","https://media.retroachievements.org/Images/053957.png","4.5"
7532,"Yu-Gi-Oh! GX Tag Force","The following is a list of video games developed and published by Konami, based on Kazuki Takahashi's Yu-Gi-Oh! manga and anime franchise, along with its spin-off series. With some exceptions, the majority of the games follow the card battle gameplay of the real-life Yu-Gi-Oh! Trading Card Game. There are 59 in total.","https://media.retroachievements.org/Images/048254.png","https://media.retroachievements.org/Images/047370.png","https://media.retroachievements.org/Images/047371.png","https://media.retroachievements.org/Images/047483.png","4.5"
3476,"SoulCalibur: Broken Destiny","Soulcalibur: Broken Destiny is a 2009 fighting game developed by Project Soul and published by Namco Bandai Games for the PlayStation Portable. A spin-off of the Soulcalibur series, the game uses many of the features of Soulcalibur IV, including its character customization mode. One of the goals of the game is to target beginners and novice players with Soulcalibur IV's content. It introduces two new characters to the series: Kratos from the God of War series and Dampierre, a new original character. In December 2023, the game was released digitally on PlayStation 4 and PlayStation 5.","https://media.retroachievements.org/Images/109974.png","https://media.retroachievements.org/Images/062777.png","https://media.retroachievements.org/Images/062769.png","https://media.retroachievements.org/Images/062770.png","4.5"
3517,"Dissidia: Final Fantasy","Dissidia Final Fantasy is a 2008 fighting game developed and published by Square Enix for the PlayStation Portable. It was released in Japan on December 18, 2008, in North America on August 25, 2009, and in Australia and Europe in September, as part of the campaign for the Final Fantasy series's 20th anniversary. It was then re-released in Japan, based on the North American version, as Dissidia Final Fantasy: Universal Tuning, on November 1, 2009.","https://media.retroachievements.org/Images/049135.png","https://media.retroachievements.org/Images/047368.png","https://media.retroachievements.org/Images/047366.png","https://media.retroachievements.org/Images/047367.png","4.5"
3737,"Shin Megami Tensei: Persona 2: Innocent Sin","Persona 2: Innocent Sin is a 1999 role-playing video game developed and published by Atlus for the PlayStation. It is the second entry in the Persona series, itself a subseries of the Megami Tensei franchise, and acts as a sequel to the original Persona. The game was re-released in 2011 for the PlayStation Portable. The original version was not localized for western territories; however, the PSP version was released in North America and Europe under the title Shin Megami Tensei: Persona 2 – Innocent Sin.","https://media.retroachievements.org/Images/115940.png","https://media.retroachievements.org/Images/053389.png","https://media.retroachievements.org/Images/075419.png","https://media.retroachievements.org/Images/075420.png","4.5"
3160,"Ys Seven","Ys Seven is a 2009 action role-playing game developed by Nihon Falcom. An installment in the Ys series, it was first released in Japan for the PlayStation Portable in September 2009. Xseed Games released the game in 2010 in North America in August, and Europe in November. The game was later released in Australia in February 2013. It was also released for Windows in China in June 2012, and worldwide by Xseed Games in August 2017.","https://media.retroachievements.org/Images/047359.png","https://media.retroachievements.org/Images/041065.png","https://media.retroachievements.org/Images/041063.png","https://media.retroachievements.org/Images/041064.png","4.5"
10477,"Daxter","Daxter is a 2006 platform video game developed by Ready at Dawn and published by Sony Computer Entertainment for the PlayStation Portable. A spin-off of the Jak and Daxter series, Daxter takes place during the two-year timeskip occurring during the opening cutscene of Jak II; unlike the other installments of the franchise focusing primarily on Jak, the game focuses on the adventures of his sidekick Daxter while Jak is imprisoned.","https://media.retroachievements.org/Images/122563.png","https://media.retroachievements.org/Images/047005.png","https://media.retroachievements.org/Images/047007.png","https://media.retroachievements.org/Images/047006.png","4.5"
3539,"Half-Minute Hero","Half-Minute Hero: The Second Coming is a 2011 action role-playing game developed by Opus and published by Marvelous. It is the sequel to Half-Minute Hero. It was released in Japan for the PlayStation Portable before being localized in English for Windows in 2014.","https://media.retroachievements.org/Images/047362.png","https://media.retroachievements.org/Images/060895.png","https://media.retroachievements.org/Images/060887.png","https://media.retroachievements.org/Images/060888.png","4.5"
3993,"LEGO Indiana Jones: The Original Adventures","Lego Indiana Jones: The Original Adventures is a 2008 Lego-themed action-adventure video game developed by Traveller's Tales and published by LucasArts. Based on the Indiana Jones franchise and the eponymous Lego Indiana Jones toy line, it follows the events of the first three Indiana Jones films: Raiders of the Lost Ark (1981), Temple of Doom (1984), and the Last Crusade (1989). The game includes local co-op mode gameplay, as well as puzzle and platformer aspects, and 84 playable characters with a variety of special abilities. As the players go through the stages, they collect the currency of Lego games known as Studs, avoid traps, assemble Lego constructions, and engage in combat. Climbing, swinging, and throwing objects as weapons were new inclusions not seen in previous Lego video games by Traveller's Tales.","https://media.retroachievements.org/Images/123775.png","https://media.retroachievements.org/Images/047008.png","https://media.retroachievements.org/Images/047010.png","https://media.retroachievements.org/Images/047011.png","4.5"
3159,"Ys I & II Chronicles","Ys I & II  is an action role-playing game compilation released by Hudson Soft for the PC Engine CD-ROM² in 1989 and by NEC for the TurboGrafx-CD in 1990. It consists of enhanced remakes of the first two Ys games by Nihon Falcom for the PC-8801 home computer in Japan. It was released as Ys Book I & II for the TurboGrafx-CD in North America in 1990, and was a pack-in title for the TurboDuo in 1992. Ys I & II was released on the Wii Virtual Console in Japan in October 2007, and worldwide the following year. A port to X68000 was released in 2021.","https://media.retroachievements.org/Images/057456.png","https://media.retroachievements.org/Images/055343.png","https://media.retroachievements.org/Images/055345.png","https://media.retroachievements.org/Images/055346.png","4.5"
18163,"Toy Story 3","Toy Story 3 is a 2010 American animated adventure and comedy-drama film produced by Pixar Animation Studios for Walt Disney Pictures. Directed by Lee Unkrich and written by Michael Arndt, it is the third installment in the Toy Story film series and the sequel to Toy Story 2 (1999). The film features the voices of Tom Hanks, Tim Allen, Joan Cusack, Don Rickles, Wallace Shawn, John Ratzenberger, Estelle Harris, Jodi Benson, and John Morris. In the film, Andy Davis, now a teenager, is going to college. Woody, Buzz Lightyear and the other toys are accidentally donated to the Sunnyside Daycare center by Andy's mother, and the toys must decide where their loyalties lie.","https://media.retroachievements.org/Images/082679.png","https://media.retroachievements.org/Images/082677.png","https://media.retroachievements.org/Images/082680.png","https://media.retroachievements.org/Images/082681.png","4.5"
3970,"Grand Theft Auto: Liberty City Stories","Grand Theft Auto: Liberty City Stories is a 2005 action-adventure game developed in a collaboration between Rockstar Leeds and Rockstar North, and published by Rockstar Games. The ninth installment in the Grand Theft Auto series, it was initially released as a PlayStation Portable exclusive in October 2005. A port for the PlayStation 2 was later released in June 2006. At the time of release, the recommended retail price of the PS2 port was around half the price of the PSP version, because the PS2 version does not feature the custom soundtrack ripping capability of the PSP version. Ports for iOS, Android and Fire OS devices were also released in December 2015, February 2016, and March 2016, respectively.","https://media.retroachievements.org/Images/048626.png","https://media.retroachievements.org/Images/048646.png","https://media.retroachievements.org/Images/048597.png","https://media.retroachievements.org/Images/048598.png","4.5"
10523,"LocoRoco","LocoRoco is a 2006 platform video game developed and published by Sony Computer Entertainment for the PlayStation Portable. The game was conceived by Tsutomu Kouno, who strived to create a game that was different from other titles being released for the PSP at the time. After demonstrating a prototype of the core gameplay to his management, Kouno was able to complete development over the course of a year and a half. In LocoRoco, the player must tilt the environment by using the shoulder buttons on the PSP in order to maneuver the LocoRoco, multi-colored jelly-like characters, through each level, being aided by other odd residents while avoiding hazards and the deadly Moja Troop, to reach an end goal.","https://media.retroachievements.org/Images/079490.png","https://media.retroachievements.org/Images/040023.png","https://media.retroachievements.org/Images/040024.png","https://media.retroachievements.org/Images/040025.png","4.5"
29730,"~Homebrew~ Cave Story","Cave Story is a 2004 Metroidvania game for Microsoft Windows. It was developed over five years by Japanese independent developer Daisuke Pixel Amaya in his free time. Cave Story features 2D platform mechanics and is reminiscent of the games Amaya played in his youth, such as Metroid and Castlevania. After its initial self-published release, the game slowly gained popularity on the internet. It received widespread critical acclaim for many polished aspects of its design, such as its compelling characters, setting, story, and gameplay. Cave Story is considered by many as a quintessential indie game because of its one-person development team and influence on the video gaming world.","https://media.retroachievements.org/Images/118843.png","https://media.retroachievements.org/Images/107290.png","https://media.retroachievements.org/Images/095735.png","https://media.retroachievements.org/Images/106160.png","4.5"
3995,"Initial D: Street Stage","The Initial D video game series, known in Japan as Initial D Arcade Stage, is an arcade racing game series developed by Sega, based on the anime and manga series Initial D. In the United States and Europe, the game series is simply known as Initial D.","https://media.retroachievements.org/Images/047610.png","https://media.retroachievements.org/Images/046911.png","https://media.retroachievements.org/Images/046913.png","https://media.retroachievements.org/Images/046909.png","4.5"
14204,"Midnight Club: L.A. Remix","Midnight Club: Los Angeles is a 2008 racing video game developed by Rockstar San Diego and published by Rockstar Games. It is the fourth installment in the Midnight Club series before it was discontinued in January 2010. The game features 43 cars and 3 motorcycles. The open world map of Los Angeles is the size of all three cities from Midnight Club 3: DUB Edition combined. After several delays, Midnight Club: Los Angeles was released in October 2008.","https://media.retroachievements.org/Images/105220.png","https://media.retroachievements.org/Images/116057.png","https://media.retroachievements.org/Images/100183.png","https://media.retroachievements.org/Images/100182.png","4.5"
3511,"The 3rd Birthday","The 3rd Birthday  is a 2010 action role-playing game developed by HexaDrive and published by Square Enix for the PlayStation Portable. It was released in Japan in 2010 and in North America and Europe in 2011. The game is the third entry in the Parasite Eve video game series, based on the titular Japanese novel, and a spin-off, having only a loose connection to events from past games. The game features a third-person shooter-based combat system with role-playing mechanics. A key mechanic is the Overdive ability, which allows the player to possess pre-positioned human allies and inflict damage upon enemies.","https://media.retroachievements.org/Images/114692.png","https://media.retroachievements.org/Images/046661.png","https://media.retroachievements.org/Images/055680.png","https://media.retroachievements.org/Images/055679.png","4.5"
18158,"Dragon Ball Z: Tenkaichi Tag Team","PlayStation Hits is a branding used by Sony Interactive Entertainment for discounted reprints of PlayStation video games. The branding is used for reprints of popular, top-selling games for each console in the PlayStation family, which are deliberately sold with a lower MSRP than the original production runs of a game, and feature special branding—colored in red since PlayStation 2—on their box art, as well as red-colored cases on PlayStation Portable, PlayStation Vita, PlayStation 3, PlayStation 4, and PlayStation 5 releases.","https://media.retroachievements.org/Images/104588.png","https://media.retroachievements.org/Images/050074.png","https://media.retroachievements.org/Images/050075.png","https://media.retroachievements.org/Images/050100.png","4.5"
3888,"Midnight Club 3: DUB Edition","The following is a list of notable vehicle racing video games. The genre first emerged in the mid- to late 1970s.","https://media.retroachievements.org/Images/047360.png","https://media.retroachievements.org/Images/047361.png","https://media.retroachievements.org/Images/047744.png","https://media.retroachievements.org/Images/047743.png","4.5"
3187,"LEGO Star Wars II: The Original Trilogy","Lego Star Wars II: The Original Trilogy is a 2006 Lego-themed action-adventure game developed by Traveller's Tales and published by LucasArts and TT Games Publishing, and is the sequel to Lego Star Wars: The Video Game (2005). Part of the Lego Star Wars series, it is based on George Lucas's movie franchise of the same name and The Lego Group's Lego Star Wars construction toy line. It follows the events of the first three original Star Wars films: A New Hope (1977), The Empire Strikes Back (1980), and Return of the Jedi (1983). The game allows players to assume the roles of over 50 Lego versions of characters from the film series; customized characters can also be created. Camera movement was improved from its predecessor, and the concept of vehicle levels was explored more thoroughly. The game was revealed at American International Toy Fair. Promotions for the game were set up at chain stores across the United States.","https://media.retroachievements.org/Images/064176.png","https://media.retroachievements.org/Images/052466.png","https://media.retroachievements.org/Images/052470.png","https://media.retroachievements.org/Images/052471.png","4.5"
3822,"Final Fantasy II","Final Fantasy II is a 1988 role-playing video game developed and published by Square for the Family Computer as the second installment of the Final Fantasy series. It was ported to and remade for WonderSwan Color, PlayStation, Game Boy Advance, PlayStation Portable, and mobile phones. Originally exclusive to Japan, later versions were released internationally, including the 2021 Final Fantasy Pixel Remaster version. The story follows the warrior Firion and his allies as they join a rebellion against the expanding Palamecian Empire. The gameplay is similar to the original game with an overworld and dungeon exploration, but its combat design is changed to a usage-based growth system where characters' statistics increase according to how they are used or acquired.","https://media.retroachievements.org/Images/070786.png","https://media.retroachievements.org/Images/049847.png","https://media.retroachievements.org/Images/068024.png","https://media.retroachievements.org/Images/084411.png","4.5"
3572,"MediEvil: Resurrection","MediEvil: Resurrection is a 2005 action-adventure game developed by SCEE Cambridge Studio and published by Sony Computer Entertainment for the PlayStation Portable. It is a re-imagining of the first installment in the series, MediEvil. It was first released as a launch title in September 2005 in North America and Europe. The game is set in the medieval Kingdom of Gallowmere and centres around the charlatan protagonist, Sir Daniel Fortesque, as he makes an attempt to stop antagonist Zarok's invasion of the kingdom whilst simultaneously redeeming himself. The game also features a variety of voice talents, including Tom Baker as the narrator and the Grim Reaper.","https://media.retroachievements.org/Images/075441.png","https://media.retroachievements.org/Images/114356.png","https://media.retroachievements.org/Images/076993.png","https://media.retroachievements.org/Images/076992.png","4.5"
3589,"Metal Gear Solid: Portable Ops","Metal Gear Solid: Portable Ops, officially abbreviated MPO, is a 2006 action-adventure stealth game developed and published by Konami for the PlayStation Portable. The game was directed by Masahiro Yamamoto and written by Gakuto Mikumo, with series creator Hideo Kojima acting as producer.","https://media.retroachievements.org/Images/047374.png","https://media.retroachievements.org/Images/046894.png","https://media.retroachievements.org/Images/046896.png","https://media.retroachievements.org/Images/118047.png","4.5"
14662,"Valkyria Chronicles 2","Valkyria Chronicles II is a tactical role-playing video game developed and published by Sega for the PlayStation Portable. Released in 2010, it is the second game in the Valkyria Chronicles series of games and the sequel to Valkyria Chronicles.","https://media.retroachievements.org/Images/047365.png","https://media.retroachievements.org/Images/046783.png","https://media.retroachievements.org/Images/046785.png","https://media.retroachievements.org/Images/046784.png","4.5"
3929,"PaRappa the Rapper","PaRappa the Rapper is a rhythm video game developed by NanaOn-Sha and published by Sony Computer Entertainment for the PlayStation. It was originally released in Japan in 1996 and worldwide in 1997. Created by music producer Masaya Matsuura in collaboration with artist Rodney Greenblat, the game features unique visual design and rap-based gameplay and is considered to be the first true rhythm game. It was ported to the PlayStation Portable in 2006 in celebration of its 10-year anniversary. A remastered version of the original PlayStation game was released for PlayStation 4 in 2017 for the game's twentieth anniversary.","https://media.retroachievements.org/Images/123526.png","https://media.retroachievements.org/Images/048596.png","https://media.retroachievements.org/Images/048608.png","https://media.retroachievements.org/Images/048607.png","4.5"
3587,"Ultimate Ghosts 'n Goblins","Ultimate Ghosts 'n Goblins is a video game in Capcom's Ghosts 'n Goblins series, developed by Tose and published by Capcom. It was released for the PlayStation Portable on August 3, 2006, in Japan and August 29, 2006, in North America. Ultimate Ghosts 'n Goblins is the first game in the main series to employ 3D graphics, while maintaining much of the 2D gameplay mechanics of the earlier games. It also marks the return of the series' project head, Tokuro Fujiwara.","https://media.retroachievements.org/Images/052631.png","https://media.retroachievements.org/Images/040564.png","https://media.retroachievements.org/Images/040572.png","https://media.retroachievements.org/Images/040578.png","4.5"
4004,"Metal Slug XX","Metal Slug 7 is a run and gun video game developed by SNK Playmore for the Nintendo DS. It is the seventh and final title in the main Metal Slug series. It marks the first game in the main series that would be released without an arcade version. The game was released in 2008 for Japan on July 22 and North America on November 28 by Ignition Entertainment.","https://media.retroachievements.org/Images/065558.png","https://media.retroachievements.org/Images/054830.png","https://media.retroachievements.org/Images/049508.png","https://media.retroachievements.org/Images/116697.png","4.5"
3514,"Ape Escape: On the Loose","Ape Escape is a 1999 platform game developed and published by Sony Computer Entertainment for the PlayStation. The first game in the Ape Escape series, the game tells the story of an ape named Specter who gains enhanced intelligence and a malevolent streak through the use of an experimental helmet. Specter produces an army of apes, which he sends through time in an attempt to rewrite history. Spike, the player character, sets out to capture the apes with the aid of special gadgets.","https://media.retroachievements.org/Images/100514.png","https://media.retroachievements.org/Images/058233.png","https://media.retroachievements.org/Images/053090.png","https://media.retroachievements.org/Images/053088.png","4.5"
3951,"Mortal Kombat: Unchained","Mortal Kombat is an American media franchise centered on a series of fighting video games originally developed by Midway Games in 1992.","https://media.retroachievements.org/Images/124121.png","https://media.retroachievements.org/Images/046925.png","https://media.retroachievements.org/Images/083096.png","https://media.retroachievements.org/Images/083097.png","4.5"
3591,"Monster Hunter Freedom","Monster Hunter Freedom is a 2005 action role-playing game developed and published by Capcom for the PlayStation Portable. The first handheld installment in the Monster Hunter franchise, the game is an enhanced port of Monster Hunter G, rebalanced to allow for easier solo quest completion and game progression.","https://media.retroachievements.org/Images/085841.png","https://media.retroachievements.org/Images/089055.png","https://media.retroachievements.org/Images/043632.png","https://media.retroachievements.org/Images/043634.png","4.5"
3733,"N+","N+ is the console and handheld version of the Adobe Flash game N, which was developed by Metanet Software. N+ for Xbox Live Arcade was developed by Slick Entertainment and published by Metanet Software. Unique versions of the game were also ported separately to the PlayStation Portable and Nintendo DS by developers SilverBirch Studios and Atari. Metanet Software licensed their N IP for this deal, provided single player level design for both versions, and consulted on the project.","https://media.retroachievements.org/Images/052253.png","https://media.retroachievements.org/Images/052449.png","https://media.retroachievements.org/Images/052248.png","https://media.retroachievements.org/Images/052249.png","4.4"
2970,"Street Fighter Alpha 3 Max","Street Fighter Alpha 3, released as Street Fighter Zero 3 in Japan, Asia, South America, and Oceania, is a 1998 fighting game developed and published by Capcom for arcades. It is the third and final installment in the Street Fighter Alpha series, and runs on the same CP System II hardware as previous Alpha games. Alpha 3 further expanded the playable fighter roster from Street Fighter Alpha 2 and added new features such as selectable fighting styles called isms.","https://media.retroachievements.org/Images/060818.png","https://media.retroachievements.org/Images/053894.png","https://media.retroachievements.org/Images/057693.png","https://media.retroachievements.org/Images/057692.png","4.4"
3921,"Hatsune Miku: Project DIVA","This is a list of games for the Sony PlayStation Portable handheld console. It does not include PSOne classics, PS minis, or NEOGEO Station. Games have been released in several regions around the world; North America (NA), Japan (JP), Europe (EU), and Australia (AUS).","https://media.retroachievements.org/Images/061882.png","https://media.retroachievements.org/Images/046939.png","https://media.retroachievements.org/Images/046940.png","https://media.retroachievements.org/Images/046941.png","4.4"
2971,"Peggle","Peggle is a casual puzzle video game developed by PopCap Games. Initially released for Microsoft Windows and Mac OS X systems in 2007, it has since had versions released for Xbox Live Arcade, PlayStation Network, the Nintendo DS, Windows Mobile, iOS, Zeebo, and Android; the game has also been ported as a Java application, and an extended minigame incorporated into the massively multiplayer online game World of Warcraft. A sequel was released in September 2008, titled Peggle Nights. PopCap, a subsidiary of Electronic Arts, announced Peggle 2 at E3 2013.","https://media.retroachievements.org/Images/048181.png","https://media.retroachievements.org/Images/114136.png","https://media.retroachievements.org/Images/048184.png","https://media.retroachievements.org/Images/048185.png","4.4"
18185,"Williams Pinball Classics | Pinball Hall of Fame: The Williams Collection","This is a list of games for the Sony PlayStation Portable handheld console. It does not include PSOne classics, PS minis, or NEOGEO Station. Games have been released in several regions around the world; North America (NA), Japan (JP), Europe (EU), and Australia (AUS).","https://media.retroachievements.org/Images/050312.png","https://media.retroachievements.org/Images/050440.png","https://media.retroachievements.org/Images/050311.png","https://media.retroachievements.org/Images/050310.png","4.4"
18009,"Ben 10: Alien Force","Ben 10: Alien Force is an American animated television series created by team Man of Action, and produced by Cartoon Network Studios. It is the sequel to Ben 10 (2005–2008), set five years later and taking a darker turn than its predecessor.","https://media.retroachievements.org/Images/059702.png","https://media.retroachievements.org/Images/059643.png","https://media.retroachievements.org/Images/059641.png","https://media.retroachievements.org/Images/063502.png","4.4"
20495,"Naruto Shippuden: Ultimate Ninja Heroes 3","This is a list of games for the Sony PlayStation Portable handheld console. It does not include PSOne classics, PS minis, or NEOGEO Station. Games have been released in several regions around the world; North America (NA), Japan (JP), Europe (EU), and Australia (AUS).","https://media.retroachievements.org/Images/124567.png","https://media.retroachievements.org/Images/063353.png","https://media.retroachievements.org/Images/063350.png","https://media.retroachievements.org/Images/063351.png","4.4"
18067,"The Sims 2","The Sims is a 2000 social simulation video game developed by Maxis and published by Electronic Arts. The game allows players to create and control virtual people, called Sims, and manage their daily lives in a suburban setting. The game features open-ended gameplay where players can choose their own goals and objectives, and customize their Sims' appearance, personality, skills, relationships, and environment. A series of expansion packs were also released that add new content and features to the game, such as new careers, items, locations, and scenarios.","https://media.retroachievements.org/Images/064779.png","https://media.retroachievements.org/Images/064729.png","https://media.retroachievements.org/Images/064734.png","https://media.retroachievements.org/Images/064735.png","4.4"
2973,"Medal of Honor: Heroes","This is a list of games for the Sony PlayStation Portable handheld console. It does not include PSOne classics, PS minis, or NEOGEO Station. Games have been released in several regions around the world; North America (NA), Japan (JP), Europe (EU), and Australia (AUS).","https://media.retroachievements.org/Images/048163.png","https://media.retroachievements.org/Images/048125.png","https://media.retroachievements.org/Images/047911.png","https://media.retroachievements.org/Images/047912.png","4.4"
22484,"Naruto Shippuden: Ultimate Ninja Impact","Naruto: Ultimate Ninja, known in Japan as the Naruto: Narutimate Series , is a series of fighting video games, based on the popular manga and anime series Naruto by Masashi Kishimoto. It was developed by CyberConnect2, and published by Bandai and later Bandai Namco Games. The first game was released in 2004 for the PlayStation 2, and was followed by four more titles for the system, as well as five spinoffs for the PlayStation Portable. A follow-up for the PlayStation 3, titled Naruto: Ultimate Ninja Storm, was the first to feature three-dimensional battles, and began the long-running Storm sub-series. While starting out as a series exclusive to the PlayStation family of systems, the series has also been present on Xbox and PC platforms since the release of Naruto Shippuden: Ultimate Ninja Storm 2 for the Xbox 360 and Naruto Shippuden: Ultimate Ninja Storm 3 Full Burst for Windows, respectively. Latest releases were also ported to the Nintendo Switch. The Naruto: Ultimate Ninja series sold over 20 million copies worldwide as of December 2019. And in 2024 Ultimate Ninja Storm series sold over 30 Million copies and Bandai namco posted a congratulatory art from the author, Masashi Kishimoto, as a celebration of 30 million units sold worldwide.","https://media.retroachievements.org/Images/079890.png","https://media.retroachievements.org/Images/095357.png","https://media.retroachievements.org/Images/095358.png","https://media.retroachievements.org/Images/095359.png","4.4"
3914,"The Simpsons Game","The Simpsons Game is a 2007 platform game based on the animated television series The Simpsons made for the Nintendo DS, Wii, Xbox 360, PlayStation 2, PlayStation 3 and PlayStation Portable. The game was developed by EA Redwood Shores and published by Electronic Arts. It was released in North America in October 2007 and worldwide in November 2007, a few months after The Simpsons Movie. It features an original storyline, not related to the movie, written by Simpsons writers Tim Long and Matt Warburton. In the self-referential plot, the family discovers that they are forced to participate in another The Simpsons video game. Similar to the show, the game pokes fun at popular culture, many other video games, and EA, its publisher.","https://media.retroachievements.org/Images/079434.png","https://media.retroachievements.org/Images/048767.png","https://media.retroachievements.org/Images/048764.png","https://media.retroachievements.org/Images/048765.png","4.4"
3037,"LEGO Harry Potter: Years 1-4","Lego Harry Potter: Years 1–4 is an action-adventure game developed by Traveller's Tales and published by Warner Bros. Interactive Entertainment. The game is based on the Lego Harry Potter toy line, and its storyline covers the first four books by J. K. Rowling and its film adaptations in the Harry Potter film series, Philosopher's Stone (2001), Chamber of Secrets (2002), Prisoner of Azkaban (2004), and Goblet of Fire (2005).","https://media.retroachievements.org/Images/107797.png","https://media.retroachievements.org/Images/073233.png","https://media.retroachievements.org/Images/074078.png","https://media.retroachievements.org/Images/074080.png","4.4"
6352,"20Q","20Q is a computerized game of twenty questions that began as a test in artificial intelligence (AI). It was invented by Robin Burgener in 1988. The game was made handheld by Radica in 2003, but was discontinued in 2011 because Techno Source took the license for 20Q handheld devices.","https://media.retroachievements.org/Images/104385.png","https://media.retroachievements.org/Images/048435.png","https://media.retroachievements.org/Images/048436.png","https://media.retroachievements.org/Images/048437.png","4.4"
3571,"Me & My Katamari","Me & My Katamari is a 2005 action-puzzle video game developed and published by Namco for the PlayStation Portable. It is the third game in the Katamari series, the first game on a portable system and the first game produced without the involvement of series creator Keita Takahashi. It is also the last Katamari game to be published by Namco as an independent company, which merged with Bandai after its release to form Namco Bandai Games in 2006.","https://media.retroachievements.org/Images/047357.png","https://media.retroachievements.org/Images/047567.png","https://media.retroachievements.org/Images/047674.png","https://media.retroachievements.org/Images/047673.png","4.4"
10479,"The Legend of Heroes: Trails in the Sky FC","This is a list of games for the PlayStation 5. Physical games are sold on Ultra HD Blu-ray and digital games can be purchased through the PlayStation Store. The PlayStation 5 is backwards compatible with all but nine PlayStation 4 games. This list only includes games that are released natively for PlayStation 5. PlayStation VR2 and backwards compatible games are excluded.","https://media.retroachievements.org/Images/038832.png","https://media.retroachievements.org/Images/048169.png","https://media.retroachievements.org/Images/029555.png","https://media.retroachievements.org/Images/046812.png","4.4"
6427,"Yu-Gi-Oh! ARC-V Tag Force Special","This is a list of games for the Sony PlayStation Portable handheld console. It does not include PSOne classics, PS minis, or NEOGEO Station. Games have been released in several regions around the world; North America (NA), Japan (JP), Europe (EU), and Australia (AUS).","https://media.retroachievements.org/Images/048259.png","https://media.retroachievements.org/Images/047864.png","https://media.retroachievements.org/Images/075585.png","https://media.retroachievements.org/Images/075586.png","4.4"
3223,"Lumines","Lumines is a puzzle video game series developed by Q Entertainment. The core objective of the games is to survive by rotating and aligning 2×2 blocks varying between two colors to form 2×2 squares of a single color which will be erased when the Time Line passes over them. The game is lost when the blocks reach the top of the playing field.","https://media.retroachievements.org/Images/086705.png","https://media.retroachievements.org/Images/081489.png","https://media.retroachievements.org/Images/081490.png","https://media.retroachievements.org/Images/081491.png","4.4"
3506,"Patapon 2","Patapon 2 is a 2008 rhythm video game developed by Pyramid and Japan Studio and published by Sony Computer Entertainment for the PlayStation Portable. It is a direct sequel to Patapon, and like its predecessor, uses the same unique genre that combines rhythm and strategy. The game was released in Japan in November 2008, in PAL regions in March 2009, in North America in May 2009, and a port for the PlayStation 4 was released on January 30, 2020. A remaster of the game is included in the compilation Patapon 1+2 Replay, released on July 11, 2025, for Nintendo Switch, PlayStation 5 and Windows.","https://media.retroachievements.org/Images/047446.png","https://media.retroachievements.org/Images/047379.png","https://media.retroachievements.org/Images/062812.png","https://media.retroachievements.org/Images/062813.png","4.4"
2759,"WTF: Work Time Fun","This is a list of games for the Sony PlayStation Portable handheld console. It does not include PSOne classics, PS minis, or NEOGEO Station. Games have been released in several regions around the world; North America (NA), Japan (JP), Europe (EU), and Australia (AUS).","https://media.retroachievements.org/Images/053435.png","https://media.retroachievements.org/Images/044373.png","https://media.retroachievements.org/Images/044371.png","https://media.retroachievements.org/Images/053434.png","4.4"
18142,"Digimon Adventure","Digimon Adventure  is a 2013 role-playing video game developed by Prope and published by Bandai Namco Games under the Bandai label for the PlayStation Portable. The story of the game is based on the 1999 Digimon anime series of the same name. It includes dialogue with voice acting from the main voice acting team of the anime. The opening theme song for the anime, Butter-Fly by Kōji Wada, and the insert song used for digivolutions, Brave Heart by Ayumi Miyazaki, are also featured. The game is part of the series' 15th anniversary celebration and was released in Japan on January 13, 2013.","https://media.retroachievements.org/Images/082874.png","https://media.retroachievements.org/Images/092946.png","https://media.retroachievements.org/Images/092944.png","https://media.retroachievements.org/Images/092945.png","4.4"
3519,"K-ON! Ho-kago Live!!","There are currently 2402 games in this table across all pages: A to C, D to I, J to P, and Q to Z. It does not include PlayStation minis, PS one Classics or PS2 Classics.","https://media.retroachievements.org/Images/047661.png","https://media.retroachievements.org/Images/070829.png","https://media.retroachievements.org/Images/046903.png","https://media.retroachievements.org/Images/046904.png","4.4"
14205,"Age of Zombies","Age of Zombies is an action-adventure survival horror video game developed and published by Halfbrick Studios. It was released for PlayStation Portable, PlayStation 3 and iOS in 2010, for Android in 2011, for PlayStation Vita in 2013, and for Ouya in 2014.","https://media.retroachievements.org/Images/099896.png","https://media.retroachievements.org/Images/078935.png","https://media.retroachievements.org/Images/078937.png","https://media.retroachievements.org/Images/078938.png","4.3"
3729,"Danganronpa: Kibou no Gakuen to Zetsubou no Koukousei","Danganronpa: Trigger Happy Havoc is a visual novel adventure game developed and published by Spike. The first installment in the Danganronpa series, it was originally released for the PlayStation Portable in Japan in November 2010. It was ported to Android and iOS in August 2012. NIS America localized and published the game internationally on PlayStation consoles, with the first release of the game in English occurring in 2014.","https://media.retroachievements.org/Images/049283.png","https://media.retroachievements.org/Images/048658.png","https://media.retroachievements.org/Images/048659.png","https://media.retroachievements.org/Images/048660.png","4.3"
2735,"One Piece: Romance Dawn - Bouken no Yoake","This is a list of games for the Sony PlayStation Portable handheld console. It does not include PSOne classics, PS minis, or NEOGEO Station. Games have been released in several regions around the world; North America (NA), Japan (JP), Europe (EU), and Australia (AUS).","https://media.retroachievements.org/Images/063134.png","https://media.retroachievements.org/Images/054852.png","https://media.retroachievements.org/Images/054850.png","https://media.retroachievements.org/Images/054851.png","4.3"
18159,"Fate/Extra","Fate/Extra is a dungeon crawler role-playing game developed by Type-Moon and Imageepoch and published by Marvelous Entertainment for the PlayStation Portable. The game takes place in a parallel universe to the visual novel Fate/stay night. It was released in Japan on July 22, 2010. Aksys Games localized the game for North America and released it on November 21, 2011. Three editions of the game were released in North America: a Limited Edition, a retail standard edition, and a PlayStation Network downloadable version. On May 4, 2012, Ghostlight released the game in PAL territories.","https://media.retroachievements.org/Images/087496.png","https://media.retroachievements.org/Images/051911.png","https://media.retroachievements.org/Images/051909.png","https://media.retroachievements.org/Images/087350.png","4.3"
18455,"Spider-Man: Web of Shadows - Amazing Allies Edition","Spider-Man: Web of Shadows is a 2008 action-adventure video game based on the Marvel Comics character Spider-Man. The game was released in October 2008 across multiple platforms, and encompasses three drastically different versions: one released for Microsoft Windows, the PlayStation 3, Wii, and Xbox 360, which features an open world and non-linear gameplay; one for the PlayStation 2 and PlayStation Portable, which is a 2.5D side-scrolling beat 'em up; and one for the Nintendo DS, a Metroidvania-style beat 'em up. All three versions have several common elements, such as moral choices that alter the narrative, the ability to summon allies during fights, and a similar plot, despite different characters being featured. Web of Shadows' storyline is significantly darker than most previous Spider-Man games, as it revolves around a symbiote invasion threatening Manhattan, which Spider-Man must stop with the help of several unlikely allies.","https://media.retroachievements.org/Images/067440.png","https://media.retroachievements.org/Images/062107.png","https://media.retroachievements.org/Images/062106.png","https://media.retroachievements.org/Images/062105.png","4.3"
3040,"LEGO Pirates of the Caribbean: The Video Game","Lego Pirates of the Caribbean: The Video Game is a 2011 Lego-themed action-adventure video game, based on the Pirates of the Caribbean film series, developed by Traveller's Tales and published by Disney Interactive Studios for Xbox 360, PlayStation 3, PlayStation Portable, Wii, Nintendo DS, Nintendo 3DS, Microsoft Windows, and Mac OS X. The game was released to coincide with the release of Pirates of the Caribbean: On Stranger Tides, and retells the plot of the first four films in the Pirates Of The Caribbean series.","https://media.retroachievements.org/Images/125060.png","https://media.retroachievements.org/Images/072682.png","https://media.retroachievements.org/Images/081957.png","https://media.retroachievements.org/Images/081956.png","4.3"
22488,"Sword Art Online: Infinity Moment","This is a list of games for the Sony PlayStation Portable handheld console. It does not include PSOne classics, PS minis, or NEOGEO Station. Games have been released in several regions around the world; North America (NA), Japan (JP), Europe (EU), and Australia (AUS).","https://media.retroachievements.org/Images/084566.png","https://media.retroachievements.org/Images/068853.png","https://media.retroachievements.org/Images/068854.png","https://media.retroachievements.org/Images/068855.png","4.3"
2388,"Canabalt","Canabalt is a one-button endless runner designed by Adam Saltsman for the Experimental Gameplay Project in 2009. The 2D side-scrolling video game was originally written as a Flash game, then ported to iOS, Android, PlayStation Portable, Ouya, and HTML5. An authorized version for the Commodore 64 called C64anabalt was released on cartridge. Canabalt has been credited with popularizing the endless runner subgenre.","https://media.retroachievements.org/Images/061568.png","https://media.retroachievements.org/Images/052056.png","https://media.retroachievements.org/Images/052057.png","https://media.retroachievements.org/Images/052058.png","4.3"
18088,"Bleach: Heat the Soul","Bleach: Heat the Soul is a series of fighting games developed by Eighting and published by Sony Computer Entertainment for the PlayStation Portable. They are based on the manga and anime series Bleach by Tite Kubo. All installments have been released only in Japan.","https://media.retroachievements.org/Images/049501.png","https://media.retroachievements.org/Images/049462.png","https://media.retroachievements.org/Images/049493.png","https://media.retroachievements.org/Images/049494.png","4.3"
14169,"Valkyrie Profile: Lenneth","Valkyrie Profile is a role-playing video game developed by tri-Ace and published by Enix for the PlayStation. It was released on December 22, 1999 in Japan and on August 29, 2000 in North America. Inspired by Norse mythology, Valkyrie Profile follows the titular valkyrie, Lenneth, as she travels through Midgard, collecting the souls of slain heroes to serve either as einherjar or her personal companions for Ragnarok - the battle to decide the fate of all creation - and trains them by fighting monsters and performing additional quests. As she journeys, she learns more about her original human life, removed from her memory upon becoming a Valkyrie.","https://media.retroachievements.org/Images/059812.png","https://media.retroachievements.org/Images/056420.png","https://media.retroachievements.org/Images/056418.png","https://media.retroachievements.org/Images/056428.png","4.3"
18133,"Diner Dash","Diner Dash is a strategy and time management video game initially developed by Gamelab and published by PlayFirst. It is now owned and published by Glu Mobile. It was one of the top-selling downloadable games of all time, available in multiple platforms such as PC, Mac, consoles, and mobile.","https://media.retroachievements.org/Images/050365.png","https://media.retroachievements.org/Images/049967.png","https://media.retroachievements.org/Images/049968.png","https://media.retroachievements.org/Images/049969.png","4.3"
3726,"Tactics Ogre: Let Us Cling Together","Tactics Ogre: Let Us Cling Together is a 1995 tactical role-playing game developed and published by Quest Corporation for the Super Famicom. It was later ported to the Sega Saturn (1996) and the PlayStation (1997), the latter released in North America in 1998 by Atlus USA. The second entry in the Ogre Battle series, the story takes place in the war-torn kingdom of Valeria, where protagonist Denim Powell works in a local resistance force against occupying powers, ending up caught in the ethnic conflicts driving the war. Battles are turn-based, taking place on grid-based maps from an overhead perspective with a focus on positioning and using character class abilities.","https://media.retroachievements.org/Images/085080.png","https://media.retroachievements.org/Images/066069.png","https://media.retroachievements.org/Images/063938.png","https://media.retroachievements.org/Images/063940.png","4.3"
18350,"SpongeBob's Truth or Square","SpongeBob's Truth or Square is a 2009 made-for-television comedy film and an hour-long episode of the American animated television series SpongeBob SquarePants that was produced as the 123rd and 124th episodes of the series. The special originally aired on Nickelodeon in the United States on November 6, 2009, celebrating the tenth anniversary of the television series. This is the second SpongeBob SquarePants television film, following SpongeBob's Atlantis SquarePantis (2007). Its animation was directed by supervising director Alan Smart, Andrew Overtoom and Tom Yasumi.","https://media.retroachievements.org/Images/069963.png","https://media.retroachievements.org/Images/051845.png","https://media.retroachievements.org/Images/051844.png","https://media.retroachievements.org/Images/051843.png","4.3"
20095,"Michael Jackson: The Experience","Michael Jackson: The Experience is a music video game based on Michael Jackson's songs. It was developed and published by Ubisoft, and was released on 23 November 2010 in North America, 25 November 2010 in Australia and 26 November 2010 in Europe for the Nintendo DS, PlayStation Portable, and Wii. It was also released on 12 April 2011 in North America, 14 April 2011 in Australia and 15 April 2011 in Europe for PlayStation 3's PlayStation Move and Xbox 360's Kinect. The Japanese release on 8 December 2011 only revised the PlayStation 3, Xbox 360, and Wii consoles. The game features many of Michael Jackson's hits, such as Bad, Thriller, Beat It, Billie Jean, Smooth Criminal, Black or White, The Way You Make Me Feel, etc. However, some songs like Man in the Mirror and P.Y.T.  are excluded, and there are no songs from the Motown era. Initial launches of the game included a limited edition replica of Jackson's sequined glove. It was later released for the Nintendo 3DS on 7 November 2011 in North America and 11 November 2011 in Europe, for iPhone and iPad on 7 December 2011 in North America and for PlayStation Vita on 15 February 2012 in North America, 22 February 2012 in Europe and 23 February 2012 in Australia. It was announced that the game would be released on Mac OS X, and iPad 2. The game sold 2 million units in two months, not including Japanese sales, making it one of the best-selling Wii title games.","https://media.retroachievements.org/Images/104673.png","https://media.retroachievements.org/Images/060042.png","https://media.retroachievements.org/Images/060040.png","https://media.retroachievements.org/Images/060041.png","4.3"
3999,"Nayuta no Kiseki","The Legend of Nayuta: Boundless Trails is a 2012 action role-playing game developed by Nihon Falcom. The game is a part of the Trails series, itself a part of the larger The Legend of Heroes series. It was first released in Japan for PlayStation Portable. A high-definition remaster was released in Japan for PlayStation 4 and Windows in 2021 and for Nintendo Switch in 2022. This version was localized in English by NIS America and released in September 2023.","https://media.retroachievements.org/Images/057745.png","https://media.retroachievements.org/Images/038824.png","https://media.retroachievements.org/Images/038822.png","https://media.retroachievements.org/Images/038823.png","4.3"
18173,"Spider-Man 2","Spider-Man 2 is a 2004 American superhero film based on the Marvel Comics character Spider-Man. Directed by Sam Raimi and written by Alvin Sargent from a story conceived by Michael Chabon and the writing team of Alfred Gough and Miles Millar, it is the second installment in Raimi's Spider-Man trilogy, following the 2002 film. The film stars Tobey Maguire as Peter Parker / Spider-Man, alongside Kirsten Dunst, James Franco, Alfred Molina, Rosemary Harris, and Donna Murphy. Peter Parker fights to stop scientist Dr. Otto Octavius from recreating a dangerous experiment, while also dealing with a personal crisis.","https://media.retroachievements.org/Images/084493.png","https://media.retroachievements.org/Images/061802.png","https://media.retroachievements.org/Images/061803.png","https://media.retroachievements.org/Images/061801.png","4.3"
28296,"~Homebrew~ Fruit Ninja","Fruit Ninja is a video game developed by Halfbrick Studios originally released on April 20, 2010. In the game, the player must slice fruit that is thrown into the air by swiping the device's touch screen with their finger(s) or the player's arms and hands, and must not slice bombs. It features multiple gameplay modes, leaderboards and multiplayer.","https://media.retroachievements.org/Images/088422.png","https://media.retroachievements.org/Images/088410.png","https://media.retroachievements.org/Images/088441.png","https://media.retroachievements.org/Images/088440.png","4.3"
3541,"Corpse Party","Corpse Party  is a horror video game series originally created by Makoto Kedōin and eventually developed by Team GrisGris. Blending elements and genres of supernatural horror, survival horror, adventure, and doujin soft, the video game series often features a group of Japanese high school students who attempt to escape after becoming trapped in an abandoned, parallel school; haunted by a vengeful spirit in a red dress.","https://media.retroachievements.org/Images/114111.png","https://media.retroachievements.org/Images/029548.png","https://media.retroachievements.org/Images/029545.png","https://media.retroachievements.org/Images/029546.png","4.3"
18712,"Def Jam: Fight for NY - The Takeover","This is a list of games for the Sony PlayStation Portable handheld console. It does not include PSOne classics, PS minis, or NEOGEO Station. Games have been released in several regions around the world; North America (NA), Japan (JP), Europe (EU), and Australia (AUS).","https://media.retroachievements.org/Images/112295.png","https://media.retroachievements.org/Images/111895.png","https://media.retroachievements.org/Images/123181.png","https://media.retroachievements.org/Images/111749.png","4.3"
3908,"Star Ocean: First Departure","Star Ocean is a 1996 action role-playing game developed by tri-Ace and published by Enix for the Super Famicom. The first game in the Star Ocean series, it was released only in Japan in July 1996, and was the first game developed by tri-Ace, consisting of staff that had previously left Wolf Team due to being unhappy with the development process for Tales of Phantasia with Namco in 1995. The game used a special compression chip in its cartridge to compress and store all of the game's data due to possessing graphics that pushed the limits of the Super Famicom. Additionally, the game had voice acting for the game's intro and voice clips that played during the game's battle gameplay, a rarity for games on the system.","https://media.retroachievements.org/Images/103361.png","https://media.retroachievements.org/Images/054827.png","https://media.retroachievements.org/Images/065949.png","https://media.retroachievements.org/Images/101962.png","4.3"
3255,"Twisted Metal: Head-On","Twisted Metal: Head-On is a 2005 vehicular combat video game developed by Incognito Entertainment and published by Sony Computer Entertainment for the PlayStation Portable. A port developed by Eat Sleep Play for the PlayStation 2 was released in 2008. Head-On is the seventh installment of the Twisted Metal series, and the first game in the series to ship fully online-enabled.","https://media.retroachievements.org/Images/059674.png","https://media.retroachievements.org/Images/069988.png","https://media.retroachievements.org/Images/048640.png","https://media.retroachievements.org/Images/048641.png","4.3"
18161,"Crash: Mind Over Mutant","Crash: Mind over Mutant is a 2008 platform game developed by Radical Entertainment for the PlayStation 2, PlayStation Portable, Wii and Xbox 360. It was released in North America on October 7, 2008, and was later released in Europe and Australia on October 30 and October 31, respectively. A separate version for the Nintendo DS was developed by Tose. It is the second game in the series not to have a Japanese release,, the first to be published by Activision following its merging with the series' previous publisher Vivendi Games, and the last major console entry as a whole until 2017's Crash Bandicoot N. Sane Trilogy — a remaster of the first three Crash games.","https://media.retroachievements.org/Images/081068.png","https://media.retroachievements.org/Images/053809.png","https://media.retroachievements.org/Images/083214.png","https://media.retroachievements.org/Images/083215.png","4.3"
18116,"Naruto: Ultimate Ninja Heroes","Naruto: Ultimate Ninja Heroes is a North America and PAL region-exclusive fighting game developed by CyberConnect2 and MiCROViSion and published by Namco Bandai Games for PlayStation Portable in 2007. It is the first installment of the Heroes series in the west; it is also essentially an edited version of Naruto: Ultimate Ninja Heroes 2: The Phantom Fortress, serving as a prequel to the next game, as the Japanese dub is not included in this game, essentially turning the game into a scaled down version of Naruto: Ultimate Ninja 2.","https://media.retroachievements.org/Images/080234.png","https://media.retroachievements.org/Images/049709.png","https://media.retroachievements.org/Images/049712.png","https://media.retroachievements.org/Images/049711.png","4.3"
3974,"Pangya Fantasy Golf","This is a list of games for the Sony PlayStation Portable handheld console. It does not include PSOne classics, PS minis, or NEOGEO Station. Games have been released in several regions around the world; North America (NA), Japan (JP), Europe (EU), and Australia (AUS).","https://media.retroachievements.org/Images/047346.png","https://media.retroachievements.org/Images/047064.png","https://media.retroachievements.org/Images/048434.png","https://media.retroachievements.org/Images/048433.png","4.3"
3516,"Hatsune Miku: Project DIVA Extend","Hatsune Miku: Project Diva  is a series of rhythm games created by Sega and Crypton Future Media. The series currently consists of 6 main titles, released on various PlayStation consoles, the Nintendo Switch, Microsoft Windows, and in arcades, the 2 Project Mirai games for the Nintendo 3DS, and 4 spin-offs for mobile and VR platforms. The series primarily makes use of Vocaloids, a series of singing synthesizer software developed by the Yamaha Corporation, and the songs created using these Vocaloids, most notably the virtual-diva Vocaloid Hatsune Miku.","https://media.retroachievements.org/Images/061884.png","https://media.retroachievements.org/Images/047572.png","https://media.retroachievements.org/Images/047885.png","https://media.retroachievements.org/Images/047883.png","4.3"
10481,"The Legend of Heroes: Trails in the Sky SC","The Legend of Heroes: Trails in the Sky SC is a 2006 role-playing video game developed by Nihon Falcom. The game is the second installment of the Trails series, itself a part of the larger The Legend of Heroes series, and follows Trails in the Sky (2004). It was first released in Japan for Windows in 2006 before releasing for the PlayStation Portable the following year.","https://media.retroachievements.org/Images/051354.png","https://media.retroachievements.org/Images/047174.png","https://media.retroachievements.org/Images/029558.png","https://media.retroachievements.org/Images/029559.png","4.2"
3717,"Puzzle Quest: Challenge of the Warlords","Puzzle Quest: Challenge of the Warlords is a puzzle video game designed by Steve Fawkner for Australian game developer Infinite Interactive and published by D3 Publisher in 2007. The game combines role-playing with tile-matching elements. Taking place in a high fantasy setting, the player moves their character around the game's world and encounters monsters and other enemies to fight so as to gain experience and acquire treasure as in a typical role-playing game. Combat takes place on a board similar to Bejeweled, and by making matches of coloured gems, the combatants can cause damage to their opponents, cast spells, or perform other abilities that affect the flow of the game.","https://media.retroachievements.org/Images/047372.png","https://media.retroachievements.org/Images/047404.png","https://media.retroachievements.org/Images/047419.png","https://media.retroachievements.org/Images/047420.png","4.2"
2923,"Black Rock Shooter: The Game","Black Rock Shooter: The Game  is an action role-playing game developed by Imageepoch for the PlayStation Portable. It is based on the Black Rock Shooter franchise created by Huke. The game was released in Japan on August 25, 2011. NIS America published the game digitally on the PlayStation Store in the United States and Europe in April 2013, respectively.","https://media.retroachievements.org/Images/047115.png","https://media.retroachievements.org/Images/047111.png","https://media.retroachievements.org/Images/047112.png","https://media.retroachievements.org/Images/047113.png","4.2"
18066,"Pac-Man: Championship Edition","Pac-Man Championship Edition is a 2007 maze video game developed and published by Namco Bandai Games for the Xbox 360. It has since been released on several other platforms, including iOS, Android, and the PlayStation Portable as a PSP mini title available on the PlayStation Store. It is an HD reimagining of Namco's original Pac-Man arcade game; players navigate Pac-Man through an enclosed maze, eating pellets and avoiding four ghosts that pursue him. Clearing an entire side of the maze of dots will cause a fruit item to appear, and eating it will cause a new maze to appear on the opposite side.","https://media.retroachievements.org/Images/068128.png","https://media.retroachievements.org/Images/068125.png","https://media.retroachievements.org/Images/068127.png","https://media.retroachievements.org/Images/068126.png","4.2"
3585,"Metal Gear Acid","Metal Gear  is a Japanese franchise of action-adventure stealth games created by Hideo Kojima. Developed and published by Konami, the first game, Metal Gear, was released in 1987 for MSX home computers. The player often takes control of a special forces operative, usually Solid Snake, who is typically assigned the task of finding the titular superweapon, Metal Gear, a bipedal walking tank (mecha) with the ability to launch nuclear weapons.","https://media.retroachievements.org/Images/047343.png","https://media.retroachievements.org/Images/053977.png","https://media.retroachievements.org/Images/046889.png","https://media.retroachievements.org/Images/046921.png","4.2"
26046,"~Homebrew~ Five Nights at Freddy's 2","Five Nights at Freddy's 2 is a 2014 point-and-click survival horror game developed and published by Scott Cawthon. It is the second main installment in the Five Nights at Freddy's series. Set in a fictional pizzeria, the player takes on the role of night security guards Jeremy Fitzgerald and Fritz Smith, who must defend themselves from the restaurant's hostile animatronic mascots. The player cannot leave their office, but has access to a flashlight and security cameras throughout the restaurant to monitor animatronic activity. Wearing a mask that looks like one of the animatronics allows the player to avoid being detected in most cases, though some animatronics are repelled via other methods. If the player is detected, they will be jumpscared and experience a game over. As the game progresses, Atari-styled minigames and phone calls provide insight into the history of the restaurant.","https://media.retroachievements.org/Images/123227.png","https://media.retroachievements.org/Images/083546.png","https://media.retroachievements.org/Images/083496.png","https://media.retroachievements.org/Images/083497.png","4.2"
3132,"Ys: The Oath in Felghana","Ys: The Oath in Felghana is a 2005 action role-playing game developed by Nihon Falcom. A part of the Ys series, it is a remake of Ys III: Wanderers from Ys (1989). The Oath in Felghana was first released for Windows in Japan in June 2005, with an English localization by Xseed Games in March 2012. A PlayStation Portable version was also released in Japan in April 2010 and later in North America and Europe. A remaster, Ys Memoire: The Oath in Felghana, released in Japan in April 2023 for the Nintendo Switch and in May 2024 for PlayStation 4 and PlayStation 5. Memoire was later released internationally in January 2025.","https://media.retroachievements.org/Images/124081.png","https://media.retroachievements.org/Images/041075.png","https://media.retroachievements.org/Images/041072.png","https://media.retroachievements.org/Images/041073.png","4.2"
10478,"Dynasty Warriors","Dynasty Warriors  is a series of Japanese hack and slash action video games created by Omega Force and Koei. The series is a spin-off of Koei's turn-based strategy Romance of the Three Kingdoms series, based upon the Chinese novel of the same name, which is a romanticised retelling of the Chinese Three Kingdoms period.","https://media.retroachievements.org/Images/047317.png","https://media.retroachievements.org/Images/046892.png","https://media.retroachievements.org/Images/046887.png","https://media.retroachievements.org/Images/046890.png","4.2"
18068,"Gladiator Begins","Gladiator Begins  is a fighting game developed by Japanese studio GOSHOW and published in Japan by Acquire on January 14, 2010, and in North America by Aksys Games on September 14. It is the prequel to the 2005 video game Colosseum: Road to Freedom, which was originally released for the PlayStation 2.","https://media.retroachievements.org/Images/099589.png","https://media.retroachievements.org/Images/049309.png","https://media.retroachievements.org/Images/049568.png","https://media.retroachievements.org/Images/049569.png","4.2"
3549,"Gurumin: A Monstrous Adventure","This is a list of games for the Sony PlayStation Portable handheld console. It does not include PSOne classics, PS minis, or NEOGEO Station. Games have been released in several regions around the world; North America (NA), Japan (JP), Europe (EU), and Australia (AUS).","https://media.retroachievements.org/Images/047074.png","https://media.retroachievements.org/Images/088076.png","https://media.retroachievements.org/Images/088077.png","https://media.retroachievements.org/Images/088078.png","4.2"
6964,"The Impossible Game","The Impossible Game is a 2009 one-button platform game developed and published by Fluke Games. The Windows, macOS and Linux port was developed by Grip Games.","https://media.retroachievements.org/Images/048430.png","https://media.retroachievements.org/Images/048431.png","https://media.retroachievements.org/Images/047682.png","https://media.retroachievements.org/Images/047683.png","4.2"
18002,"Obscure: The Aftermath","Obscure II, known in North America as Obscure: The Aftermath, is a survival horror video game developed by Hydravision Entertainment and published by Playlogic in PAL regions and Ignition in North America for Microsoft Windows, PlayStation 2 and Wii. It is the sequel to the 2004 video game Obscure. A PlayStation Portable version was released in 2009. The game was later released on Steam in 2014.","https://media.retroachievements.org/Images/108985.png","https://media.retroachievements.org/Images/094947.png","https://media.retroachievements.org/Images/094945.png","https://media.retroachievements.org/Images/094946.png","4.2"
3512,"Ape Escape Academy","Ape Escape Academy, also known as Ape Academy in Europe and Piposaru Academia: Dossari! Sarugē Daizenshū in Japan, is a party video game developed by Shift and Alvion and published by Sony Computer Entertainment for the PlayStation Portable. It consists of a collection of 47 mini-games, many of which borrow from elements of Ape Escape 2. The game was first released in Japan in 2004, in Europe in 2005 and North America in 2006. By utilizing the PSP's Wi-Fi capabilities, up to 4 players can play at a time. The North American release was on the same day as Ape Escape 3.","https://media.retroachievements.org/Images/102908.png","https://media.retroachievements.org/Images/046652.png","https://media.retroachievements.org/Images/102847.png","https://media.retroachievements.org/Images/103252.png","4.2"
2343,"Bejeweled 2","Bejeweled 2 is a tile-matching puzzle video game developed and published by PopCap Games. Released as a sequel to Bejeweled (2000), Bejeweled 2 introduces new game mechanics, such as Special Gems and extra game modes, along with new visuals and sounds.","https://media.retroachievements.org/Images/089841.png","https://media.retroachievements.org/Images/052128.png","https://media.retroachievements.org/Images/052131.png","https://media.retroachievements.org/Images/052129.png","4.2"
18355,"Fate/unlimited codes","Fate/stay night is a Japanese visual novel game developed by Type-Moon. It was first released for Windows on January 30, 2004. The story takes place over three distinct routes: Fate, Unlimited Blade Works, and Heaven's Feel. It focuses on a young mage named Shirou Emiya, who becomes a warrior in a battle between mages called Masters and their Servants known as the Holy Grail War. In each route, Shirou bonds with a heroine and confronts different adversaries participating in the war.","https://media.retroachievements.org/Images/086681.png","https://media.retroachievements.org/Images/051907.png","https://media.retroachievements.org/Images/051905.png","https://media.retroachievements.org/Images/051904.png","4.2"
3969,"Hot Shots Golf: Open Tee","This is a list of games for the Sony PlayStation Portable handheld console. It does not include PSOne classics, PS minis, or NEOGEO Station. Games have been released in several regions around the world; North America (NA), Japan (JP), Europe (EU), and Australia (AUS).","https://media.retroachievements.org/Images/114266.png","https://media.retroachievements.org/Images/053729.png","https://media.retroachievements.org/Images/050003.png","https://media.retroachievements.org/Images/050004.png","4.2"
24908,"Planetarian: Chiisa na Hoshi no Yume","","https://media.retroachievements.org/Images/075587.png","https://media.retroachievements.org/Images/075584.png","https://media.retroachievements.org/Images/075589.png","https://media.retroachievements.org/Images/075590.png","4.2"
18344,"Bleach: Heat the Soul 7","Bleach: Heat the Soul is a series of fighting games developed by Eighting and published by Sony Computer Entertainment for the PlayStation Portable. They are based on the manga and anime series Bleach by Tite Kubo. All installments have been released only in Japan.","https://media.retroachievements.org/Images/052525.png","https://media.retroachievements.org/Images/051799.png","https://media.retroachievements.org/Images/053776.png","https://media.retroachievements.org/Images/053777.png","4.2"
18157,"DJ Max Fever","DJ Max Fever is a music game for the PlayStation Portable developed by Pentavision and PM Studios. It was released in 2009. Although the franchise has made several appearances in Asia, DJ Max Fever is the first DJMax released in the United States and Europe. The game is a compilation of DJMax Portable (2006) and DJMax Portable 2 (2007) along with additional features. By decision of PM Studios, it is the only title in the DJMax series with a space between words DJ and Max. A digital version of the game was released in 2010 on PlayStation Network, but later removed due to licensing expiration.","https://media.retroachievements.org/Images/080862.png","https://media.retroachievements.org/Images/061827.png","https://media.retroachievements.org/Images/061824.png","https://media.retroachievements.org/Images/068346.png","4.2"
17988,"Pac-Man World Rally","Pac-Man World Rally, known in Europe as Pac-Man Rally, is a kart racing game in the Pac-Man series. It was published by Bandai Namco Games, and released on August 22, 2006, for the PlayStation 2, GameCube, PlayStation Portable, and Microsoft Windows. An Xbox version of the game was cancelled, though a preview of the game can be found in the Xbox release of Pac-Man World 3.","https://media.retroachievements.org/Images/070160.png","https://media.retroachievements.org/Images/049457.png","https://media.retroachievements.org/Images/056789.png","https://media.retroachievements.org/Images/056790.png","4.2"
18363,"Star Wars: The Force Unleashed","Star Wars: The Force Unleashed is a 2008 action-adventure game developed and published by LucasArts, and part of The Force Unleashed multimedia project. It was initially developed for the PS2, PS3, Wii, and Xbox 360 consoles and on iOS, second-generation N-Gage, NDS, PSP, and Java-equipped mobile phone handhelds. The game was released in North America on September 16, 2008, in Australia and Southeast Asia on September 17, and in Europe on September 19. LucasArts released downloadable content for the PS3 and Xbox 360 consoles. An Ultimate Sith Edition of the game, containing both new and previously released downloadable content, was released in November 2009, and later ported to Mac OS X and Windows. An enhanced remaster of the Wii version, developed by Aspyr, was released for the Nintendo Switch on April 20, 2022.","https://media.retroachievements.org/Images/113878.png","https://media.retroachievements.org/Images/051924.png","https://media.retroachievements.org/Images/085592.png","https://media.retroachievements.org/Images/085593.png","4.2"
14201,"Lunar: Silver Star Harmony","Lunar: Silver Star Harmony, known in Japan as Lunar: Harmony of Silver Star, is the third remake of the 1992 role-playing video game Lunar: The Silver Star. It was developed by Game Arts in 2009 and released exclusively for the PlayStation Portable by GungHo Works in Japan, by Xseed Games North America, and by Game Arts in Europe and Australia.","https://media.retroachievements.org/Images/089013.png","https://media.retroachievements.org/Images/089012.png","https://media.retroachievements.org/Images/089010.png","https://media.retroachievements.org/Images/089011.png","4.2"
3939,"Sonic Rivals","Sonic Rivals is a 2006 action-racing video game developed by Backbone Entertainment and Sega Studio USA, and published by Sega for the PlayStation Portable (PSP); it is a game in the Sonic the Hedgehog series, and follows the heroes needing to stop Doctor Eggman Nega from turning everyone and the world into cards. The gameplay involves racing against other characters to get to the goal before them, as well as defeating the boss before the opponent does.","https://media.retroachievements.org/Images/112775.png","https://media.retroachievements.org/Images/047316.png","https://media.retroachievements.org/Images/047319.png","https://media.retroachievements.org/Images/047320.png","4.2"
15419,"Dungeon Siege: Throne of Agony","Dungeon Siege: Throne of Agony is a role-playing video game for PlayStation Portable developed by SuperVillain Studios and published by 2K in the U.S. in 2006, and by Take-Two Interactive in the PAL region in 2007.","https://media.retroachievements.org/Images/050791.png","https://media.retroachievements.org/Images/050792.png","https://media.retroachievements.org/Images/050786.png","https://media.retroachievements.org/Images/050787.png","4.2"
17995,"Hello Kitty: Puzzle Party","This is a list of games for the Sony PlayStation Portable handheld console. It does not include PSOne classics, PS minis, or NEOGEO Station. Games have been released in several regions around the world; North America (NA), Japan (JP), Europe (EU), and Australia (AUS).","https://media.retroachievements.org/Images/048848.png","https://media.retroachievements.org/Images/048849.png","https://media.retroachievements.org/Images/048851.png","https://media.retroachievements.org/Images/048850.png","4.2"
3284,"Hysteria Project","Hysteria Project is a 2009 FMV adventure game developed and published by French studio BulkyPix for iOS and first released on the App Store on April 7, 2009. It was released as a PlayStation mini available for play on the PlayStation 3 and PlayStation Portable on April 15, 2010 in Europe and April 22, 2010 in North America. The port was published by Sanuk Games. A sequel was released on the App Store in 2011, Hysteria Project 2.","https://media.retroachievements.org/Images/048482.png","https://media.retroachievements.org/Images/048479.png","https://media.retroachievements.org/Images/048486.png","https://media.retroachievements.org/Images/048485.png","4.2"
3261,"Route 66","U.S. Route 66 or U.S. Highway 66 was one of the original highways in the United States Numbered Highway System. It was established on November 11, 1926, with road signs erected the following year. The highway ran from Chicago, Illinois, through Missouri, Kansas, Oklahoma, Texas, New Mexico and Arizona before terminating in Santa Monica, California, covering a total of 2,448 miles (3,940 km).","https://media.retroachievements.org/Images/048536.png","https://media.retroachievements.org/Images/048528.png","https://media.retroachievements.org/Images/048532.png","https://media.retroachievements.org/Images/048535.png","4.2"
17984,"Dr. Mini Games","Dr. Mario is a 1990 puzzle video game developed and published by Nintendo for the Nintendo Entertainment System and Game Boy. A spin-off of the Mario series, it is a falling block puzzle game in which the player's objective is to destroy the viruses populating the on-screen playing field by using colored capsules that are automatically tossed into the field by Dr. Mario. The player manipulates the falling capsules, to align the same colors, which destroys viruses. The player progresses through the game by eliminating all the viruses on the screen in each level. The game was produced by Gunpei Yokoi and programmed by Takahiro Harada, with the soundtrack composed by Hirokazu Tanaka.","https://media.retroachievements.org/Images/048676.png","https://media.retroachievements.org/Images/048669.png","https://media.retroachievements.org/Images/048672.png","https://media.retroachievements.org/Images/048674.png","4.2"
3467,"Death Jr.","Death Jr. is a 2005 video game for the PlayStation Portable. The PSP iteration was the first PSP game shown publicly and advertised as a killer-app. It was released to a mixed reception and noted for many problems with the camera, gameplay and uninspiring graphics, but was praised for its Tim Burton themes and quirky characters. Slightly better received was the comic book adaptation by Gary Whitta and Ted Naifeh, which includes two three-issue miniseries. The game was followed by Death Jr. II: Root of Evil in 2006 and Death Jr. and the Science Fair of Doom in 2007.","https://media.retroachievements.org/Images/125174.png","https://media.retroachievements.org/Images/049340.png","https://media.retroachievements.org/Images/048127.png","https://media.retroachievements.org/Images/048128.png","4.2"
36934,"~Homebrew~ Cookie Clicker PSP","PangYa was a free-to-play MMO casual golf simulation video game, designed by South Korean development company Ntreev Soft for Microsoft Windows. Although the game was a realistic simulator, it had fantasy-themed courses and anime-style characters, and the game made use of microtransactions to customize characters. Released in its home country in 2004 before expanding to Japan and other territories, it was released the following year in North America published by GameFactory, where it was initially titled Albatross18. PangYa servers were discontinued in most territories as of 2017, and the last official server, serving Thailand, was shut in 2024. Other PangYa games were also made for the Wii and PlayStation Portable game consoles, as well as a mobile game on Android and iOS.","https://media.retroachievements.org/Images/124635.png","https://media.retroachievements.org/Images/000002.png","https://media.retroachievements.org/Images/124637.png","https://media.retroachievements.org/Images/124636.png","4.2"
18043,"~Prototype~ The Elder Scrolls Travels: Oblivion","This is a list of video game remakes and remasters and includes remakes as well as remasters of video games. It does not include clones and enhanced ports.","https://media.retroachievements.org/Images/049974.png","https://media.retroachievements.org/Images/049113.png","https://media.retroachievements.org/Images/049928.png","https://media.retroachievements.org/Images/049929.png","4.2"
3923,"Hatsune Miku: Project DIVA 2nd","This is a list of games for the Sony PlayStation Portable handheld console. It does not include PSOne classics, PS minis, or NEOGEO Station. Games have been released in several regions around the world; North America (NA), Japan (JP), Europe (EU), and Australia (AUS).","https://media.retroachievements.org/Images/061883.png","https://media.retroachievements.org/Images/047133.png","https://media.retroachievements.org/Images/047135.png","https://media.retroachievements.org/Images/047137.png","4.2"
6710,"Yu-Gi-Oh! 5D's Tag Force 5","The following is a list of video games developed and published by Konami, based on Kazuki Takahashi's Yu-Gi-Oh! manga and anime franchise, along with its spin-off series. With some exceptions, the majority of the games follow the card battle gameplay of the real-life Yu-Gi-Oh! Trading Card Game. There are 59 in total.","https://media.retroachievements.org/Images/048258.png","https://media.retroachievements.org/Images/047860.png","https://media.retroachievements.org/Images/053433.png","https://media.retroachievements.org/Images/053432.png","4.2"
2135,"Gottlieb Pinball Classics","This is a list of games for the Sony PlayStation Portable handheld console. It does not include PSOne classics, PS minis, or NEOGEO Station. Games have been released in several regions around the world; North America (NA), Japan (JP), Europe (EU), and Australia (AUS).","https://media.retroachievements.org/Images/087235.png","https://media.retroachievements.org/Images/087216.png","https://media.retroachievements.org/Images/087219.png","https://media.retroachievements.org/Images/087220.png","4.2"
3038,"LEGO Harry Potter: Years 5-7","Lego Harry Potter: Years 5–7 is an action-adventure game developed by Traveller's Tales and published by Warner Bros. Interactive Entertainment. The sequel to Lego Harry Potter: Years 1–4 (2010), it was released on 11 November 2011 in North America and November 18 in Europe. The game is based on the Lego Harry Potter toy line and is based on the final three books and four films in the Harry Potter film series: Order of the Phoenix (2007), Half-Blood Prince (2009), Deathly Hallows - Part 1 (2010), and Deathly Hallows - Part 2 (2011). The game was initially released for PlayStation 3, Xbox 360, PlayStation Portable, PlayStation Vita, Wii, Nintendo DS, Nintendo 3DS, and Microsoft Windows. The first of three trailers was released 6 October 2011, and the demo was released on 1 November.","https://media.retroachievements.org/Images/074128.png","https://media.retroachievements.org/Images/073235.png","https://media.retroachievements.org/Images/074179.png","https://media.retroachievements.org/Images/074180.png","4.2"
3944,"Wild Arms XF","Wild Arms XF is a game in the Wild Arms series, the first for the PlayStation Portable. The game was unveiled at a Media.Vision fan event on September 2, 2006, and was released in Japan in 2007, and in North America and Europe in 2008.","https://media.retroachievements.org/Images/100972.png","https://media.retroachievements.org/Images/046877.png","https://media.retroachievements.org/Images/047003.png","https://media.retroachievements.org/Images/046878.png","4.2"
18440,"Shrek the Third","Shrek the Third is a 2007 American animated fantasy comedy film loosely based on the 1990 children's picture book Shrek! by William Steig. Directed by Chris Miller and co-directed by Raman Hui from a screenplay by Jeffrey Price, Peter S. Seaman, Miller, and producer Aron Warner, and a story conceived by Andrew Adamson, co-director of the previous two installments, it is the sequel to Shrek 2 (2004) and the third installment in the Shrek film series. The film features Mike Myers, Eddie Murphy, Cameron Diaz, Antonio Banderas, Rupert Everett, Julie Andrews, and John Cleese reprising their voice roles from the previous films, along with new additions Justin Timberlake as Arthur Pendragon and Eric Idle as Merlin. In the film, Prince Charming is plotting to overthrow Shrek and Fiona, who have inherited the throne following King Harold's death. Shrek has no interest in ruling the kingdom and attempts to convince Fiona's underachieving 16-year-old cousin Artie to reign instead.","https://media.retroachievements.org/Images/092790.png","https://media.retroachievements.org/Images/092694.png","https://media.retroachievements.org/Images/092692.png","https://media.retroachievements.org/Images/092693.png","4.2"
18382,"Kurohyou: Ryu ga Gotoku Shinshou","Kurohyō: Ryū ga Gotoku Shinshō , codenamed Project K, is a 2010 video game developed by Sega along with syn Sophia and released by Sega for the PlayStation Portable (PSP) in 2010. The game was introduced on April 21, 2010 by Famitsu and is a spin-off of Sega's Yakuza series. An adaptation of the game was televised from October 5 to December 21, 2010, on MBS and TBS.","https://media.retroachievements.org/Images/087735.png","https://media.retroachievements.org/Images/054137.png","https://media.retroachievements.org/Images/054134.png","https://media.retroachievements.org/Images/054138.png","4.2"
3979,"Disgaea: Afternoon of Darkness","Disgaea: Hour of Darkness is a tactical role-playing video game developed and published by Nippon Ichi Software for the PlayStation 2. Set in a world full of demons and angels, the story follows Laharl, the son of a demon overlord, who upon being awakened after a two-year slumber, aspires to succeed his father's place while also fighting rival demons in the process.","https://media.retroachievements.org/Images/061059.png","https://media.retroachievements.org/Images/051662.png","https://media.retroachievements.org/Images/051660.png","https://media.retroachievements.org/Images/051661.png","4.1"
18529,"Namco Museum Battle Collection","Namco Museum Battle Collection is a 2005 video game compilation developed and published by Namco for the PlayStation Portable. It is the first Namco Museum title since the original PlayStation series to be developed in Japan. It includes 21 games - four of these are brand-new arrangement remakes of older Namco games, while the rest are emulated ports of Namco arcade games from the 1970s and 1980s. These ports include an options menu that allows the player to modify the in-game settings, such as the screen orientation and number of lives. Players can send one-level demos to a friend's console via the Game Sharing option in the main menu.","https://media.retroachievements.org/Images/106827.png","https://media.retroachievements.org/Images/087936.png","https://media.retroachievements.org/Images/115096.png","https://media.retroachievements.org/Images/115095.png","4.1"
20273,"Naruto: Ultimate Ninja Heroes 2 - The Phantom Fortress","This is a list of games for the Sony PlayStation Portable handheld console. It does not include PSOne classics, PS minis, or NEOGEO Station. Games have been released in several regions around the world; North America (NA), Japan (JP), Europe (EU), and Australia (AUS).","https://media.retroachievements.org/Images/080233.png","https://media.retroachievements.org/Images/060700.png","https://media.retroachievements.org/Images/060697.png","https://media.retroachievements.org/Images/060698.png","4.1"
3053,"Dynasty Warriors: Strikeforce","Dynasty Warriors: Strikeforce, originally released in Japan as Shin Sangokumusou Multi Raid , is a hack and slash video game for the PlayStation Portable. It is based on Dynasty Warriors 6. It was released in February 2009 in Japan and Q2 2009 in North America, Europe, and Australia. A console release of the game for the PlayStation 3 and Xbox 360 was released in Japan on October 1, 2009. American and European versions followed in February 2010. Its sequel, Shin Sangokumusou Multi Raid 2, was released in Japan on March 11, 2010 for the PlayStation Portable, and on July 26, 2012 for PlayStation 3.","https://media.retroachievements.org/Images/107404.png","https://media.retroachievements.org/Images/047321.png","https://media.retroachievements.org/Images/047322.png","https://media.retroachievements.org/Images/047323.png","4.1"
3474,"Gitaroo Man Lives!","Gitaroo Man is a rhythm video game developed by iNiS and published by Koei for PlayStation 2. The game features visual production by Mitsuru Nakamura and an original soundtrack by Japanese band COIL. The game was released in Japan on June 21, 2001, in North America on February 18, 2002 and in Europe on June 21, 2002. A port of the game for PlayStation Portable, titled Gitaroo Man Lives!, was released in 2006.","https://media.retroachievements.org/Images/071889.png","https://media.retroachievements.org/Images/047524.png","https://media.retroachievements.org/Images/047526.png","https://media.retroachievements.org/Images/047525.png","4.1"
14498,"Cladun: This Is An RPG","2017 saw the release of numerous video games as well as other developments in the video game industry. The Nintendo Switch console was released in 2017, which sold more than 14 million units by the end of the year, exceeding the under-performing Wii U lifetime sales. This has helped to revitalize Nintendo, along with the retro Super NES Classic Edition console, the refreshed New Nintendo 2DS XL handheld and a strategy for mobile gaming. Microsoft also released the higher-powered Xbox One X targeted for 4K resolutions and virtual reality support.","https://media.retroachievements.org/Images/052377.png","https://media.retroachievements.org/Images/052638.png","https://media.retroachievements.org/Images/052279.png","https://media.retroachievements.org/Images/052277.png","4.1"
19924,"Dead or Alive: Paradise","Dead or Alive Paradise is a 2010 video game developed by Project Venus and published by Tecmo Koei for the PlayStation Portable as part of the Dead or Alive series. It is a PSP port of Dead or Alive Xtreme 2 for the Xbox 360, expanding upon the activities available in the original which consisted of mainly beach-related minigames.","https://media.retroachievements.org/Images/070006.png","https://media.retroachievements.org/Images/071034.png","https://media.retroachievements.org/Images/071032.png","https://media.retroachievements.org/Images/071033.png","4.1"
7047,"Dragon Quest & Final Fantasy in Itadaki Street Portable","This is a list of games for the Sony PlayStation Portable handheld console. It does not include PSOne classics, PS minis, or NEOGEO Station. Games have been released in several regions around the world; North America (NA), Japan (JP), Europe (EU), and Australia (AUS).","https://media.retroachievements.org/Images/077730.png","https://media.retroachievements.org/Images/048547.png","https://media.retroachievements.org/Images/048545.png","https://media.retroachievements.org/Images/048546.png","4.1"
18538,"Pursuit Force","Pursuit Force is a 2005 vehicular combat and third-person shooter video game developed by Bigbig Studios and published by Sony Computer Entertainment for the PlayStation Portable. The game places the player in the role of a police agent who is a member of the titular elite law enforcement agency that specialises in direct armed encounters with adversaries, whether it be on foot or on the hood of a speeding car. The player has to try to seize cars and motorbikes while engaging in high-speed chases and gun battles against heavily armed gangs.","https://media.retroachievements.org/Images/104477.png","https://media.retroachievements.org/Images/082694.png","https://media.retroachievements.org/Images/053163.png","https://media.retroachievements.org/Images/053164.png","4.1"
3884,"Ace Combat X: Skies of Deception","Ace Combat X: Skies of Deception is a 2006 combat flight simulation video game for the PlayStation Portable. It is the first installment of the Ace Combat franchise for the PlayStation Portable, and the second for a handheld game system.","https://media.retroachievements.org/Images/117973.png","https://media.retroachievements.org/Images/096126.png","https://media.retroachievements.org/Images/096123.png","https://media.retroachievements.org/Images/096124.png","4.1"
16227,"Bloons","Bloons is a video game franchise developed by Ninja Kiwi. The games involve players using monkeys, often armed with various tools, weapons, and machines, to pop as many bloons (balloons) as possible. They include the Bloons series, the Bloons Tower Defense series, and several other spin-offs. Most of the earlier Bloons games are browser-based games that use Adobe Flash Player, although some are available on other platforms. Mobile games based on the Bloons series are distributed through the App Store, Google Play, and some through Steam. Although now unavailable on Ninja Kiwi's website, Flash-based games older than BTD6 are available on the Ninja Kiwi Archive.","https://media.retroachievements.org/Images/080697.png","https://media.retroachievements.org/Images/080334.png","https://media.retroachievements.org/Images/080335.png","https://media.retroachievements.org/Images/080336.png","4.1"
18760,"Fate/Extra CCC","Fate/Extra is a dungeon crawler role-playing game developed by Type-Moon and Imageepoch and published by Marvelous Entertainment for the PlayStation Portable. The game takes place in a parallel universe to the visual novel Fate/stay night. It was released in Japan on July 22, 2010. Aksys Games localized the game for North America and released it on November 21, 2011. Three editions of the game were released in North America: a Limited Edition, a retail standard edition, and a PlayStation Network downloadable version. On May 4, 2012, Ghostlight released the game in PAL territories.","https://media.retroachievements.org/Images/096942.png","https://media.retroachievements.org/Images/097911.png","https://media.retroachievements.org/Images/073299.png","https://media.retroachievements.org/Images/073300.png","4.1"
27302,"~Homebrew~ Geometry Dash","Geometry Dash is a 2013 side-scrolling rhythm platform video game developed by Swedish game developer Robert Topala and published by his company RobTop Games. It was released for iOS and Android on 13 August 2013, Windows Phone on 12 June 2014, and on Steam on 22 December 2014. The player controls an icon and must navigate through levels while avoiding obstacles. The game includes 26 full-length levels created by the developer: 22 are auto-scrolling, and 4 are platformer levels. The game includes a level editor, enabling players to design custom levels, share them online, and play levels created by other users. Players can collect in-game currencies from official and user-generated levels or chests to unlock customization options for their icon.","https://media.retroachievements.org/Images/085537.png","https://media.retroachievements.org/Images/085536.png","https://media.retroachievements.org/Images/085508.png","https://media.retroachievements.org/Images/085509.png","4.1"
3463,"Cho Aniki Zero: Muscle Brothers","Cho Aniki  is a Japanese video game series originally developed by Masaya and published by NCS Corp. The first game was released in 1992 for the PC Engine system. The game's sequels and spin-offs later appeared on the Super Famicom, PlayStation, Sega Saturn, WonderSwan, PlayStation 2 and PlayStation Portable. Mainly consisting of side-scrolling shoot 'em ups in the vein of Gradius, the Cho Aniki series is best known for its homoerotic overtones, wacky humor and vivid, surreal imagery. Most of the games have never seen release outside Japan.","https://media.retroachievements.org/Images/049000.png","https://media.retroachievements.org/Images/048999.png","https://media.retroachievements.org/Images/048997.png","https://media.retroachievements.org/Images/048998.png","4.1"
2758,"Secret Agent Clank","This is a list of games for the Sony PlayStation Portable handheld console. It does not include PSOne classics, PS minis, or NEOGEO Station. Games have been released in several regions around the world; North America (NA), Japan (JP), Europe (EU), and Australia (AUS).","https://media.retroachievements.org/Images/071043.png","https://media.retroachievements.org/Images/112654.png","https://media.retroachievements.org/Images/051827.png","https://media.retroachievements.org/Images/051828.png","4.1"
18072,"Super Dangan-Ronpa 2: Sayonara Zetsubou Gakuen","Danganronpa 2: Goodbye Despair is a 2012 visual novel developed by Spike Chunsoft. It is the second game in the Danganronpa franchise following Danganronpa: Trigger Happy Havoc (2010). It was first released in Japan for PlayStation Portable in July 2012, and a port for PlayStation Vita was released in Japan in October 2013. NIS America released the game worldwide in September 2014; a port for PC was released in April 2016 and a bundle for PlayStation 4 and PlayStation Vita called Danganronpa 1-2 Reload, also containing the first Danganronpa game, was released in March 2017. An enhanced version with the subtitle Anniversary Edition was released for Android and iOS in August 2020, for Nintendo Switch in November 2021, and for Microsoft Windows and Xbox One May 2022.","https://media.retroachievements.org/Images/049300.png","https://media.retroachievements.org/Images/049303.png","https://media.retroachievements.org/Images/049301.png","https://media.retroachievements.org/Images/049302.png","4.1"
14502,"Brandish: The Dark Revenant","Brandish is a series of action role-playing video games by Nihon Falcom.","https://media.retroachievements.org/Images/088290.png","https://media.retroachievements.org/Images/055492.png","https://media.retroachievements.org/Images/088377.png","https://media.retroachievements.org/Images/055493.png","4.1"
22454,"I Must Run!","Suikoden  is a role-playing video game published by Konami. It is the first installment of the Suikoden series. Developed by Konami Computer Entertainment Tokyo, it was released initially in 1995 for the PlayStation in Japan. A North American release followed one year later, and a mainland European release came the following April. The game was also released for Windows and Sega Saturn in 1998, but only in Japan.","https://media.retroachievements.org/Images/068496.png","https://media.retroachievements.org/Images/067650.png","https://media.retroachievements.org/Images/067653.png","https://media.retroachievements.org/Images/067651.png","4.1"
18090,"Pac-Man World 3","This is a list of games for the Sony PlayStation Portable handheld console. It does not include PSOne classics, PS minis, or NEOGEO Station. Games have been released in several regions around the world; North America (NA), Japan (JP), Europe (EU), and Australia (AUS).","https://media.retroachievements.org/Images/049835.png","https://media.retroachievements.org/Images/049455.png","https://media.retroachievements.org/Images/049816.png","https://media.retroachievements.org/Images/049817.png","4.1"
14494,"Tomb Raider: Anniversary","Tomb Raider is a 1996 action-adventure video game developed by Core Design and published by Eidos Interactive as the debut entry in the Tomb Raider media franchise. It was first released on the Sega Saturn, followed shortly by versions for MS-DOS and the PlayStation. Later releases came for Mac OS (1999), Pocket PC (2002), N-Gage (2003), iOS (2013) and Android (2015). The game follows archaeologist-adventurer Lara Croft, who is hired by businesswoman Jacqueline Natla to find an artefact called the Scion of Atlantis. Gameplay features Lara navigating levels split into multiple areas and room complexes while fighting enemies and solving puzzles to progress.","https://media.retroachievements.org/Images/049125.png","https://media.retroachievements.org/Images/051711.png","https://media.retroachievements.org/Images/048788.png","https://media.retroachievements.org/Images/048795.png","4.1"
10846,"Prinny: Can I Really Be the Hero?","Prinnies  are a fictional race of creatures primarily in Nippon Ichi's Disgaea series of role-playing games. First appearing in Disgaea: Hour of Darkness, they have appeared in all later titles by the company, as well as on various merchandise such as hats and plush toys. With a few notable exceptions, they are voiced by Junji Majima in Japanese releases and Grant George in the English releases from Disgaea: Hour of Darkness to Disgaea 4: A Promise Unforgotten. The Prinnies are regarded as the mascots for the Disgaea series and have received generally positive reception.","https://media.retroachievements.org/Images/047369.png","https://media.retroachievements.org/Images/048901.png","https://media.retroachievements.org/Images/048902.png","https://media.retroachievements.org/Images/048904.png","4.1"
18136,"LEGO Star Wars III: The Clone Wars","This is a list of games for the Sony PlayStation Portable handheld console. It does not include PSOne classics, PS minis, or NEOGEO Station. Games have been released in several regions around the world; North America (NA), Japan (JP), Europe (EU), and Australia (AUS).","https://media.retroachievements.org/Images/071274.png","https://media.retroachievements.org/Images/051304.png","https://media.retroachievements.org/Images/051302.png","https://media.retroachievements.org/Images/051303.png","4.1"
3928,"Mr. Karoshi","","https://media.retroachievements.org/Images/101614.png","https://media.retroachievements.org/Images/047053.png","https://media.retroachievements.org/Images/075792.png","https://media.retroachievements.org/Images/075793.png","4.1"
16423,"Bloons TD","Bloons Tower Defense is a series of tower defense games under the Bloons series created and produced by Ninja Kiwi. The game was initially developed as a browser game, built upon the Adobe Flash platform and released in mid 2007. Later games in the series expanded to support various mobile platforms, including Android, iOS, Windows Phone, PlayStation Portable, Nintendo DSi, Windows, Linux and MacOS. Games in the Bloons series older than Bloons TD 6 are available through the Ninja Kiwi Archive on Steam. In the game, players attempt to prevent Bloons from reaching the end of a set course by placing towers or road items along it that can pop the bloons in a variety of ways, typically by using the power of monkeys, magic, or technology. A handful of towers can stall the bloons and give the other towers more time to pop them by freezing and gluing the bloons. Money is gained by popping bloons, completing rounds, and collecting bananas from existing banana farms which can be spent on new towers, upgrades for existing ones, or temporary items such as exploding pineapples and road spikes. They also need to make sure that they do not lose all of their lives.","https://media.retroachievements.org/Images/062994.png","https://media.retroachievements.org/Images/080482.png","https://media.retroachievements.org/Images/080481.png","https://media.retroachievements.org/Images/080480.png","4.1"
18153,"DJMax Portable","This is a list of games for the Sony PlayStation Portable handheld console. It does not include PSOne classics, PS minis, or NEOGEO Station. Games have been released in several regions around the world; North America (NA), Japan (JP), Europe (EU), and Australia (AUS).","https://media.retroachievements.org/Images/067955.png","https://media.retroachievements.org/Images/067956.png","https://media.retroachievements.org/Images/067957.png","https://media.retroachievements.org/Images/067958.png","4.1"
3562,"The Legend of Heroes: A Tear of Vermillion","The Legend of Heroes: A Tear of Vermillion is a 1996 role-playing video game developed by Nihon Falcom. It is the fourth game in The Legend of Heroes series, and the second in the Gagharv trilogy. Originally released for the NEC PC-9801 in 1996, it was later released for the PlayStation in 1998 and Windows in 2000. A remake was released for the PlayStation Portable in 2005, which was the first North American release of a Legend of Heroes game since Dragon Slayer: The Legend of Heroes for the TurboGrafx-16. The North American release dropped the number from the title.","https://media.retroachievements.org/Images/100541.png","https://media.retroachievements.org/Images/046659.png","https://media.retroachievements.org/Images/052529.png","https://media.retroachievements.org/Images/052530.png","4.1"
26048,"~Homebrew~ Five Nights at Freddy's","Five Nights at Freddy's 2 is a 2025 American supernatural horror film based on the video game series Five Nights at Freddy's created by Scott Cawthon and the sequel to the 2023 film adaptation. The film was directed by Emma Tammi and written by Cawthon. Josh Hutcherson, Elizabeth Lail, Piper Rubio, and Matthew Lillard reprise their roles from the previous film, with Mckenna Grace, Wayne Knight, and Skeet Ulrich joining the cast. Set a year and a half after the previous film, it follows Abby Schmidt (Rubio) as she gets manipulated by the Marionette, an animatronic from the original Freddy Fazbear's Pizza who aims to plot revenge against parents.","https://media.retroachievements.org/Images/122701.png","https://media.retroachievements.org/Images/083463.png","https://media.retroachievements.org/Images/083461.png","https://media.retroachievements.org/Images/083462.png","4.1"
18121,"Bleach: Heat the Soul 2","This is a list of games for the Sony PlayStation Portable handheld console. It does not include PSOne classics, PS minis, or NEOGEO Station. Games have been released in several regions around the world; North America (NA), Japan (JP), Europe (EU), and Australia (AUS).","https://media.retroachievements.org/Images/049781.png","https://media.retroachievements.org/Images/049735.png","https://media.retroachievements.org/Images/049777.png","https://media.retroachievements.org/Images/049778.png","4.1"
26060,"~Homebrew~ Five Nights at Freddy's 3","Five Nights at Freddy's 3 is a 2015 point-and-click survival horror video game developed and published by Scott Cawthon. It is the third main installment in the Five Nights at Freddy's series, and takes place in a horror-themed attraction based on the restaurant chain featured in the first two games. The player takes on the role of an unnamed security guard who must defend themself from a decrepit animatronic called Springtrap that roams the attraction, while facing phantom hallucinations of other animatronics. To survive, the player must monitor the building's security cameras while maintaining systems that occasionally shut down. If the player encounters a phantom animatronic, they are jumpscared and one of these systems fails. If Springtrap reaches the office, the player experiences a game over.","https://media.retroachievements.org/Images/123100.png","https://media.retroachievements.org/Images/083518.png","https://media.retroachievements.org/Images/083516.png","https://media.retroachievements.org/Images/083517.png","4.1"
18141,"Sonic Rivals 2","Sonic Rivals 2 is a 2007 racing video game, the sequel to the 2006 game Sonic Rivals. The game was developed by Backbone Entertainment and supervised by Sega Studio USA, for the PlayStation Portable handheld video game console. Sonic Rivals 2 was released across November and December 2007. It received mixed or average reviews from critics.","https://media.retroachievements.org/Images/109502.png","https://media.retroachievements.org/Images/050022.png","https://media.retroachievements.org/Images/050023.png","https://media.retroachievements.org/Images/050024.png","4.1"
18149,"Need for Speed: Carbon - Own the City","This is a list of games for the Sony PlayStation Portable handheld console. It does not include PSOne classics, PS minis, or NEOGEO Station. Games have been released in several regions around the world; North America (NA), Japan (JP), Europe (EU), and Australia (AUS).","https://media.retroachievements.org/Images/114277.png","https://media.retroachievements.org/Images/050106.png","https://media.retroachievements.org/Images/123434.png","https://media.retroachievements.org/Images/123436.png","4.1"
15395,"Brick Breaker","This is part of the list of Nintendo Switch games.","https://media.retroachievements.org/Images/082085.png","https://media.retroachievements.org/Images/082086.png","https://media.retroachievements.org/Images/082088.png","https://media.retroachievements.org/Images/082089.png","4.1"
3139,"The Warriors","The Warriors is a 1979 American action thriller film directed by Walter Hill from a screenplay by Hill and David Shaber and based on the 1965 novel of the same name by Sol Yurick, in-turn inspired by Xenophon's Anabasis. The film features an ensemble cast which includes Michael Beck, James Remar, Deborah Van Valkenburgh, Marcelino Sánchez, David Harris, Tom McKitterick, Brian Tyler, Dorsey Wright, Terry Michos, David Patrick Kelly, Roger Hill, Edward Sewer, and Lynne Thigpen. In the film, a street gang must escape from the Bronx back to their home turf on Coney Island after being framed for the murder of a respected gang leader.","https://media.retroachievements.org/Images/110427.png","https://media.retroachievements.org/Images/054692.png","https://media.retroachievements.org/Images/054691.png","https://media.retroachievements.org/Images/054693.png","4.1"
18063,"LEGO Indiana Jones 2: The Adventure Continues","Lego Indiana Jones 2: The Adventure Continues is a 2009 action-adventure video game developed by Traveller's Tales and published by LucasArts. Based on the Indiana Jones franchise, it is the sequel to the 2008 video game Lego Indiana Jones: The Original Adventures. It was released for the Wii, Xbox 360, PlayStation 3, and Microsoft Windows; Feral Interactive published a version for Mac OS X in 2011. TT Fusion developed a handheld version for the Nintendo DS and PlayStation Portable that, although released under the same name, is different in gameplay and amount of content.","https://media.retroachievements.org/Images/124080.png","https://media.retroachievements.org/Images/062269.png","https://media.retroachievements.org/Images/062266.png","https://media.retroachievements.org/Images/062267.png","4.1"
20509,"The Haunted Zone","This is a list of games for the Sony PlayStation video game system, organized alphabetically by name. There are often different names for the same game in different regions. The final licensed PlayStation game released in Japan was Black/Matrix 00 on May 13, 2004; counting re-releases, the final licensed game released in Japan was Strider Hiryū on October 24, 2006. The final licensed game released in North America was FIFA Football 2005 on October 12, 2004, and the final licensed game released in Europe was either Schnappi das kleine Krokodil – 3 Fun-Games on July 18, 2005, or Moorhuhn X on July 20, 2005. Additionally, homebrew games were created using the Sony PlayStation Net Yaroze. Games were being reprinted as late as 2008 with Metal Gear Solid in Metal Gear Solid: The Essential Collection.","https://media.retroachievements.org/Images/119739.png","https://media.retroachievements.org/Images/119741.png","https://media.retroachievements.org/Images/119738.png","https://media.retroachievements.org/Images/119740.png","4.1"
11141,"Zenonia","This is a list of games and applications, collectively known as DSiWare, for the Nintendo DSi handheld game console, available for download via the DSi Shop and unplayable on earlier DS models. An update released for the Nintendo 3DS in June 2011 added support for the Nintendo eShop service, which contained nearly the entire DSi Shop library of DSiWare games at the time, with the exception of certain games and applications. DSiWare games and applications typically have animated icons, but some of them, such as Bejeweled Twist, have static icons. The DSi Shop ceased activity on March 31, 2017. Despite the fact that the DSiWare games and apps on the Nintendo eShop were not affected, they became publicly unavailable due to the eShop's closure on March 27, 2023. The last DSiWare software title was WarioWare: Touched! DL which was released in the United States on March 31, 2016.","https://media.retroachievements.org/Images/050904.png","https://media.retroachievements.org/Images/050896.png","https://media.retroachievements.org/Images/050894.png","https://media.retroachievements.org/Images/050895.png","4.1"
3551,"Steins;Gate","Steins;Gate is a Japanese anime television series produced by White Fox, based on 5pb. and Nitroplus's 2009 visual novel of the same name. The series aired for 24 episodes, from April to September 2011. It is set in 2010 and follows 18-year-old Rintaro Okabe, who, together with his friends, accidentally discovers a method of time travel through which they can send text messages to the past, thereby changing the present.","https://media.retroachievements.org/Images/121107.png","https://media.retroachievements.org/Images/064250.png","https://media.retroachievements.org/Images/064260.png","https://media.retroachievements.org/Images/064261.png","4"
13173,"Crush","Crush is a 2007 puzzle-platform video game developed by Zoë Mode and published by Sega for the PlayStation Portable. Its protagonist is Danny, a young man suffering from insomnia, who uses an experimental device to explore his mind and discover the cause of his sleeplessness. Each level of the game, representing events from Danny's life and inspired by artists such as Tim Burton and M.C. Escher, requires the player to control Danny as he collects his lost marbles and other thoughts.","https://media.retroachievements.org/Images/076659.png","https://media.retroachievements.org/Images/062693.png","https://media.retroachievements.org/Images/062696.png","https://media.retroachievements.org/Images/062695.png","4"
3940,"Metal Gear Acid 2","Metal Gear Acid 2 is a turn-based collectible card stealth game developed and published by Konami for the PlayStation Portable in 2005. A Java ME version for mobile phones was released by Glu Mobile in 2008 titled Metal Gear Acid 2 Mobile.","https://media.retroachievements.org/Images/051474.png","https://media.retroachievements.org/Images/051473.png","https://media.retroachievements.org/Images/051490.png","https://media.retroachievements.org/Images/118057.png","4"
18474,"Split/Second","Split/Second: Velocity is a racing video game developed by Black Rock Studio and published by Disney Interactive Studios for Windows, PlayStation 3 and Xbox 360. The game was released in May 2010 and was later released for OnLive in June 2011.","https://media.retroachievements.org/Images/119182.png","https://media.retroachievements.org/Images/101989.png","https://media.retroachievements.org/Images/101987.png","https://media.retroachievements.org/Images/101988.png","4"
2915,"BlazBlue: Calamity Trigger","BlazBlue: Calamity Trigger is a 2D fighting game developed by Arc System Works. Its name is a combination of the words blaze and blue when the title is rendered in rōmaji, and of the words brave and blue when rendered in katakana. As Japanese people usually follow the katakana rendering, the Japanese pronunciation is made similar to the word bray, entirely omitting the z sound. The game was released for the arcade in 2008, and for the PlayStation 3 and Xbox 360 in 2009, and Microsoft Windows in 2010. A port for the PlayStation Portable, titled BlazBlue: Calamity Trigger Portable, was also released in 2010. It is the first game of the main series.","https://media.retroachievements.org/Images/053079.png","https://media.retroachievements.org/Images/053078.png","https://media.retroachievements.org/Images/053076.png","https://media.retroachievements.org/Images/053679.png","4"
5967,"Flying Hamster","Nekketsu Kōha Kunio-kun, released as Renegade in the West, is a 1986 beat 'em up video game developed by Technōs Japan and published by Taito for arcades. In the original Japanese version, the game revolves around Kunio, a high school delinquent who must stand up against a series of rival gangs that are targeting his classmate Hiroshi. In the Western version, the player controls a street brawler who must face four different gangs in order to rescue his girlfriend, who is being held captive by a mob boss.","https://media.retroachievements.org/Images/061905.png","https://media.retroachievements.org/Images/077974.png","https://media.retroachievements.org/Images/077976.png","https://media.retroachievements.org/Images/077977.png","4"
21453,"Soul Eater: Battle Resonance","Soul Eater  is a Japanese manga series written and illustrated by Atsushi Ohkubo. Set at the Death Weapon Meister Academy, the series revolves around three teams, each consisting of a weapon meister and at least one human that can transform into a weapon. Trying to make the latter a Death Scythe and thus fit for use by the academy's headmaster Shinigami, the personification of death, they must collect the souls of 99 evil humans and one witch, in that order; otherwise, they will have to start all over again.","https://media.retroachievements.org/Images/088024.png","https://media.retroachievements.org/Images/104317.png","https://media.retroachievements.org/Images/086844.png","https://media.retroachievements.org/Images/086843.png","4"
3909,"Star Ocean: Second Evolution","Star Ocean: The Second Story is an action role-playing video game developed by tri-Ace and published by Enix for the PlayStation. It is the second game in the Star Ocean series and the first game in the series to be released outside Japan, arriving in North America in June 1999 and Europe in April 2000, by Sony Computer Entertainment. Taking place in a science fantasy universe, the story centers around a young man named Claude C. Kenny, an officer from a space-faring Earth organization who is stranded on an undeveloped, medieval-level planet where he meets a girl named Rena Lanford. There, they both meet several companions and must stop a plot from an evil group that spans multiple worlds. The game was the basis of manga and anime adaptations.","https://media.retroachievements.org/Images/080070.png","https://media.retroachievements.org/Images/080067.png","https://media.retroachievements.org/Images/080068.png","https://media.retroachievements.org/Images/080069.png","4"
2922,"Evangelion New Theatrical Edition: 3nd Impact","Neon Genesis Evangelion  is a Japanese media franchise created by Hideaki Anno, originally owned by Gainax and currently owned by Khara. Most of the franchise features an apocalyptic mecha action story, which revolves around the paramilitary organization NERV and their efforts in fighting hostile beings called Angels, using giant humanoids called Evangelions that are piloted by select teenagers. Subsequent works deviate from this theme to varying degrees, focusing more on romantic interactions between the characters, plotlines not present in the original works, and reimaginings of the conflicts from the original works.","https://media.retroachievements.org/Images/047933.png","https://media.retroachievements.org/Images/047665.png","https://media.retroachievements.org/Images/047666.png","https://media.retroachievements.org/Images/047667.png","4"