id,title,description,icon,boxArt,titleScreen,screenshot
228,"Super Mario World","Super Mario World is a platform game developed and published by Nintendo for the Super Nintendo Entertainment System (SNES). It was released in Japan in 1990, in North America in 1991 and PAL territories in 1992. The player controls Mario on his quest to save Princess Peach and Dinosaur Land from the series' antagonist Bowser and the Koopalings. The gameplay is similar to that of earlier Super Mario games; players control Mario through a series of levels in which the goal is to reach the goalpost at the end. Super Mario World introduces Yoshi, a ridable dinosaur who can eat enemies and spit some of them out as projectiles.","","","",""
355,"The Legend of Zelda: A Link to the Past","The Legend of Zelda: A Link to the Past is a 1991 action-adventure game developed and published by Nintendo for the Super Nintendo Entertainment System (SNES). It is the third game in The Legend of Zelda series, following 1987's Zelda II: The Adventure of Link, and is the first entry in the series to be released for the SNES.","https://media.retroachievements.org/Images/059119.png","https://media.retroachievements.org/Images/022504.png","https://media.retroachievements.org/Images/072051.png","https://media.retroachievements.org/Images/072052.png"
466,"Donkey Kong Country 2: Diddy's Kong Quest","Donkey Kong Country 2: Diddy's Kong Quest  is a 1995 platform game developed by Rare and published by Nintendo for the Super Nintendo Entertainment System (SNES). It was released on 21 November 1995 in Japan, 4 December in North America, and 14 December in Europe. It is the second installment of the Donkey Kong Country series and the sequel to Donkey Kong Country (1994).","https://media.retroachievements.org/Images/107029.png","https://media.retroachievements.org/Images/060825.png","https://media.retroachievements.org/Images/000162.png","https://media.retroachievements.org/Images/000163.png"
236,"Super Metroid","Super Metroid is a 1994 action-adventure game developed by Nintendo and Intelligent Systems and published by Nintendo for the Super Nintendo Entertainment System (SNES). It is the third Metroid game, following the Game Boy game Metroid II: Return of Samus (1991). The player controls bounty hunter Samus Aran, who travels to planet Zebes to retrieve an infant Metroid creature stolen by the Space Pirate leader Ridley.","","","",""
319,"Chrono Trigger","Chrono Trigger is a 1995 role-playing video game developed and published by Square for the Super Nintendo Entertainment System. It is the first installment of the Chrono series. The game's plot follows a group of adventurers who travel through time to prevent a global catastrophe.","https://media.retroachievements.org/Images/093950.png","https://media.retroachievements.org/Images/000222.png","https://media.retroachievements.org/Images/106517.png","https://media.retroachievements.org/Images/036180.png"
814,"Kirby Super Star","Kirby Super Star, released as Kirby's Fun Pak in PAL regions, is a 1996 anthology platform game developed by HAL Laboratory and published by Nintendo for the Super Nintendo Entertainment System. It is part of the Kirby series of video games by HAL Laboratory. The game was advertised as a compilation featuring eight games: seven short subsections with the same basic gameplay, and two minigames.","https://media.retroachievements.org/Images/076409.png","https://media.retroachievements.org/Images/003681.png","https://media.retroachievements.org/Images/004908.png","https://media.retroachievements.org/Images/004909.png"
637,"Mega Man X","Mega Man X is a series of action-platform games released by Capcom. It is a sub-series of the Mega Man franchise previously developed by the same group, with Keiji Inafune acting as one of the main staff members. The first game was released on 17 December 1993 in Japan on the Super Famicom and the following month on the Super NES in North America. Most of the sequels were ported to Microsoft Windows. The gameplay introduces new elements to the Mega Man franchise in the form of Mega Man's successor X, including his new skills and power-ups in the form of armors while retaining the ability to decide which boss to fight first. The franchise is also known for its replay value, in which certain choices and optional content can influence both gameplay and storylines, allowing the player to experience alternate scenarios.","","","",""
558,"Super Mario World 2: Yoshi's Island","Super Mario World 2: Yoshi's Island is a 1995 platform game developed and published by Nintendo for the Super Nintendo Entertainment System (SNES). The player controls Yoshi dinosaurs on their quest to reunite baby Mario with his brother Luigi, who has been kidnapped by the wizard Kamek. Yoshi runs and jumps to reach the end of the level while solving puzzles and collecting items with Mario's help.","https://media.retroachievements.org/Images/061087.png","https://media.retroachievements.org/Images/112063.png","https://media.retroachievements.org/Images/038811.png","https://media.retroachievements.org/Images/038813.png"
232,"Super Mario Kart","Super Mario Kart is a 1992 kart racing game developed and published by Nintendo for the Super Nintendo Entertainment System (SNES). The first game in the Mario Kart series, it was released in Japan on August 27, 1992, North America on September 1, 1992, the United Kingdom in October 1992, and Europe on January 21, 1993. Selling 8.76 million copies worldwide, the game went on to become the fourth best-selling SNES game of all time. Super Mario Kart was re-released on the Wii's Virtual Console in 2009, on the Wii U's Virtual Console in 2013, and on the New Nintendo 3DS's Virtual Console in 2016. Nintendo re-released Super Mario Kart in 2017 as part of the company's Super NES Classic Edition.","https://media.retroachievements.org/Images/069326.png","https://media.retroachievements.org/Images/053513.png","https://media.retroachievements.org/Images/070108.png","https://media.retroachievements.org/Images/000726.png"
471,"Super Mario RPG: Legend of the Seven Stars","Super Mario RPG: Legend of the Seven Stars is a 1996 role-playing video game developed by Square and published by Nintendo for the Super Nintendo Entertainment System (SNES). It was the final Mario game for the SNES, and was directed by Chihiro Fujioka and Yoshihiko Maekawa, produced by Shigeru Miyamoto, and scored by Yoko Shimomura.","https://media.retroachievements.org/Images/085860.png","https://media.retroachievements.org/Images/026395.png","https://media.retroachievements.org/Images/001537.png","https://media.retroachievements.org/Images/001538.png"
350,"Teenage Mutant Ninja Turtles IV: Turtles in Time","Teenage Mutant Ninja Turtles: Turtles in Time, released as Teenage Mutant Hero Turtles: Turtles in Time in Europe, is a 1991 beat 'em up game developed and published by Konami for arcades. A sequel to the original Teenage Mutant Ninja Turtles arcade game, it is a side-scrolling game based mainly on the 1987 TMNT animated series. Originally an arcade game, Turtles in Time was ported to the Super Nintendo Entertainment System in 1992 under the title Teenage Mutant Ninja Turtles IV: Turtles in Time, continuing the numbering from the earlier Turtles games released on the original NES. That same year, a game that borrowed many elements, Teenage Mutant Ninja Turtles: The Hyperstone Heist, was released for the Sega Genesis.","https://media.retroachievements.org/Images/044532.png","https://media.retroachievements.org/Images/120293.png","https://media.retroachievements.org/Images/035357.png","https://media.retroachievements.org/Images/053029.png"
264,"EarthBound","EarthBound, originally released in Japan as Mother 2: Gīgu no Gyakushū, is a 1994 role-playing video game developed by Ape Inc. and HAL Laboratory and published by Nintendo for the Super Nintendo Entertainment System. The second entry in the Mother series, it follows a young boy named Ness and his party of Paula, Jeff and Poo, as they travel the world to collect melodies from eight Sanctuaries in order to defeat the universal cosmic destroyer Giygas.","https://media.retroachievements.org/Images/100662.png","https://media.retroachievements.org/Images/001836.png","https://media.retroachievements.org/Images/002470.png","https://media.retroachievements.org/Images/002471.png"
379,"Aladdin","Aladdin is a Middle-Eastern folk tale. It is one of the best-known tales associated with One Thousand and One Nights, despite not being part of the original text; it was added by the Frenchman Antoine Galland, based on a folk tale that he heard from the Syrian storyteller Hanna Diyab.","","","",""
473,"Donkey Kong Country 3: Dixie Kong's Double Trouble!","Donkey Kong Country 3: Dixie Kong's Double Trouble!  is a 1996 platform Collectathon developed by Rare and published by Nintendo for the Super Nintendo Entertainment System (SNES). It is the third installment of the Donkey Kong Country series, and serves as a sequel to 1995's Donkey Kong Country 2: Diddy's Kong Quest. It was also re-released for the Game Boy Advance (GBA) in 2005. The game was made available to download on the Wii's Virtual Console service in 2007, as well as for the Wii U's Virtual Console in 2014.","","","",""
562,"Super Castlevania IV","Super Castlevania IV is a 1991 platform game developed and published by Konami for the Super Nintendo Entertainment System. It has been re-released multiple times, including for the Super NES Classic Edition.","","","",""
539,"Super Punch-Out!!","Super Punch-Out!! is a boxing video game developed and published by Nintendo for the Super Nintendo Entertainment System (SNES). It was released on October 24, 1994 in North America and again in the same region in 1996. It was released in the United Kingdom on February 10, 1995 for the same console and in Japan in 1998 for the Super Famicom through the Nintendo Power flash RAM cartridge series. The game is also included in the GameCube version of Fight Night Round 2 as an extra game due to the inclusion of Little Mac in the game. The game was released for the Wii's Virtual Console in Europe on March 20, 2009, in North America on March 30, 2009, and in Japan on July 7, 2009. The game was also released on the New Nintendo 3DS eShop on May 5, 2016. Nintendo re-released Super Punch-Out!! in the United States in September 2017 as part of the company's Super NES Classic Edition. It is the fourth game in the Punch-Out!! series, taking place after the Punch-Out!! game for the Nintendo Entertainment System (NES).","https://media.retroachievements.org/Images/112176.png","https://media.retroachievements.org/Images/060910.png","https://media.retroachievements.org/Images/050219.png","https://media.retroachievements.org/Images/050220.png"
648,"Street Fighter II Turbo: Hyper Fighting","Street Fighter II Turbo: Hyper Fighting, released as Street Fighter II Dash Turbo in Japan, is a 1992 fighting game developed and published by Capcom for arcades. It is the third arcade version of Street Fighter II, part of the Street Fighter franchise, following Street Fighter II: Champion Edition, and was initially released as an enhancement kit for that game. Released less than a year after the previous installment, Hyper Fighting introduced a faster playing speed and new special moves for certain characters, as well as further refinement to the character balance.","","","",""
405,"Zombies Ate My Neighbors","Zombies Ate My Neighbors is a 1993 run and gun video game developed by LucasArts and published by Konami for the Super Nintendo Entertainment System and Sega Genesis. The player controls the protagonists Zeke and Julie in order to rescue the titular neighbors from monsters often seen in horror films. Aiding them in this task are a variety of weapons and power-ups that can be used to battle the numerous enemies in each level. Various elements and aspects of horror movies are referenced in the game with some of its more violent content being censored in various territories such as Europe and Australia, where it is known only as Zombies.","https://media.retroachievements.org/Images/043812.png","https://media.retroachievements.org/Images/074446.png","https://media.retroachievements.org/Images/074447.png","https://media.retroachievements.org/Images/074448.png"
470,"Super Bomberman","Super Bomberman is a 1993 action maze video game developed by Produce! and published by Hudson Soft for the Super Nintendo Entertainment System. Part of the Bomberman series, it is the first game in the to retain the Bomberman title in Europe, instead of being renamed to Dynablaster or Eric and the Floaters.","","","",""
400,"Secret of Mana","Secret of Mana, originally released in Japan as Seiken Densetsu 2, is a 1993 action role-playing game developed and published by Square for the Super Nintendo Entertainment System. It is the sequel to the 1991 game Seiken Densetsu which was released in North America as Final Fantasy Adventure and in Europe as Mystic Quest. Secret of Mana was the first Seiken Densetsu title to be marketed as part of the Mana series rather than the Final Fantasy series. Set in a high fantasy universe, the game follows three heroes as they attempt to prevent an empire from conquering the world with the power of an ancient flying fortress.","","","",""
813,"Kirby's Dream Land 3","Kirby's Dream Land 3 is a 1997 platform game developed by HAL Laboratory and published by Nintendo for the Super Nintendo Entertainment System. Starring Kirby, it is the fifth installment in the Kirby series and the third game under the Kirby's Dream Land name. Although the first game was largely unrelated, Dream Land 3 features many similar characters to Dream Land 2. Dream Land 3 was followed by Kirby 64: The Crystal Shards in 2000.","","","",""
238,"Goof Troop","Goof-Troop is an American animated sitcom produced by Walt Disney Television Animation. The series focuses on the relationship between single-father Goofy and his son, Max, as well as their neighbor Pete and his family. Created by Robert Taylor and Michael Peraza Jr., the main-series of 65 episodes aired in first-run-syndication from 1992 to 1993 on The Disney Afternoon programming block, while an additional thirteen episodes aired on Saturday mornings on ABC. A Christmas special was also produced and aired in syndication in late 1992.","","","",""
344,"Contra III: The Alien Wars","Contra III: The Alien Wars is a 1992 run and gun video game developed and published by Konami for the Super Nintendo Entertainment System (SNES). It is the third home console entry in the Contra series after Contra (1988) and Super Contra (1990) for the Nintendo Entertainment System (NES). In PAL regions, it was retitled Super Probotector: Alien Rebels and the player characters were replaced with robots. The player is tasked with fighting off an alien invasion of Earth across six stages. Four stages feature side-scrolling action traditional to the series while two are presented from an overhead perspective. It is the first Contra title to have been directed by Nobuya Nakazato who later directed other games in the series. He designed Contra III to feature more comical elements, a more cinematic soundtrack, and tighter stage design than its predecessors.","https://media.retroachievements.org/Images/110814.png","https://media.retroachievements.org/Images/000144.png","https://media.retroachievements.org/Images/038814.png","https://media.retroachievements.org/Images/068064.png"
889,"Earthworm Jim","Earthworm Jim is a series of platform games featuring an earthworm named Jim who wears a robotic suit and battles the forces of evil. The series is noted for its platforming and shooting gameplay, surreal humor, and edgy art style. Four games were released in the series: Earthworm Jim, Earthworm Jim 2, Earthworm Jim 3D, and Earthworm Jim: Menace 2 the Galaxy, with the first game released in 1994. The series had lain dormant for almost a decade before Gameloft remade the original game in HD for PlayStation Network and Xbox Live Arcade in 2010. Interplay announced Earthworm Jim 4 in 2008; little to no information surfaced until May 2019 and August 2020, and development was believed cancelled by the rights owners by 2023, as it had never left pre-planning stages.","","","",""
469,"Mega Man 7","Mega Man 7, known in Japan as Rockman 7: Showdown of Destiny!, is a 1995 action game developed and published by Capcom for the Super Nintendo Entertainment System (SNES). It is the seventh game in the original Mega Man series. The game was released in Japan on March 24, 1995 and was localized later in the year in North America and Europe.","https://media.retroachievements.org/Images/105305.png","https://media.retroachievements.org/Images/000919.png","https://media.retroachievements.org/Images/035629.png","https://media.retroachievements.org/Images/035631.png"
629,"Mega Man X2","Mega Man X2, known as Rockman X2 (ロックマンX2) in Japan, is a 1994 platform game developed and published by Capcom for the Super Nintendo Entertainment System (SNES). The game was released in Japan on December 16, 1994, and in North America and PAL regions in 1995. It is the direct sequel to Mega Man X, released one year prior. Mega Man X2 takes place in the near future in which humans try to peacefully coexist with intelligent robots called Reploids, with some of the Reploids going Maverick and threatening daily life. The plot follows the android protagonist X, a Maverick Hunter who saved humanity from the evil Sigma six months earlier. A trio of Mavericks calling themselves the X-Hunters has arisen, intent on destroying X by luring him with body parts of his comrade Zero, who died in the conflict with Sigma's right-hand robot Vile.","","","",""
333,"Sunset Riders","Sunset Riders is a 1991 run and gun video game developed and published by Konami for arcades. It was released in North America in October 1991 and Japan in November 1991. It is set in the American Old West, where the player(s) take control of bounty hunters who are seeking the rewards offered for various criminals.","https://media.retroachievements.org/Images/052084.png","https://media.retroachievements.org/Images/032880.png","https://media.retroachievements.org/Images/035384.png","https://media.retroachievements.org/Images/032886.png"
341,"Final Fantasy VI","Final Fantasy VI, titled Final Fantasy III in its initial North American release, is a 1994 role-playing video game developed and published by Square for the Super Nintendo Entertainment System. It is the sixth main entry in the Final Fantasy series, the final to feature 2D sprite based graphics, and the first to be directed by someone other than series creator Hironobu Sakaguchi; the role was instead filled by Yoshinori Kitase and Hiroyuki Ito. Long-time collaborator Yoshitaka Amano returned as character designer and concept artist, while composer Nobuo Uematsu returned to compose the game's score, which has been released on several soundtrack albums.","","","",""
323,"Final Fight 3","Final Fight 3, released in Japan as Final Fight Tough , is a 1995 beat 'em up video game developed and published by Capcom for the Super Nintendo Entertainment System. It is the second sequel to Final Fight released for the Super NES, following Final Fight 2. Like its predecessor, it was produced by Capcom's consumer division with no preceding arcade version released.","","","",""
392,"Arkanoid: Doh It Again","Arkanoid: Doh It Again is a 1997 block breaker video game developed and published by Taito. It was first released in Japan for the Super Famicom and Windows, while Nintendo published the SNES version in Australia, North America and Europe. It is the third installment in the Arkanoid series after the original 1986 arcade game and its sequel Arkanoid: Revenge of Doh.","","","",""
270,"ActRaiser","ActRaiser is a 1990 video game developed by Quintet and published by Enix for the Super Nintendo Entertainment System. It combines traditional side-scrolling platforming and sections with city building elements. A sequel, ActRaiser 2, was released for the Super NES in 1993. In 2007, ActRaiser became available on the Wii's Virtual Console download service in Europe, North America, and Japan. A version of the game was also released for European mobile phones in 2004. A remake, Actraiser Renaissance, was released for several platforms in 2021.","","","",""
1192,"Street Fighter II: The World Warrior","Street Fighter II: The World Warrior is a 1991 fighting game developed and published by Capcom for arcades. It is the second installment in the Street Fighter series, and the sequel to 1987's Street Fighter. Designed by Yoshiki Okamoto and Akira Yasuda, who had previously worked on the game Final Fight, it is the fourteenth game to use Capcom's CP System arcade system board. Street Fighter II vastly improved many of the concepts introduced in the first game, including the use of special command-based moves, a combo system, a six-button configuration, and a wider selection of playable characters, each with a unique fighting style.","","","",""
1103,"Pocky & Rocky","Pocky & Rocky, known in Japan as Kiki Kaikai , is a scrolling shooter video game series originating with the 1986 arcade game Kiki Kaikai by Taito. The game was adapted into a series of home console games mainly developed and published by Natsume which were titled Pocky & Rocky in the West. The games follow the adventures of a young Shinto shrine maiden, Pocky, and her tanuki companion, Rocky, as they fight against monsters from Japanese mythology.","","","",""
401,"Super Star Wars","Super Star Wars is a 1992 run and gun video game based on the 1977 film Star Wars, developed by LucasArts and Sculptured Software and published by JVC Musical Industries for the Super Nintendo Entertainment System. The game features side-scrolling run and gun and platform gameplay, although it has stages which feature other challenges, such as driving a landspeeder or piloting an X-wing. It also features multiple playable characters with different abilities.","","","",""
300,"Castlevania: Dracula X","Castlevania: Dracula X, titled Castlevania: Vampire's Kiss in Europe and Akumajou Dracula XX in Japan, is a 1995 platform game developed and published by Konami for the Super Nintendo Entertainment System. It is the second Castlevania installment to be released for the Super NES. It is a remake of Castlevania: Rondo of Blood, which was previously released in Japan on the PC Engine Super CD-ROM2 in 1993. While the plot is similar to Rondo of Blood and it uses many of that game's graphics, it features new levels and altered gameplay elements, rather than being a direct port because of the limits of the Super NES cartridge format and exclusivity agreements with PC Engine maker NEC. It was released on July 21, 1995 in Japan, in September 1995 in North America, February 22, 1996 in Europe, and on June 22, 1996, in Australia. The game received mixed reviews, with journalists considering it inferior to Rondo of Blood and criticizing its high difficulty.","https://media.retroachievements.org/Images/106341.png","https://media.retroachievements.org/Images/071788.png","https://media.retroachievements.org/Images/071787.png","https://media.retroachievements.org/Images/071786.png"
1216,"Super Ghouls 'n Ghosts","Super Ghouls 'n Ghosts, known as Chō Makaimura in Japan, is a 1991 platform video game developed and published by Capcom for the Super Nintendo Entertainment System. The third installment in the Ghosts 'n Goblins series and the first not to be released for arcades, it again depicts knight Arthur saving Princess Guinevere and the kingdom from Emperor Sardius, who has cast a spell that has revived the Ghoul Realm.","","","",""
582,"Ultimate Mortal Kombat 3","Ultimate Mortal Kombat 3 is a 1995 fighting game developed and published by Midway for arcades. Part of the Mortal Kombat series, it is a standalone update of 1995's earlier Mortal Kombat 3 with an altered gameplay system and some new features, as well as additional characters like the returning favorites Reptile, Kitana, Jade and Scorpion, who were missing from Mortal Kombat 3.","","","",""
887,"E.V.O.: Search for Eden","E.V.O.: Search for Eden is a 1992 action-adventure game developed by Almanic Corporation and published by Enix for the Super NES. Combining traditional platforming mechanics with experience and leveling mechanics originating from role playing games, E.V.O.: Search for Eden involves the player navigating a creature through a number of side-scrolling levels while undergoing bodily evolution to cope with ever-changing environments. It is heavily based on Almanic's original title, 46 Okunen Monogatari ~The Shinka Ron~, released in Japan in 1990 for the PC-9801.","","","",""
1034,"Mighty Morphin Power Rangers","Mighty Morphin Power Rangers (MMPR) is an American superhero television series produced by Saban Entertainment, which aired from August 28, 1993 to November 27, 1995, on the Fox Kids programming block, lasting three seasons. The series drew elements and stock footage from Super Sentai, a Japanese television series by Toei Company. Each season was inspired by Kyoryu Sentai Zyuranger, Gosei Sentai Dairanger, and Ninja Sentai Kakuranger, respectively. The series is the first entry of the Power Rangers franchise.","","","",""
468,"Final Fight 2","Final Fight 2  is a 1993 beat 'em up game released by Capcom for the Super Nintendo Entertainment System. It is the direct sequel to the 1989 arcade game Final Fight, which was previously also released for the SNES. Final Fight 2 was developed by Capcom's consumer division with no preceding coin-op version. The game was re-released onto Wii's Virtual Console service in 2009 worldwide.","https://media.retroachievements.org/Images/101604.png","https://media.retroachievements.org/Images/125189.png","https://media.retroachievements.org/Images/001260.png","https://media.retroachievements.org/Images/028603.png"
878,"The Lion King","The Lion King is a 1994 American animated musical drama film directed by Roger Allers and Rob Minkoff, produced by Don Hahn, and written by Irene Mecchi, Jonathan Roberts, and Linda Woolverton. It was produced by Walt Disney Feature Animation, and features an ensemble voice cast consisting of Matthew Broderick, James Earl Jones, Jeremy Irons, Jonathan Taylor Thomas, Moira Kelly, Niketa Calame, Nathan Lane, Ernie Sabella, Whoopi Goldberg, Cheech Marin, Rowan Atkinson, and Robert Guillaume. The story follows a young lion prince named Simba, who is exiled from his kingdom after his father Mufasa is murdered by his uncle Scar to seize the throne. As he grows up, Simba must decide whether to return home to confront Scar and reclaim his place as king.","","","",""
351,"Star Fox","Star Fox is a rail shooter, space flight simulator, and third person action-adventure video game series created by the Japanese game designer Shigeru Miyamoto and developed and published by Nintendo. The games follow the Star Fox combat team of anthropomorphic animals, led by chief protagonist Fox McCloud. Gameplay involves missions around the Lylat planetary system in the futuristic Arwing fighter spacecraft, in other vehicles, and on foot. The original Star Fox (1993) is a forward-scrolling 3D rail shooter, but later games add more directional freedom.","","","",""
815,"Tetris Attack","Tetris Attack, also known as Panel de Pon in Japan, is a 1995 puzzle video game developed by Intelligent Systems and published by Nintendo for the Super Nintendo Entertainment System. A Game Boy version was released a year later. In the game, the player must arrange matching colored blocks in vertical or horizontal rows to clear them. The blocks steadily rise to the top of the playfield, with new blocks being added at the bottom. Several gameplay modes are present, including a time attack and multiplayer mode.","","","",""
945,"Illusion of Gaia","Illusion of Gaia, known in PAL territories as Illusion of Time, is an action role-playing video game developed by Quintet for the Super Nintendo Entertainment System. The game was released in Japan by Enix in 1993, and in North America and PAL territories by Nintendo in 1994 and 1995. Set in a fantasy reimagining of Earth, the game's plot centers on a boy named Will who is chosen to save the world from an impending disaster. Throughout the game, the player guides Will through levels inspired by the ancient ruins of real-world civilizations and Wonders of the World, including the Great Pyramid and the Great Wall of China.","","","",""
237,"Rock n' Roll Racing","Rock n' Roll Racing is a vehicular combat-based racing video game developed by Silicon & Synapse and published by Interplay Productions for the Super Nintendo Entertainment System in 1993 and the Mega Drive/Genesis in 1994. The game prominently features a number of popular heavy metal and rock songs in its soundtrack, hence the game's title. After Silicon & Synapse rebranded into Blizzard Entertainment, a port to the Game Boy Advance was released in 2003. In celebration of the company's 30th anniversary, a new version titled Definitive Edition alongside emulated re-releases of the original game were re-released for Nintendo Switch, PlayStation 4, Windows, and Xbox One as part of the Blizzard Arcade Collection in February 2021.","https://media.retroachievements.org/Images/045856.png","https://media.retroachievements.org/Images/000870.png","https://media.retroachievements.org/Images/000869.png","https://media.retroachievements.org/Images/000119.png"
1374,"Super Bomberman 4","Super Bomberman 4 is an action-party video game developed by Produce and published by Hudson Soft. It was developed for the Super Famicom, released on April 26, 1996, in Japan. Part of the Bomberman franchise, it is the fourth installment of the Super Bomberman series.","","","",""
1233,"Super Smash T.V.","Smash TV is a 1990 twin-stick shooter video game developed and published by Williams Electronics for arcades. It was designed by Eugene Jarvis and programmed by Mark Turmell, with similar gameplay to Jarvis' earlier game Robotron: 2084 (1982). The Super Nintendo Entertainment System, Sega Genesis, Master System and Game Gear versions are titled Super Smash TV.","https://media.retroachievements.org/Images/072194.png","https://media.retroachievements.org/Images/002088.png","https://media.retroachievements.org/Images/002090.png","https://media.retroachievements.org/Images/002091.png"
1168,"Soul Blazer","Soul Blazer, released in Japan as Soul Blader, is an action role-playing video game developed by Quintet and published by Enix for the Super Nintendo Entertainment System. It was released in 1992 in Japan and North America, but not released in Europe until 1994. It was not released in the United Kingdom.","","","",""
242,"Terranigma","Terranigma is a 1995 action role-playing game developed by Quintet for the Super Nintendo Entertainment System (SNES), with manga artist Kamui Fujiwara acting as the character designer. The game tells the story of the Earth's resurrection by the hands of a boy named Ark, and its progress from the evolution of life to the present day. The game is the third entry in an unofficial trilogy of action role-playing games created by Quintet, also including Soul Blazer (1992) and Illusion of Gaia (1993).","","","",""
830,"The Adventures of Batman & Robin","Batman: The Animated Series is an American animated superhero television series based on the DC Comics superhero Batman. Developed by Bruce Timm and Eric Radomski, and produced by Warner Bros. Animation, it originally aired on Fox Kids from September 5, 1992, to September 15, 1995, with a total of 85 episodes. Mid-way through the series' run, it was re-titled The Adventures of Batman & Robin.","","","",""
436,"Blackthorne","Blackthorne is a cinematic platform game developed by Blizzard Entertainment. It was released for the Super NES and MS-DOS in 1994. The cover art for the SNES version was drawn by Jim Lee. The following year, Blackthorne was released for the Sega 32X with additional content. In 2013, Blizzard released the game for free on their Battle.net PC client. In celebration of the company's 30th anniversary, Blackthorne was re-released for Nintendo Switch, PlayStation 4, Windows, and Xbox One as part of the Blizzard Arcade Collection in February 2021.","https://media.retroachievements.org/Images/045841.png","https://media.retroachievements.org/Images/004631.png","https://media.retroachievements.org/Images/030906.png","https://media.retroachievements.org/Images/030905.png"
2132,"Doom","Doom is an American media franchise created by John Carmack, John Romero, Adrian Carmack, Kevin Cloud, and Tom Hall. The series usually focuses on the exploits of an unnamed space marine operating under the auspices of the Union Aerospace Corporation (UAC), who fights hordes of demons and the undead to save Earth from an apocalyptic invasion.","","","",""
340,"Wild Guns","Wild Guns is a 1994 shooting gallery video game developed and published by Natsume Co., Ltd. for the Super Nintendo Entertainment System. Set in the Wild West with steampunk and sci-fi influences, the story follows Annie and her bounty hunter Clint, seeking revenge for the death of her family. The player controls either Annie or Clint sidestepping and jumping in the foreground while shooting down enemy robots in the background and dodging enemy bullets. These gameplay mechanics combine elements from third-person shooters and light gun games.","","","",""
500,"Super Bomberman 2","Super Bomberman 2 is a 1994 action maze video game developed by Produce! and published by Hudson Soft for the Super Nintendo Entertainment System. It is the second installment of the Super Bomberman series, part of the larger Bomberman franchise, and the only installment without a two-player story mode. The game was re-released in 2026 as part of the Super Bomberman Collection compilation.","","","",""
821,"Secret of Evermore","Secret of Evermore is an action role-playing game developed and published by Squaresoft for the Super Nintendo Entertainment System. It was released in North America on October 17, 1995, in Australia in February 1996, and in Europe in March 1996. A Japanese release was planned to follow the North American release by a few months but was ultimately cancelled.","","","",""
1143,"R-Type III: The Third Lightning","R-Type III: The Third Lightning  is a 1993 side-scrolling shooter video game developed by Tamtex and first released in Japan by Irem in 1993 for the Super Famicom and in North America and Europe in 1994 for the SNES.","https://media.retroachievements.org/Images/064800.png","https://media.retroachievements.org/Images/064805.png","https://media.retroachievements.org/Images/035364.png","https://media.retroachievements.org/Images/035365.png"
3594,"Super Bomberman 3","Super Bomberman 3 is a game released for the Super Nintendo Entertainment System in 1995. It is the third installment in the Super Bomberman series, and the third Bomberman game to be released for the system. Up to five players can play at the same time. The game was released in Japan and the PAL region, but not in North America due to the closure of Hudson Soft USA.","https://media.retroachievements.org/Images/043553.png","https://media.retroachievements.org/Images/112600.png","https://media.retroachievements.org/Images/006603.png","https://media.retroachievements.org/Images/006604.png"
1179,"Spider-Man & Venom: Maximum Carnage","Spider-Man and Venom: Maximum Carnage is a 1994 beat 'em up video game developed by Software Creations and published by Acclaim Entertainment and its subsidiary LJN for the Super Nintendo Entertainment System and Sega Genesis. The game, based on the comic book story arc of the same name, features numerous heroes, including Spider-Man, Venom, and their allies from the Marvel Comics fictional universe like Captain America, Black Cat, Iron Fist, Cloak and Dagger, Deathlok, Morbius and Firestar, all teaming up to battle an onslaught of villains led by Carnage, including Shriek, Doppelganger, Demogoblin and Carrion.","","","",""
1025,"Metal Warriors","Metal Warriors is a side-scrolling action-platform run and gun video game developed by LucasArts and published by Konami exclusively for the Super Nintendo Entertainment System in North America in April 1995. It is often confused by many to be a direct sequel to Cybernator, which was created by NCS Corporation and released earlier in 1992 on the console. Set in the year 2102 where dictator Venkar Amon has waged a war against the United Earth Government for three years, players assume the role of lieutenant Stone from the titular freedom-fighting group taking control of several mecha suits in a last-ditch effort to overthrow the Dark Axis military force on Earth. Its gameplay mainly consists of action and shooting mixed with mission-based exploration using a main seven-button configuration.","","","",""
309,"Super Street Fighter II: The New Challengers","Super Street Fighter II: The New Challengers is a 1993 fighting game developed and published by Capcom for arcades. It is the fourth game in the Street Fighter II sub-series of Street Fighter games, following Street Fighter II Turbo (1992). It refines and balances the existing character roster from the previous versions, and introduces four new characters, including Fei Long, Cammy, T. Hawk, and Dee Jay. It is the first game on Capcom's CP System II hardware, with more sophisticated graphics and audio over the original CP System hardware used in previous versions of Street Fighter II.","","","",""
279,"Killer Instinct","Killer Instinct is a series of fighting video games originally created by Rare and published by Midway, Nintendo, and later Xbox Game Studios since the remake. The original Killer Instinct was released for arcades in 1994; the game was then released for the Super NES and Game Boy in 1995. Its sequel, Killer Instinct 2, was released for arcades in 1996; the game was then released as Killer Instinct Gold for the Nintendo 64.","","","",""
1198,"Super Adventure Island","Super Adventure Island  is a 1992 platform game developed by Produce! and published by Hudson Soft for the Super Nintendo Entertainment System. It was the first Adventure Island game released for the SNES and came out between the releases of the NES games Adventure Island II and Adventure Island 3. It was later followed by Super Adventure Island II. The game's soundtrack was composed by Yuzo Koshiro.","","","",""
985,"Kirby's Avalanche","Kirby's Avalanche, known in Europe as Kirby's Ghost Trap, is a puzzle video game developed by Compile and HAL Laboratory and published by Nintendo for the Super Nintendo Entertainment System. It was released in North America and Europe in February 1995. It is a Western release of the Japanese Super Puyo Puyo featuring characters from the Kirby series. There was not a Japanese release, and the game remains the only Kirby title not released there. In Europe and Australia, the game was re-released on the Wii's Virtual Console service on July 27, 2007, and in North America on September 24, 2007. The game was re-released for the Nintendo Classics service on July 21, 2022.","","","",""
645,"Captain Commando","Captain Commando is a 1991 beat 'em up game developed and published by Capcom for arcades. It was the seventeenth game produced for the company's CP System hardware. The game stars the titular superhero, who was originally conceived as a fictional spokesman used by Capcom USA in the company's console games during the late 1980s. The game was included in Capcom Beat 'Em Up Bundle compilation title, which was released digitally for Nintendo Switch, PlayStation 4, Xbox One, and Windows in September 2018.","","","",""
593,"NBA Jam","NBA Jam is a basketball video game series based on the National Basketball Association (NBA). Initially developed as arcade games by Midway, the game found popularity with its photorealistic digitized graphics, over-the-top presentation and exaggerated style of two-on-two basketball play. The successor to Midway's Arch Rivals, the original 1993 NBA Jam allows players to jump many times above their own height, make slam dunks that defy human capabilities, and freely shove or elbow opponents out of the way without consequences. It also featured a variety of secret characters, as well as the ability to track player records and statistics between play sessions.","","","",""
1156,"SimCity","SimCity is an open-ended city-building video game franchise originally designed by Will Wright. The first game in the series, SimCity, was published by Maxis in 1989 and was followed by several sequels and many other spin-off Sim titles, including 2000's The Sims, which itself became a best-selling computer game and franchise. Maxis developed the series independently until 1997, and continued under the ownership of Electronic Arts (EA) until 2003. EA commissioned various spinoffs from other companies during the 2000s, focusing on console and mobile releases. A 2013 EA-Maxis reboot was subject to what has been described as one of the most disastrous launches in history, which may have triggered the 2015 shutdown of Maxis Emeryville and the end of the franchise.","","","",""
498,"Ninja Gaiden Trilogy","Ninja Gaiden  is an action game franchise created by Tecmo and featuring the ninja Ryu Hayabusa as its protagonist. The series was originally known as Ninja Ryukenden  in Japan. The word gaiden in the North American Ninja Gaiden title means side story in Japanese. The original arcade version, first two Nintendo Entertainment System games and Game Boy game were released as Shadow Warriors in PAL regions. As of 2008, the series had shipped over 7.7 million units worldwide.","","","",""
982,"The King of Dragons","The King of Dragons is a 1991 beat 'em up game developed and published by Capcom for arcades. It follows players as they control characters through the kingdom of Malus to defeat monsters led by the dragon Gildiss. It features a level advancement system, allowing character attributes to be upgraded as players progress through the game. The game's music was composed by Yoko Shimomura.","","","",""
385,"Animaniacs","Animaniacs is an American animated comedy television series created by animator Tom Ruegger and produced by Amblin Entertainment and Warner Bros. Television Animation. It originally aired on Fox's Fox Kids block in 1993 before moving to The WB in 1995 as part of its Kids' WB afternoon programming block until the series ended on November 14, 1998. It initially ran a total of 99 episodes, along with a direct-to-video film, Wakko's Wish.","https://media.retroachievements.org/Images/046586.png","https://media.retroachievements.org/Images/007078.png","https://media.retroachievements.org/Images/007079.png","https://media.retroachievements.org/Images/007080.png"
963,"Joe & Mac: Caveman Ninja","Joe & Mac, also known as Caveman Ninja or Caveman Ninja: Joe & Mac, is a 1991 run and gun platform game developed and published by Data East for arcades. It was later ported to the Super Nintendo Entertainment System, MS-DOS, Amiga, Nintendo Entertainment System, Game Boy, Sega Genesis and Zeebo.","","","",""
3227,"Mario no Super Picross","Mario's Super Picross is a Super Famicom sequel to Mario's Picross, and a part of Nintendo's Picross video game franchise. The game is compatible with the Super Famicom Mouse. It is developed by Jupiter and Ape and published by Nintendo.","","","",""
1444,"Super Bomberman 5: Gold Cartridge","The Super Nintendo Entertainment System has a library of 1,749 official releases, of which 717 were released in North America plus 4 championship cartridges, 532 in Europe, 1,440 in Japan, 231 on Satellaview, and 13 on SuFami Turbo. 296 releases are common to all regions, 147 were released in Japan and the US only, 165 in Europe and the US, and 27 in Japan and Europe. There are 977 Japanese exclusives, 111 US exclusives, and 35 European exclusives. The Super NES was released in North America on August 23, 1991, with its launch titles being Super Mario World, F-Zero, Pilotwings, Gradius III, and SimCity. Despite the console's relatively late start, and the fierce competition it faced in North America and Europe from Sega's Genesis/Mega Drive console, it was the best-selling console of its era.","","","",""
934,"Harvest Moon","Harvest Moon, known in Japan as Bokujō Monogatari , is a farm simulation role-playing video game developed by Amccus for the Super Nintendo Entertainment System. The game was first released in Japan by Pack-In-Video in 1996, in North America by Natsume Inc. in 1997, and in Europe by Nintendo in 1998. It is the first game in the long-running Story of Seasons series.","","","",""
286,"International Superstar Soccer Deluxe","International Superstar Soccer Deluxe, known as Jikkyou World Soccer 2: Fighting Eleven in Japan and also known as ISS Deluxe, is a football video game and the sequel to International Superstar Soccer developed and published by Konami. The Deluxe version was published first to the SNES in 1995, then the Mega Drive in 1996 and finally the PlayStation in 1997.","","","",""
292,"Knights of the Round","Knights of the Round is a 1991 beat 'em up game developed and published by Capcom for arcades. Based loosely on the legend of King Arthur and the Knights of the Round Table, the game features an action role-playing-like level advancement system, with fighters automatically being upgraded to new weapons and armor as they advance through the game. The arcade version of the game was included in the compilations Capcom Beat 'Em Up Bundle (2018) and Capcom Arcade 2nd Stadium (2022).","","","",""
867,"Cybernator","Assault Suits Valken, also known as Cybernator, is a 2D mecha action game developed by Masaya and released in 1992 for the Super Nintendo Entertainment System. The second entry in the Assault Suit series, it is a prequel to the first game, Target Earth. The game was localized and published overseas by Konami. The story follows Jake Brain who pilots a giant mecha and fights in a war engulfing the entire world.","","","",""
342,"Gradius III","Gradius III is a 1989 scrolling shooter video game developed and published by Konami for. arcades It was originally released only in Japan on December 11, 1989. It is the third game in the Gradius series. The game was ported to the Super Nintendo Entertainment System in Japan in 1990 and North America in 1991, and served as a launch title for the system in North America. The arcade version would never see the light of day in the West until it was included alongside Gradius IV in a two-in-one compilation for the PlayStation 2 and in the Gradius Collection for the PlayStation Portable.","","","",""
1032,"Mighty Morphin Power Rangers: The Fighting Edition","Mighty Morphin Power Rangers: The Fighting Edition is a 2D competitive fighting video game based on the Mighty Morphin Power Rangers television series that was released exclusively for the Super Nintendo Entertainment System developed by Natsume Co., Ltd. and published by Bandai in 1995. Unlike previous Power Rangers video games, which had the player controlling the titular heroes, the player controls their giant robots in this title. A bootleg Genesis port is known to exist, though who actually made it is currently unknown.","","","",""
409,"Hagane: The Final Conflict","Hagane: The Final Conflict is a 1994 action-platform video game developed by CAProduction and Red Entertainment and published by Hudson Soft for the Super Nintendo Entertainment System. The player takes on the role of a ninja cyborg named Hagane on his path to take revenge on an opposing ninja faction. The game combines traditional Japanese ninja and samurai aesthetics with a futuristic setting. The player has a wide variety of weapons, moves, and attacks at their disposal to defeat enemies and progress through the game. Hagane released to positive reception, and was compared favorably to classic side-scrolling action games. Reviewers praised the controls, art design, and challenge but criticized the quality of the graphics and sound.","","","",""
868,"Darius Twin","Darius Twin is a 1991 horizontally scrolling shooter video game developed and published by Taito for the Super Nintendo Entertainment System. It is part of the Darius series. It was re-released for the Wii Virtual Console in Japan on April 13, 2010 and in North America on December 13, 2010.","https://media.retroachievements.org/Images/077806.png","https://media.retroachievements.org/Images/005312.png","https://media.retroachievements.org/Images/005310.png","https://media.retroachievements.org/Images/005311.png"
647,"Mortal Kombat II","Mortal Kombat II is a 1993 fighting game developed and published by Midway for arcades. It was later ported to multiple home systems, including MS-DOS, Amiga, Game Boy, Game Gear, Sega Genesis, 32X, Sega Saturn, Super NES, and PlayStation, by Probe Software and Sculptured Software, and published by Acclaim Entertainment.","","","",""
518,"The Ninja Warriors","The Ninja Warriors is a 1987 beat 'em up video game developed and published by Taito for arcades. The original arcade game situated one display in between projected images of two other displays, creating the appearance of a triple-wide screen. Ports were released for home systems including the Amiga, Atari ST, ZX Spectrum, Commodore 64, Amstrad CPC, PC Engine, and Mega-CD.","","","",""
1049,"NBA Jam: Tournament Edition","NBA Jam is a 1993 basketball video game developed and published by Midway for arcades. It is the first entry in the NBA Jam series, and the third basketball video game released by Midway, after TV Basketball (1974) and Arch Rivals (1989). The gameplay of NBA Jam is based on Arch Rivals, which was also a 2-on-2 basketball game; however, it was the release of NBA Jam that brought mainstream success to the genre.","","","",""
467,"The Magical Quest Starring Mickey Mouse","Disney's Magical Quest is a Disney platform game trilogy released by Capcom. The games star Mickey Mouse and either Minnie Mouse or Donald Duck, who must defeat Pete. The gameplay is similar amongst all games in the series: the player must move as in a typical platform game, defeating enemies either by jumping on them or by grabbing and throwing blocks at them.","","","",""
1013,"Mario Paint","Mario Paint is a 1992 art creation video game developed by Nintendo Research & Development 1 (R&D1) and Intelligent Systems and published by Nintendo for the Super Nintendo Entertainment System. Mario Paint consists of a raster graphics editor, an animation program, a music composer, and a point and click minigame, all of which are designed to be used with the Super NES Mouse peripheral, which the game was packaged and sold with. Per its name, the game is Mario-themed, and features sprites and sound effects that are taken from or in the vein of Super Mario World.","","","",""
990,"The Legend of the Mystical Ninja","The Legend of the Mystical Ninja is a 1991 action-adventure game released by Konami for the Super Nintendo Entertainment System. It was also ported to the Game Boy Advance along with Ganbare Goemon 2: Kiteretsu Shōgun McGuiness in 2005 only in Japan.","https://media.retroachievements.org/Images/094384.png","https://media.retroachievements.org/Images/067713.png","https://media.retroachievements.org/Images/002549.png","https://media.retroachievements.org/Images/006555.png"
1270,"Tiny Toon Adventures: Buster Busts Loose!","Tiny Toon Adventures: Buster Busts Loose! is a video game for the Super NES console that is based on the animated TV series Tiny Toon Adventures. It was developed and published by Konami, released in 1992 in Japan and in 1993 in Europe and North America.","","","",""
1153,"Side Pocket","Side Pocket is a pocket billiards simulation released as an arcade video game by Data East in 1986. It was ported to the Nintendo Entertainment System and Game Boy, while an enhanced remake was later released on the Sega Genesis, Super Nintendo Entertainment System, and Game Gear. The game spawned two sequels, as well as arcade spin-off series titled Pocket Gal.","","","",""
829,"The Addams Family","The Addams Family is a fictional family created by American cartoonist Charles Addams. The Addams are an eccentric old-money clan who delight in the macabre and the grotesque and are seemingly unaware or unconcerned that other people find them bizarre or frightening. The Addams' view in seeing their family life and interests as normal was a basis for the satire and comedy. They originally appeared in a series of 150 standalone single-panel comics, about half of which were originally published in The New Yorker between 1938 and their creator's death in 1988. They have since appeared in other media, such as television, film, video games, comic books, a musical, and merchandise.","","","",""
1004,"Lufia & The Fortress of Doom","Lufia & the Fortress of Doom, known as Estpolis Denki  in Japan, is a role-playing video game developed by Neverland and published by Taito in 1993, for the Super Nintendo Entertainment System. It is the first title in the Lufia series of video games and the only game from the series released under the Taito label in North America.","","","",""
274,"U.N. Squadron","U.N. Squadron, released in Japan as Area 88, is a 1989 side-scrolling shooter video game developed and published by Capcom for arcades. It was based on the manga series of the same name, though the North American release omits all references to the manga. Their mission is to stop a terrorist group known as Project 4. It was ported to multiple platforms including the Super Nintendo Entertainment System and was followed by a spiritual successor, Carrier Air Wing.","","","",""
1405,"Dragon Quest I & II","Dragon Quest, previously published as Dragon Warrior in North America until 2005, is a series of role-playing video games created by Japanese game designer Yuji Horii, character designer Akira Toriyama, and composer Koichi Sugiyama and published by Square Enix. Since its inception, development of games in the series have been outsourced to a plethora of external companies until the tenth installment, with localized remakes and ports of later installments for the Nintendo DS, Nintendo 3DS, and Nintendo Switch being published by Nintendo outside of Japan. With its first game published in 1986, there are eleven main-series games, along with numerous spin-off games. In addition, there have been numerous manga, anime and novels published under the franchise, with nearly every game in the main series having a related adaptation.","","","",""
1328,"Wolfenstein 3D","Wolfenstein 3D is a 1992 first-person shooter game developed by id Software and published by Apogee Software and FormGen for MS-DOS. It was inspired by the 1981 Muse Software video game Castle Wolfenstein, and is the third installment in the Wolfenstein series. In Wolfenstein 3D, the player assumes the role of Allied spy William B.J. Blazkowicz during World War II as he escapes from the Nazi German prison Castle Wolfenstein and carries out a series of crucial missions against the Nazis. The player traverses each of the game's levels to find an elevator to the next level or kill a final boss, fighting Nazi soldiers, dogs, and other enemies with a knife and a variety of guns.","","","",""
1005,"Lufia II: Rise of the Sinistrals","Lufia II: Rise of the Sinistrals, known as Estpolis Denki II  in Japan, and as Lufia in Europe and Australia, is a role-playing video game with puzzle elements developed by Neverland and published in Japan in 1995 by Taito, and in North America and Europe in 1996 by Natsume and Nintendo respectively, for the Super Nintendo Entertainment System. It is the second game in the Lufia series.","","","",""
3362,"Picross NP Vol. 1","The Super Nintendo Entertainment System has a library of 1,749 official releases, of which 717 were released in North America plus 4 championship cartridges, 532 in Europe, 1,440 in Japan, 231 on Satellaview, and 13 on SuFami Turbo. 296 releases are common to all regions, 147 were released in Japan and the US only, 165 in Europe and the US, and 27 in Japan and Europe. There are 977 Japanese exclusives, 111 US exclusives, and 35 European exclusives. The Super NES was released in North America on August 23, 1991, with its launch titles being Super Mario World, F-Zero, Pilotwings, Gradius III, and SimCity. Despite the console's relatively late start, and the fierce competition it faced in North America and Europe from Sega's Genesis/Mega Drive console, it was the best-selling console of its era.","","","",""
1344,"X-Men: Mutant Apocalypse","X-Men: Mutant Apocalypse is an action game developed and published by Capcom for the Super Nintendo Entertainment System in 1994. The game is based on the X-Men comic book franchise from Marvel Comics. It was the first game Capcom released based on the franchise, released a month before the fighting game titled X-Men: Children of the Atom, also released in 1994.","","","",""
241,"Biker Mice From Mars","Biker Mice from Mars is an American animated series created by Rick Ungar. The series premiered in syndication the week of September 19, 1993. It consists of three seasons of 65 episodes, with the final episode airing in syndication the week of February 24, 1996.","","","",""
566,"Shadowrun","Shadowrun is a science fantasy tabletop role-playing game set in an alternate future in which cybernetics, magic and fantasy creatures co-exist. It combines genres of cyberpunk, urban fantasy, and crime, with occasional elements of conspiracy, horror, and detective fiction. From its inception in 1989, it has spawned a franchise that includes a series of novels, a collectible card game, two miniature-based tabletop wargames, and multiple video games.","","","",""
296,"Mickey and Donald's Magical Adventure 3","The Nintendo Entertainment System has a library of 1370 officially licensed games released during their lifespans, plus 7 official multicarts and 2 championship cartridges. Of these, 672 were released exclusively in Japan, 187 were released exclusively in North America, and 19 were released exclusively in PAL countries. Worldwide, 521 games were released.","","","",""
3438,"Rockman & Forte","Mega Man & Bass is a 1998 action game developed and published by Capcom. It is a spin-off game in the original Mega Man series, and was originally released in Japan for the Super Famicom on April 24, 1998. It was later ported to the Game Boy Advance in 2002, and released internationally the following year.","","","",""
1277,"Top Gear 2","Top Gear 2 is a racing video game developed and published by Gremlin Interactive. A direct sequel to the 1992 game Top Gear, it was first released by Kemco for the SNES in North America in September 1993, and then the Super Famicom in Japan on December 22. It was later ported to the Amiga and Amiga CD32 in September 1994 by Gremlin Interactive, and to the Sega Genesis in September by Vic Tokai. While more realistic than its predecessor, Top Gear 2 maintained the arcade-style gameplay the series is known for.","","","",""
259,"Final Fantasy II","Final Fantasy II is a 1988 role-playing video game developed and published by Square for the Family Computer as the second installment of the Final Fantasy series. It was ported to and remade for WonderSwan Color, PlayStation, Game Boy Advance, PlayStation Portable, and mobile phones. Originally exclusive to Japan, later versions were released internationally, including the 2021 Final Fantasy Pixel Remaster version. The story follows the warrior Firion and his allies as they join a rebellion against the expanding Palamecian Empire. The gameplay is similar to the original game with an overworld and dungeon exploration, but its combat design is changed to a usage-based growth system where characters' statistics increase according to how they are used or acquired.","","","",""
2374,"Clock Tower","Clock Tower is a point-and-click survival horror video game developed and published by Human Entertainment for the Super Famicom in 1995. It is the first installment in the Clock Tower series. The story follows orphan Jennifer Simpson soon after she is adopted by the Barrows family along with other orphaned girls. Shortly after arriving at the Barrows family manor, one of the other children is killed by a stalker called Scissorman. Jennifer must then explore the Barrows Mansion to find a way to escape while evading Scissorman, leading to one of the game's multiple endings. Clock Tower utilizes a point-and-click interface with the player controlling a cursor to direct Jennifer's actions.","","","",""
423,"Battletoads and Double Dragon: The Ultimate Team","Battletoads/Double Dragon is a 1993 beat 'em up developed by Rare and published by Tradewest. It was originally released for the Nintendo Entertainment System and later ported to the Mega Drive/Genesis, Super NES, and Game Boy. The SNES version was released on the Nintendo Classics service in September 2024; it was the game's first re-release as it was not released on the Rare Replay collection.","","","",""
2610,"Parodius: Non-Sense Fantasy","Parodius! From Myth to Laughter, released in Japan as Parodius Da! Shinwa kara Owarai e and outside Japan as Parodius, is a shoot 'em up arcade video game and the second title in the Parodius series produced by Konami. The European SNES, Sega Saturn and PlayStation versions are also known as Parodius: Non-Sense Fantasy. The gameplay is stylistically very similar to the Gradius series, but the graphics and music are intentionally absurd.","","","",""
390,"Ardy Lightfoot","Ardy Lightfoot is a 2D side-scrolling platform game released on the Super Nintendo Entertainment System in 1993 in Japan and 1994 in the west. It was developed by ASCII and published by Titus France in North America and Europe.","","","",""
986,"Kirby's Dream Course","Kirby's Dream Course is a 1994 miniature golf video game developed by HAL Laboratory and Nintendo EAD and published by Nintendo for the Super Nintendo Entertainment System (SNES). A spin-off of the Kirby series and the first released for the SNES, players control the pink spherical character Kirby through a series of courses by launching him towards the goal hole at the end. Kirby can hit enemies to collect power-ups that grant him unique abilities, such as those that allow him to destroy certain obstacles or fly around the level.","","","",""
2620,"Skyblazer","Skyblazer is a platform video game published by Sony Imagesoft, released in early 1994 for the Super Nintendo Entertainment System. It involves Sky, the Skyblazer hero searching for Ashura, the Lord of War, who had kidnapped the sorceress Ariana.","","","",""
1012,"Magic Sword","Magic Sword: Heroic Fantasy (マジックソード) is a 1990 hack and slash video game developed and published by Capcom for arcades. The player is cast as a hero who fights through a mystical tower to save the world. The player can use a sword, axe or magic, and can also rescue and recruit potential allies of various character classes, each with special abilities.","","","",""
352,"Final Fight Guy","Final Fight is a 1989 beat 'em up game developed and published by Capcom for arcades. It is the seventh title released for the CP System hardware. Set in the fictional Metro City, the player controls one of three street fighters: former pro wrestler and city mayor Mike Haggar, expert brawler Cody Travers, and modern-day ninja Guy. The trio set out to rescue Jessica when she is kidnapped by the Mad Gear Gang.","","","",""
424,"Battletoads in Battlemaniacs","Battletoads in Battlemaniacs is a beat 'em up platform game developed by Rare for the Super Nintendo Entertainment System. Part of the Battletoads series, the game was released in North America by Tradewest in June 1993, in Europe by Nintendo in October 1993 and in Japan by Masaya on January 7, 1994. It was also ported for the Master System and released exclusively in Brazil. It was released around the same time as Battletoads/Double Dragon, another installment in the series. The game received its first official re-release on the Nintendo Classics service on February 21, 2024, as it was not included in the Rare Replay collection for the Xbox One.","","","",""
1134,"RoboCop Versus The Terminator","RoboCop Versus The Terminator is a run and gun game released for the Sega Genesis, Super Nintendo Entertainment System, Master System, and Game Gear in 1993, with a port to the Game Boy in 1994. It is based on the 1992 four-issue comic book mini-series of the same name, which is a crossover between the RoboCop and Terminator franchises. Despite their likenesses being shown on packaging, the actors who portrayed the titular characters did not reprise their roles in this game.","","","",""
418,"Batman Forever","Batman Forever is a 1995 American superhero film based on the DC Comics character Batman by Bob Kane and Bill Finger. It is the third installment of the Batman film series, acting as a standalone sequel to Batman Returns. Directed by Joel Schumacher and produced by Tim Burton and Peter MacGregor-Scott, it stars Val Kilmer as Bruce Wayne / Batman, replacing Michael Keaton, alongside Jim Carrey, Tommy Lee Jones, Nicole Kidman, and Chris O'Donnell. The film follows Batman as he attempts to prevent the Riddler (Carrey) and Two-Face (Jones) from uncovering his secret identity and extracting information from the minds of Gotham City's residents, while at the same time navigating his feelings for psychologist Dr. Chase Meridian (Kidman) and adopting orphaned acrobat Dick Grayson (O'Donnell)—who becomes his partner and best friend, Robin.","","","",""
573,"The Great Circus Mystery Starring Mickey & Minnie","Disney's Magical Quest is a Disney platform game trilogy released by Capcom. The games star Mickey Mouse and either Minnie Mouse or Donald Duck, who must defeat Pete. The gameplay is similar amongst all games in the series: the player must move as in a typical platform game, defeating enemies either by jumping on them or by grabbing and throwing blocks at them.","","","",""
1274,"Tom and Jerry","Tom and Jerry is an American animated media franchise and series of comedy short films created in 1940 by William Hanna and Joseph Barbera. Best known for its 161 theatrical short films produced by Metro-Goldwyn-Mayer, the series centers on the rivalry between a cat named Tom and a mouse named Jerry. Many shorts also feature several recurring characters.","","","",""
605,"Street Fighter Alpha 2","Street Fighter Alpha 2, known as Street Fighter Zero 2 in Japan, Asia, South America, and Oceania, is a 1996 fighting game developed and published by Capcom for arcades. The game is the sequel to the previous year's Street Fighter Alpha: Warriors' Dreams and features a number of improvements, such as new attacks, stages, endings, and gameplay features. It was ported to the PlayStation, Sega Saturn and Super Nintendo home consoles globally in 1996, and later a Windows port. It was followed by Street Fighter Alpha 3 in 1998.","","","",""
1240,"Super Tennis","Super Tennis is a 1991 tennis video game developed by Tose and published by Tonkin House for the Super Nintendo Entertainment System. Nintendo localized the game and released it outside Japan. It utilizes mode 7 graphics.","","","",""
399,"Super Double Dragon","Super Double Dragon is a side-scrolling beat-'em-up video game released by Technōs Japan for the Super Nintendo Entertainment System in Japan in 1992. It was published by Tradewest in North America the same year and the PAL region in 1993. Super Double Dragon is the fourth console game in the Double Dragon series developed by Technōs Japan, following Double Dragon III: The Sacred Stones for the NES. The game did not have an arcade release and was made specifically for the home market.","","","",""
450,"Breath of Fire II","Breath of Fire II is a role-playing video game developed and published by Capcom. First released in 1994, the game was licensed to Laguna for European release in 1996. It is the second entry in the Breath of Fire series. It was later ported to Game Boy Advance and re-released worldwide. The game was released on Wii's Virtual Console in North America on August 27, 2007. Nintendo of Europe's website mistakenly announced it for release on July 27, 2007, but it was in fact released two weeks later, on August 10, 2007. In 2013, it was released for the Wii U Virtual Console. In 2016, it was released for the New Nintendo 3DS Virtual Console. In 2019, it was released for the Nintendo Switch SNES games library.","","","",""
268,"Toy Story","Toy Story is a 1995 American animated adventure comedy film produced by Pixar Animation Studios for Walt Disney Pictures. The first entirely computer-animated feature film, as well as the first feature film from Pixar, it was directed by John Lasseter and written by Joss Whedon, Andrew Stanton, Joel Cohen, and Alec Sokolow. The film features the voices of Tom Hanks, Tim Allen, Annie Potts, John Ratzenberger, Don Rickles, Wallace Shawn, and Jim Varney. Taking place in a world where toys come to life when humans are not present, Toy Story follows an old-fashioned pullstring cowboy doll named Woody (Hanks), and a modern space cadet action figure, Buzz Lightyear (Allen), as Woody develops jealousy towards Buzz when he becomes their owner Andy's favorite toy.","","","",""
1229,"Super R-Type","Super R-Type is a scrolling shooter video game developed and published by Irem for the Super Nintendo Entertainment System. It was released in Japan and North America in 1991, Europe in 1992, and Brazil in 1993 by Nintendo. It is a partial port of R-Type II, borrowing stages and enemies, but introducing several of its own. The game has been re-released on the Wii Virtual Console in 2008, and on the Nintendo Classics service in 2024.","","","",""
3248,"Run Saber","Run Saber is a side-scrolling action game developed by Horisoft and published by Atlus for the Super Nintendo Entertainment System. The game was released in North America on June 8, 1993, and in Europe in 1993. Run Saber features side-scrolling fighting as the two main heroes, Allen and Sheena, the Run Sabers, fight to save the planet. The gameplay is similar to Strider, Valis and some elements of Psycho Dream.","","","",""
989,"Lamborghini American Challenge","Lamborghini American Challenge is a 1992 racing video game developed and published by Titus France for the Amiga, Amstrad CPC, Atari ST, Commodore 64, MS-DOS, Super NES, Amiga CD32, and Game Boy.","","","",""
380,"Alien vs. Predator","Alien vs. Predator is a science fiction action horror media franchise created by comic book writers Randy Stradley and Chris Warner. The series is a crossover between, and part of, the larger Alien and Predator franchises, depicting the two species — Xenomorph (Alien) and Yautja (Predator) — as being in conflict with one another.","","","",""
888,"Earthworm Jim 2","Earthworm Jim 2 is a 1995 run and gun platform game. It is the sequel to Earthworm Jim, and the second and final game in the Earthworm Jim series developed by original creators Doug TenNapel, David Perry, and Shiny Entertainment. It was released in late 1995 and early 1996 depending on the region and video game console, initially for the Sega Genesis and Super Nintendo Entertainment System, before being ported to other platforms.","","","",""
7886,"Cyber Citizen Shockman Zero","Cyber Citizen Shockman Zero  is a 1997 game for the Satellaview addon for the Super Famicom. It is a side-scrolling beat-'em-up developed by Masaya and published by NCS. It is the fourth and final game in the Cyber Citizen Shockman series, and the first on the SFC. The previous entries in the series were for the PC-Engine.","","","",""
3409,"Raiden Trad","Raiden is a 1990 vertically scrolling shooter video game developed by Seibu Kaihatsu and published by Tecmo for arcades. The game's story takes place in the year 2090, when an alien species known as the Crystals invaded Earth. Players assume the roles of the Vanquish Crystal Defense pilot duo, taking control of two state of the art Fighting Thunders aircraft to defeat the Crystals and save the Earth.","","","",""
306,"Mickey Mania: The Timeless Adventures of Mickey Mouse","Mickey Mania: The Timeless Adventures of Mickey Mouse is a 1994 platform video game developed by Traveller's Tales and published by Sony Imagesoft for the Super NES, Sega Genesis, and Sega CD. In the game, the player controls Mickey Mouse, who must navigate through various side-scrolling levels, each designed and based on classic Mickey Mouse cartoons.","","","",""
1113,"Prince of Persia","Prince of Persia is a video game franchise created by Jordan Mechner. It is centered around a series of action-adventure games focused on various incarnations of the eponymous Prince, set in ancient and medieval Persia.","https://media.retroachievements.org/Images/094963.png","https://media.retroachievements.org/Images/048229.png","https://media.retroachievements.org/Images/039570.png","https://media.retroachievements.org/Images/039569.png"
1146,"Saturday Night Slam Masters","Saturday Night Slam Masters, known in Japan as Muscle Bomber: The Body Explosion, is a 1993 pro wrestling fighting game developed and published by Capcom for arcades. The game features character designs by manga artist Tetsuo Hara, famous for Fist of the North Star.","","","",""
3228,"Mario's Early Years: Fun With Letters","The Mario's Early Years! series is a trilogy of point-and-click educational games released on MS-DOS and Super Nintendo Entertainment System developed and published by The Software Toolworks under license from Nintendo. The three games consist of Fun with Letters, Fun with Numbers and Preschool Fun.","","","",""
1016,"Marvel Super Heroes: War of the Gems","Marvel Super Heroes in War of the Gems  is a 1996 beat-'em-up platform game developed by Capcom for the Super Nintendo Entertainment System, based on the events of Marvel Comics' series The Infinity Gauntlet and The Infinity War. In the game's plot, Adam Warlock calls upon Earth's greatest superheroes to seek out the Infinity Gems before they fall into the wrong hands.","","","",""
3351,"Panel de Pon","Puzzle League, known as Panel de Pon in Japan, is a series of video games published by Nintendo for its various video game consoles. The series began with Panel de Pon in Japan, named Tetris Attack in North America, and has since been adapted to many other consoles. The core gameplay of each version is the same in each game, but branding, presentation details and console-specific features have varied.","","","",""
1278,"Top Gear 3000","Top Gear 3000, later released in Japan as The Planet's Champ: TG3000 , is a racing video game developed by Gremlin Interactive and published by Kemco for the Super Nintendo Entertainment System. It is the third game in the original Top Gear trilogy, and the last in the series to be developed by Gremlin. 3000 heavily resembles the previous Top Gear 2, but is set in the distant future.","","","",""
12736,"~Hack~ Super Mario World: Learn 2 Kaizo","Kaizo Mario World, also known as Asshole Mario, is a series of three ROM hacks of the Super Nintendo Entertainment System video game Super Mario World, created by T. Takemoto. The term Kaizo Mario World is a shortened form of the title Jisaku no Kaizō Mario o Yūjin ni Play Saseru. The series was created by Takemoto for his friend R. Kiba.","","","",""
395,"Axelay","Axelay is a 1992 scrolling shooter developed and published by Konami for the Super Nintendo Entertainment System. Set in the fictional solar system Illis where an alien empire known as Armada of Annihilation invades its planets including the Earth-like Corliss (Mother), players take control of the titular D117B space fighter craft as a last resort to stop the alien invasion by recovering its lost weaponry. The gameplay mainly consist of both vertical-scrolling and horizontal-scrolling stages in the same vein as Konami's own Life Force, with players choosing three different weapon-types that increase in number as they progress through the game.","","","",""
440,"Bonkers","The Super Nintendo Entertainment System has a library of 1,749 official releases, of which 717 were released in North America plus 4 championship cartridges, 532 in Europe, 1,440 in Japan, 231 on Satellaview, and 13 on SuFami Turbo. 296 releases are common to all regions, 147 were released in Japan and the US only, 165 in Europe and the US, and 27 in Japan and Europe. There are 977 Japanese exclusives, 111 US exclusives, and 35 European exclusives. The Super NES was released in North America on August 23, 1991, with its launch titles being Super Mario World, F-Zero, Pilotwings, Gradius III, and SimCity. Despite the console's relatively late start, and the fierce competition it faced in North America and Europe from Sega's Genesis/Mega Drive console, it was the best-selling console of its era.","","","",""
3229,"Mario's Early Years: Fun With Numbers","The Mario's Early Years! series is a trilogy of point-and-click educational games released on MS-DOS and Super Nintendo Entertainment System developed and published by The Software Toolworks under license from Nintendo. The three games consist of Fun with Letters, Fun with Numbers and Preschool Fun.","","","",""
393,"Astérix & Obélix","Asterix is a French comic album series about a Gaulish village which, thanks to a magic potion that enhances strength, resists the forces of Julius Caesar's Roman Republic Army in the time after the Gallic Wars. Many adventures take the titular hero Asterix and his friend Obelix to Rome and beyond.","","","",""
929,"The Great Waldo Search","Where's Wally? The Fantastic Journey is the third Where's Wally? book, first released in 1989. In the book Wally travels to fantasy lands in search of Wizard Whitebeard's magical scrolls. The book introduces the second recurring Where's Wally character, Wizard Whitebeard. Readers are also asked for the first time to find the Wizard's scrolls.","","","",""
1386,"Final Fantasy V","Final Fantasy V is a 1992 role-playing video game developed and published by Square for the Super Famicom. It is the fifth main installment of the Final Fantasy series. The game begins as a wanderer named Bartz investigates a fallen meteor. There, he encounters several characters, one of whom reveals the danger facing the four Crystals that control the world's elements. These Crystals act as a seal on Exdeath, an evil sorcerer. Bartz and his party must keep the Crystals from being exploited by Exdeath's influence and prevent his resurgence.","","","",""
1361,"Ghost Sweeper Mikami: Joreishi wa Nice Body","The Super Nintendo Entertainment System has a library of 1,749 official releases, of which 717 were released in North America plus 4 championship cartridges, 532 in Europe, 1,440 in Japan, 231 on Satellaview, and 13 on SuFami Turbo. 296 releases are common to all regions, 147 were released in Japan and the US only, 165 in Europe and the US, and 27 in Japan and Europe. There are 977 Japanese exclusives, 111 US exclusives, and 35 European exclusives. The Super NES was released in North America on August 23, 1991, with its launch titles being Super Mario World, F-Zero, Pilotwings, Gradius III, and SimCity. Despite the console's relatively late start, and the fierce competition it faced in North America and Europe from Sega's Genesis/Mega Drive console, it was the best-selling console of its era.","","","",""
1174,"Sparkster","Sparkster  is a 1994 platform game developed and published by Konami for the Super Nintendo Entertainment System. It is the only game in the Rocket Knight series to be released on a Nintendo console, and was directed by Hideo Ueda. Sparkster is a sequel to the original Rocket Knight Adventures for the Sega Genesis, though it is a different game than the similarly titled Genesis sequel, Sparkster: Rocket Knight Adventures 2.","","","",""
9784,"~Hack~ New Super Mario World 1: The Twelve Magic Orbs","Dragon Quest, previously published as Dragon Warrior in North America until 2005, is a series of role-playing video games created by Japanese game designer Yuji Horii, character designer Akira Toriyama, and composer Koichi Sugiyama and published by Square Enix. Since its inception, development of games in the series have been outsourced to a plethora of external companies until the tenth installment, with localized remakes and ports of later installments for the Nintendo DS, Nintendo 3DS, and Nintendo Switch being published by Nintendo outside of Japan. With its first game published in 1986, there are eleven main-series games, along with numerous spin-off games. In addition, there have been numerous manga, anime and novels published under the franchise, with nearly every game in the main series having a related adaptation.","","","",""
1261,"Thomas the Tank Engine & Friends","Thomas & Friends is a British children's television series which aired from 9 October 1984 to 20 January 2021. Based on The Railway Series books by Wilbert and Christopher Awdry, the series was developed for television by Britt Allcroft. The series centers on various anthropomorphic steam locomotives as well as other vehicles living on the fictional Island of Sodor. The show was initially filmed in live action on model sets, whereas the latter half of its run was produced using CGI. Over 500 episodes were produced over the course of 24 series.","","","",""
4737,"The Firemen","The Firemen is an action video game developed and published by Human Entertainment for the Super Nintendo Entertainment System. It was first released in Japan in 1994, and then in Europe and Australia in 1995. In The Firemen, the player controls firemen who fight fires and save civilians. A sequel was released for the PlayStation in 1995 titled The Firemen 2: Pete & Danny.","","","",""
1295,"Uniracers","Uniracers is a racing game developed by DMA Design and published by Nintendo for the Super Nintendo Entertainment System in North America in December 1994 and in the PAL territories on 27 April 1995.","","","",""
366,"Addams Family Values","Addams Family Values is a 1993 American black comedy film, based on the comic strip characters created by Charles Addams. It is the sequel to The Addams Family (1991). Directed by Barry Sonnenfeld and written by Paul Rudnick, the film features most of the cast members from the original film, including Anjelica Huston, Raul Julia, Christopher Lloyd and Christina Ricci, with Joan Cusack and Carol Kane joining the cast.","","","",""
926,"Gods","A deity or god is a supernatural being considered to be sacred and worthy of worship due to having authority over some aspect of the universe and/or life. The Oxford Dictionary of English defines deity as a god or goddess, or anything revered as divine. C. Scott Littleton defines a deity as a being with powers greater than those of ordinary humans, but who interacts with humans, positively or negatively, in ways that carry humans to new levels of consciousness, beyond the grounded preoccupations of ordinary life.","","","",""
2905,"Cannon Fodder","Cannon Fodder is a series of war themed action games developed by Sensible Software, initially released as Cannon Fodder for the Amiga. Only two games in the series were created by Sensible, but were converted to most active systems at the time of release. A sequel, Cannon Fodder 2, was released in 1994 for Amiga and MS-DOS. A third game, Cannon Fodder 3, was made by a Russian developer and released in English in 2012.","","","",""
2602,"Majuuou","","","","",""
555,"Shin Kidou Senki Gundam W: Endless Duel","The Super Nintendo Entertainment System has a library of 1,749 official releases, of which 717 were released in North America plus 4 championship cartridges, 532 in Europe, 1,440 in Japan, 231 on Satellaview, and 13 on SuFami Turbo. 296 releases are common to all regions, 147 were released in Japan and the US only, 165 in Europe and the US, and 27 in Japan and Europe. There are 977 Japanese exclusives, 111 US exclusives, and 35 European exclusives. The Super NES was released in North America on August 23, 1991, with its launch titles being Super Mario World, F-Zero, Pilotwings, Gradius III, and SimCity. Despite the console's relatively late start, and the fierce competition it faced in North America and Europe from Sega's Genesis/Mega Drive console, it was the best-selling console of its era.","","","",""
1215,"Super E.D.F.: Earth Defense Force","E.D.F.: Earth Defense Force is a 1991 horizontally scrolling shooter video game developed and published by Jaleco for arcades. It was ported to the Super Nintendo Entertainment System as Super Earth Defense Force, dropping the two-player cooperative gaming mode while adding graphics and selectable weapons. The Super NES version was released in Japan on October 25, 1991, and in North America in January 1992. The Super NES version was eventually released on the Wii Virtual Console in Europe on October 29, 2010, and in 2011 for Japan on January 11, and North America on July 14. It was released on the Nintendo Classics service in September 2019.","","","",""
1244,"Super Valis IV","Valis IV is a 1991 action-platform video game originally developed by Laser Soft and published by Telenet Japan for the PC Engine CD-ROM². A vastly different version titled Super Valis IV was published in Japan by Telenet in 1992 and in North America by Atlus Software in 1993 for the Super Nintendo Entertainment System. It is the fourth and final main entry in the eponymous series. Following on the events of Valis III, Yuko became a goddess and has watched over Vecanti since Glames' defeat. The dark world prince Galgear, who lost self-control after acquiring a magical ring, broke from his fifteen-year imprisonment by the gods of Vecanti, kidnapping Valna and being pursued by troops led by Cham. Lena, a member of Cham's band, is joined by her sister Amu and the prince's father Asfal on a journey to retrieve the titular sword and defeat Galgear.","https://media.retroachievements.org/Images/027595.png","https://media.retroachievements.org/Images/001572.png","https://media.retroachievements.org/Images/035587.png","https://media.retroachievements.org/Images/035588.png"
3230,"Mario's Early Years: Preschool Fun","The Mario's Early Years! series is a trilogy of point-and-click educational games released on MS-DOS and Super Nintendo Entertainment System developed and published by The Software Toolworks under license from Nintendo. The three games consist of Fun with Letters, Fun with Numbers and Preschool Fun.","","","",""
2817,"Super Buster Bros.","Super Buster Bros., released as Super Pang outside of North America, is a cooperative two-player shooting puzzle arcade video game developed by Mitchell and released in the United States in 1990 by Capcom. It is the second game in the Pang series and was ported to the Super Nintendo Entertainment System in 1992. It is also featured in the compilations Buster Bros. Collection for the original PlayStation and Capcom Puzzle World for PlayStation Portable. It was the tenth game released for the CP System hardware.","","","",""
1037,"Monopoly","A monopoly is a market in which one person or company is the only supplier of a particular good or service. A monopoly is characterized by a lack of economic competition to produce a particular thing, a lack of viable substitute goods, and the possibility of a high monopoly price well above the seller's marginal cost that leads to a high monopoly profit. The verb monopolise or monopolize refers to the process by which a company gains the ability to raise prices or exclude competitors. In economics, a monopoly is a single seller. In law, a monopoly is a business entity that has significant market power, that is, the power to charge overly high prices, which is associated with unfair price raises. Although monopolies may be big businesses, size is not a characteristic of a monopoly. A small business may still have the power to raise prices in a small industry.","","","",""
443,"Brain Lord","Brain Lord  is an action role-playing video game developed by Produce! and published by Enix for the Super NES. It was only released in Japan and North America.","","","",""
374,"Aero the Acro-Bat","Aero the Acro-Bat is a 1993 platform video game developed by Iguana Entertainment and published by Sunsoft for the Super Nintendo Entertainment System and Sega Genesis. Aero the Acro-Bat, a red anthropomorphic bat, was created by David Siller. In 2002, Metro 3D released a version of the game for the Game Boy Advance, with a battery back-up. The GBA version was titled Aero The Acro-Bat - Rascal Rival Revenge in Europe and Acrobat Kid in Japan. The Super NES version of the game was released on the Wii's Virtual Console in the PAL region and North America in July 2010. In 2024, the Super NES version was re-released in August for Nintendo Switch, PlayStation 4, PlayStation 5, Xbox One, and Xbox Series X/S, alongside a new localization in Japanese made by Shinyuden as Aero: Acrobat Kid for the Nintendo Switch users in Japan, while the GBA version was re-released for the same platforms in November.","","","",""
1391,"Trials of Mana","Trials of Mana, also known by its Japanese title Seiken Densetsu 3, is a 1995 action role-playing game developed and published by Square for the Super Famicom. It is the sequel to the 1993 game Secret of Mana, and is the third installment in the Mana series. Set in a high fantasy world, the game follows three heroes as they attempt to claim the legendary Mana Sword and prevent the Benevodons from being unleashed and destroying the world. It features three main plotlines and six different possible main characters, each with their own storylines, and allows two players to play simultaneously. Trials of Mana builds on the gameplay of its predecessor with multiple enhancements, including the use of a time progression system with transitions from day to night and weekday to weekday in game time, and a wide range of character classes to choose from, which provides each character with an exclusive set of skills and status progression.","","","",""
1150,"Shaq-Fu","Shaq Fu is a 1994 fighting game developed by Delphine Software International and published by Electronic Arts for the Sega Genesis and Super Nintendo Entertainment System. Versions for the Game Gear, Game Boy, and Amiga followed in 1995. Professional basketball player Shaquille O'Neal is the player character.","","","",""
1099,"Pitfall: The Mayan Adventure","Pitfall: The Mayan Adventure is a 1994 action-platform video game developed by Activision in conjunction with Kroyer Films. The fourth installment in the Pitfall! franchise, players assume the role of Pitfall Harry Jr. as he embarks on a journey through the Mayan jungles of Central America in an attempt to rescue Pitfall Harry, his father and the protagonist of previous entries in the series, from the evil Mayan warrior spirit Zakelua. Its gameplay mainly consists of action and platforming mixed with stage-based exploration using a main six-button configuration.","","","",""
1158,"The Simpsons: Bart's Nightmare","The Simpsons: Bart's Nightmare is a 1992 platform video game based on the animated television series The Simpsons. Developed by Sculptured Software and published by Acclaim Entertainment, it was first released for the Super Nintendo Entertainment System in 1992, followed by the Sega Genesis in 1993. The first half of the game follows Bart Simpson as he tries to find his missing homework pages in order to escape a bizarre dream world, while the second half consists of minigames.","","","",""
9790,"Dr. Mario","Dr. Mario is a 1990 puzzle video game developed and published by Nintendo for the Nintendo Entertainment System and Game Boy. A spin-off of the Mario series, it is a falling block puzzle game in which the player's objective is to destroy the viruses populating the on-screen playing field by using colored capsules that are automatically tossed into the field by Dr. Mario. The player manipulates the falling capsules, to align the same colors, which destroys viruses. The player progresses through the game by eliminating all the viruses on the screen in each level. The game was produced by Gunpei Yokoi and programmed by Takahiro Harada, with the soundtrack composed by Hirokazu Tanaka.","","","",""
3234,"The Mask","The Mask is a 1995 side-scrolling action video game developed and published by THQ subsidiary Black Pearl Software for the Super Nintendo Entertainment System which is based on the film of the same name. The film, in turn, was loosely based on the Dark Horse comic book series of the same name.","https://media.retroachievements.org/Images/121441.png","https://media.retroachievements.org/Images/007194.png","https://media.retroachievements.org/Images/035578.png","https://media.retroachievements.org/Images/035579.png"
412,"Barbie: Super Model","Barbie: Super Model is a one or two-player educational action video game that allows the player to play as Barbie. It was released for the Genesis, Super NES, and MS-DOS in 1993.","","","",""
16121,"~Hack~ New Super Mario World 2: Around the World","Super Mario Kart is a 1992 kart racing game developed and published by Nintendo for the Super Nintendo Entertainment System (SNES). The first game in the Mario Kart series, it was released in Japan on August 27, 1992, North America on September 1, 1992, the United Kingdom in October 1992, and Europe on January 21, 1993. Selling 8.76 million copies worldwide, the game went on to become the fourth best-selling SNES game of all time. Super Mario Kart was re-released on the Wii's Virtual Console in 2009, on the Wii U's Virtual Console in 2013, and on the New Nintendo 3DS's Virtual Console in 2016. Nintendo re-released Super Mario Kart in 2017 as part of the company's Super NES Classic Edition.","","","",""
967,"Judge Dredd","Judge Joseph Dredd is a fictional character created by writer John Wagner and artist Carlos Ezquerra. He first appeared in the second issue of the British weekly anthology comic 2000 AD (1977). He is the magazine's longest-running character, and in 1990 he got his own title, the Judge Dredd Megazine. He also appears in a number of film and video game adaptations.","","","",""
993,"Lemmings","A lemming is a small rodent, usually found in or near the Arctic in tundra biomes. Lemmings form the subfamily Arvicolinae together with voles and muskrats, which form part of the superfamily Muroidea, which also includes rats, mice, hamsters and gerbils. A longstanding myth claims that they exhibit herd mentality and jump off cliffs, committing mass suicide.","","","",""
2345,"~Hack~ The Legend of Zelda: Parallel Worlds","A fan game is a video game that is created by fans of a certain topic or IP. They are usually based on one, or in some cases several, video game entries or franchises. Many fan games attempt to clone or remake the original game's design, gameplay, and characters, but it is equally common for fans to develop a unique game using another as a template. Though the quality of fan games has always varied, recent advances in computer technology and in available tools, e.g. through open source software, have made creating high-quality games easier. Fan games can be seen as user-generated content, as part of the retrogaming phenomena, and as expression of the remix culture.","","","",""
3374,"The Pirates of Dark Water","The Pirates of Dark Water is an American fantasy animated television series created by David Kirschner and produced by Hanna-Barbera. It premiered as a five-part miniseries on Fox Kids in early 1991 titled Dark Water. The first season, consisting of 13 episodes including the original five-part miniseries, aired on ABC from September to December 1991. A second season, consisting of eight episodes, aired in syndication in the United States from 1992 to 1993.","","","",""
1302,"Ys III: Wanderers from Ys","Ys III: Wanderers from Ys is a 1989 action role-playing game developed by Nihon Falcom. It is the third game in the Ys series.","","","",""
8702,"Strike Gunner S.T.G","Strike Gunner S.T.G (エス・ティー・ジー) is a 1991 vertically scrolling shooter arcade game developed by Athena and published by Tecmo.","","","",""
949,"Inspector Gadget","Inspector Gadget is a media franchise that began in 1983 with the DIC Entertainment animated television series Inspector Gadget. Since the original series, there have been many spin-offs based on the show, including additional animated series, video games, and films.","","","",""
940,"Hook","A hook is a tool consisting of a length of material, typically metal, that contains a portion that is curved/bent back or has a deeply grooved indentation, which serves to grab, latch or in any way attach itself onto another object. The hook's design allows traction forces to be relayed through the curved/indented portion to and from the proximal end of the hook, which is either a straight shaft or a ring for attachment to a thread, rope or chain, providing a reversible attachment between two objects.","","","",""
627,"Dragon: The Bruce Lee Story","Dragon: The Bruce Lee Story is a 1993 American biographical drama film directed by Rob Cohen. The film stars Jason Scott Lee, with a supporting cast including Lauren Holly, Nancy Kwan, and Robert Wagner. The film follows the life of actor and martial artist Bruce Lee (Jason) from his relocation to the United States from Hong Kong to his career as a martial arts teacher, and then as a television and film actor. It also focuses on the relationship between Bruce and his wife Linda, and the racism to which Bruce was subjected.","","","",""
1392,"Star Ocean","Star Ocean is a franchise of science fantasy Action role-playing video games developed by the Japanese company tri-Ace and published by Square Enix.","https://media.retroachievements.org/Images/064813.png","https://media.retroachievements.org/Images/101305.png","https://media.retroachievements.org/Images/003573.png","https://media.retroachievements.org/Images/003575.png"
1424,"Super Star Wars: The Empire Strikes Back","Super Star Wars: The Empire Strikes Back, also known as Super Empire Strikes Back, is a 1993 action video game developed by LucasArts and Sculptured Software and published by JVC Musical Industries for the Super Nintendo Entertainment System. It is based on the 1980 film The Empire Strikes Back and is the sequel to Super Star Wars. The game was followed by a sequel, Super Star Wars: Return of the Jedi in 1994. Unlike its predecessor, Nintendo was not involved in its publishing. The game was re-released on the Wii's Virtual Console in North America on August 24, 2009 and in the PAL regions on October 2, 2009, alongside the other games in the Super Star Wars series.","","","",""
1210,"Super Bowling","Super Bowling (スーパーボウリング) is a 1992 sports video game for the Super NES and the Nintendo 64. It was developed by KID and published by Athena, originally only for the SNES. It was later picked up by American Technōs and UFO Interactive and released for the N64 in 1999.","","","",""
1102,"Pocky & Rocky 2","Pocky & Rocky 2, released in Japan as Kiki Kaikai: Tsukiyo Soushi , is a shoot 'em up video game developed and published by Natsume Co., Ltd. in Japan, published by Natsume Inc. in North America, and published in PAL regions by Ocean Software for the Super NES video game console. It is the sequel to Pocky & Rocky.","","","",""
429,"Beethoven's 2nd","The Symphony No. 2 in D major, Op. 36, is a symphony in four movements written by Ludwig van Beethoven between 1801 and 1802. The work is dedicated to Karl Alois, Prince Lichnowsky.","","","",""
8463,"~Hack~ Mega Man X3: Zero Project","Mega Man X is a series of action-platform games released by Capcom. It is a sub-series of the Mega Man franchise previously developed by the same group, with Keiji Inafune acting as one of the main staff members. The first game was released on 17 December 1993 in Japan on the Super Famicom and the following month on the Super NES in North America. Most of the sequels were ported to Microsoft Windows. The gameplay introduces new elements to the Mega Man franchise in the form of Mega Man's successor X, including his new skills and power-ups in the form of armors while retaining the ability to decide which boss to fight first. The franchise is also known for its replay value, in which certain choices and optional content can influence both gameplay and storylines, allowing the player to experience alternate scenarios.","","","",""
2865,"~Hack~ A Plumber For All Seasons","Super Mario Bros. is a 1985 platform game developed and published by Nintendo for the Nintendo Entertainment System (NES). Directed and produced by Shigeru Miyamoto, it is the successor to the 1983 arcade game Mario Bros. and the first game in the Super Mario series. Players control Mario, or his brother Luigi in the multiplayer mode, to traverse the Mushroom Kingdom to rescue Princess Toadstool from King Koopa. They traverse side-scrolling stages while avoiding hazards such as enemies and pits and collecting power-ups such as the Super Mushroom, Fire Flower, and Starman.","","","",""
1346,"Yoshi's Cookie","Yoshi's Cookie is a 1992 tile-matching puzzle video game developed by Tose and published by Nintendo for the NES and Game Boy platforms in 1992. A Super NES version was released the following year, developed and published by Bullet-Proof Software.","","","",""
3808,"Super Off Road","Ivan 'Ironman' Stewart's Super Off Road is a 1989 racing video game developed and published by Leland Corporation for arcades. It was designed and managed by John Morgan, who was also lead programmer, and endorsed by professional off-road racer Ivan Stewart. Virgin Games produced several home computer versions in 1990, with a version for the Nintendo Entertainment System released by Leland's Tradewest subsidiary the same year. It was followed by versions for most major home consoles, including the Master System, Sega Genesis, and Super Nintendo Entertainment System. A port for the Atari Jaguar was announced but never released. Some ports lack the Ivan Stewart branding because of licensing issues, and are known simply as Super Off Road.","","","",""
6231,"Dragon Quest III: Soshite Densetsu e...","Dragon Quest III: The Seeds of Salvation, titled Dragon Warrior III when initially localized to North America, is a 1988 role-playing video game developed by Chunsoft and published by Enix. It is the third installment in the Dragon Quest series and was first released for the Family Computer (Famicom) in Japan and later for the Nintendo Entertainment System (NES) in North America. The game saw an enhanced remake for the Super Famicom in 1996 and the Game Boy Color in 2001, and a port to mobile phones and the Wii in 2009 and 2011. A version of the game for Android and iOS was released in Japan on September 25, 2014, and worldwide as Dragon Quest III: The Seeds of Salvation on December 4, 2014. It was the first time the game was given an official English subtitle. Later in 2021, another remake of the game titled Dragon Quest III HD-2D Remake, based on the HD-2D graphical style of Octopath Traveler (2018), was announced during the franchise's 35th anniversary livestream. The remake was released on November 14th, 2024 for Nintendo Switch, PlayStation 5, Windows, and Xbox Series consoles.","https://media.retroachievements.org/Images/067893.png","https://media.retroachievements.org/Images/008405.png","https://media.retroachievements.org/Images/008395.png","https://media.retroachievements.org/Images/015363.png"
1353,"Pinocchio","Pinocchio is a fictional character and the protagonist of the children's novel The Adventures of Pinocchio (1881) by Italian writer Carlo Collodi of Florence, Tuscany. Pinocchio was carved by a poor man named Geppetto in a Tuscan village. He is created as a wooden puppet, but he dreams of becoming a real boy. He is known for his long nose, which grows when he lies.","","","",""
968,"The Jungle Book","The Jungle Book is an 1894 collection of stories by the English author Rudyard Kipling. Most of the characters are animals such as Shere Khan the tiger and Baloo the bear, though a principal character is the boy or man-cub Mowgli, who is raised in the jungle by wolves. Most stories are set in a forest in India; one place mentioned repeatedly is Seeonee (Seoni), in the central state of Madhya Pradesh.","","","",""
1213,"Super Chase H.Q.","Super Chase H.Q. is a 1992 arcade racing game developed and published by Taito. It is the third release in the Chase H.Q. series, and the sequel to Special Criminal Investigation. After the initial release in Japanese arcades under the title Super Chase: Criminal Termination, it was re-released in North America in 1993 for the Super Nintendo.","","","",""
1354,"Tiny Toon Adventures: Wacky Sports Challenge","Tiny Toon Adventures: Wacky Sports Challenge is a sports video game. The game was released in 1994 for the Super Nintendo Entertainment System and developed and published by Konami. It is based on the American children’s television series, Tiny Toon Adventures. It is one of the few SNES games to feature an SNES Multitap as a useable controller.","","","",""
1040,"Mr. Do!","Mr. Do! is a 1982 maze video game developed by Universal. It is the first arcade video game to be released as a conversion kit for other cabinets; Taito published the conversion kit in Japan. The game was inspired by Namco's Dig Dug, released earlier in 1982. Mr. Do! was a commercial success in Japan and North America, selling 30,000 arcade units in the US, and it was followed by several arcade sequels.","","","",""
1180,"Venom and Spider-Man: Separation Anxiety","The Super Nintendo Entertainment System has a library of 1,749 official releases, of which 717 were released in North America plus 4 championship cartridges, 532 in Europe, 1,440 in Japan, 231 on Satellaview, and 13 on SuFami Turbo. 296 releases are common to all regions, 147 were released in Japan and the US only, 165 in Europe and the US, and 27 in Japan and Europe. There are 977 Japanese exclusives, 111 US exclusives, and 35 European exclusives. The Super NES was released in North America on August 23, 1991, with its launch titles being Super Mario World, F-Zero, Pilotwings, Gradius III, and SimCity. Despite the console's relatively late start, and the fierce competition it faced in North America and Europe from Sega's Genesis/Mega Drive console, it was the best-selling console of its era.","","","",""
3226,"Mario is Missing!","Mario Is Missing! is a 1993 educational game developed and published by The Software Toolworks for MS-DOS, Nintendo Entertainment System, and Super Nintendo Entertainment System, later released on Macintosh in 1994. The player controls Luigi, who must travel around the world to find and return stolen treasures as part of a quest to locate his brother, Mario, who has been captured by Bowser. Mario Is Missing!, part of a series of educational Mario games, was Luigi's second starring role in a video game, following the 1990 Game Watch game Luigi's Hammer Toss and preceding the 2001 GameCube game Luigi's Mansion.","","","",""
3363,"Picross NP Vol. 2","The Super Nintendo Entertainment System has a library of 1,749 official releases, of which 717 were released in North America plus 4 championship cartridges, 532 in Europe, 1,440 in Japan, 231 on Satellaview, and 13 on SuFami Turbo. 296 releases are common to all regions, 147 were released in Japan and the US only, 165 in Europe and the US, and 27 in Japan and Europe. There are 977 Japanese exclusives, 111 US exclusives, and 35 European exclusives. The Super NES was released in North America on August 23, 1991, with its launch titles being Super Mario World, F-Zero, Pilotwings, Gradius III, and SimCity. Despite the console's relatively late start, and the fierce competition it faced in North America and Europe from Sega's Genesis/Mega Drive console, it was the best-selling console of its era.","","","",""
3166,"Krusty's Super Fun House","Krusty's Fun House, also known as Krusty's Super Fun House is a 1992 puzzle video game based on the animated sitcom The Simpsons. It was developed by Audiogenic and published by Acclaim Entertainment for the Nintendo Entertainment System (NES), Super Nintendo Entertainment System (SNES), Sega Genesis, Master System, Game Gear, and Game Boy; versions for the Amiga and MS-DOS computers were released by Virgin Games. In the game, players control Krusty the Clown as they attempt to exterminate all rats in the various levels, using objects to create a path for the rats towards the machine.","","","",""
1197,"Super Adventure Island II","Super Adventure Island II  is a platform video game released by Hudson Soft for the Super NES in 1994 in North America, with subsequent releases in Japan and Europe following in 1995. Unlike most of the previous games, it is a platformer with action-adventure elements that encourages exploration, similar to the later Wonder Boy games.","","","",""
911,"Firepower 2000","Super SWIV is a top-down shoot 'em up released for the Super Nintendo Entertainment System in 1992. It was released as Mega SWIV on the Mega Drive in 1995. It is the sequel to the 1991 game SWIV. It was followed by SWIV 3D in 1996.","","","",""
8249,"~Hack~ Donkey Kong Country: Competition Edition [10 Minutes]","Donkey Kong is a video game series and media franchise created by the Japanese game designer Shigeru Miyamoto for Nintendo. It follows the adventures of Donkey Kong, a large, powerful gorilla, and other members of the Kong family of apes. Donkey Kong games include the original arcade game trilogy by Nintendo R&D1; the Donkey Kong Country series by Rare and Retro Studios; and the Mario vs. Donkey Kong series by Nintendo Software Technology. Various studios have developed spin-offs in genres such as edutainment, puzzle, racing, and rhythm. The franchise also incorporates animation, printed media, theme parks, and merchandise.","","","",""
1287,"The Twisted Tales of Spike McFang","The Twisted Tales of Spike McFang  is an action role-playing video game developed by Red Company for the Super Nintendo Entertainment System. It was released by Naxat Soft in Japan and by Bullet-Proof Software in North America. The game is the sequel to the TurboGrafx-16 game Makai Prince Dorabotchan, which was only released in Japan. The characters also appeared in the Japanese Super Naxat Open golf game for Super Famicom.","","","",""
3206,"Magic Knight Rayearth","Magic Knight Rayearth  is a Japanese manga series written and illustrated by Clamp. Appearing as a serial in the manga magazine Nakayoshi from the November 1993 issue to the February 1995 issue, the chapters of Magic Knight Rayearth were collected into three bound volumes by Kodansha. They were published from July 1994 to March 1995. A sequel was serialized in the same manga magazine from the March 1995 issue to the April 1996 issue. It was published by Kodansha in three bound volumes from July 1995 to April 1996.","","","",""